employee_id,signing_bonus,salary,degree_level,sex,yrs_experience,boss_id,dept,level,total_managed,level_graph,total_managed_graph,predicted_salary,residual
138719,0,273000.0,Master,M,2,43602,engineering,IC,0,IC,0,225404.836709512,47595.16329048801
3192,0,301000.0,Bachelor,F,1,87847,sales,IC,0,IC,0,190803.3928173758,110196.6071826242
114657,0,261000.0,Master,F,2,180854,sales,IC,0,IC,0,192912.71319514548,68087.28680485452
29039,0,86000.0,High_School,F,4,88370,HR,IC,0,IC,0,77198.66979097077,8801.330209029227
118607,0,126000.0,Bachelor,F,3,23565,sales,IC,0,IC,0,194461.09812463698,-68461.09812463698
91334,0,221000.0,PhD,F,2,62990,sales,IC,0,IC,0,202419.4707253329,18580.52927466709
101901,1,194000.0,PhD,M,12,7558,engineering,MM,6,MM,6,213785.6296828309,-19785.629682830913
171111,1,119000.0,Master,F,1,30468,engineering,IC,0,IC,0,248653.7440354666,-129653.7440354666
23443,1,217000.0,PhD,M,8,130585,sales,IC,0,IC,0,166527.71478660288,50472.28521339712
24195,0,230000.0,Master,M,4,1050,engineering,IC,0,IC,0,241830.84919374806,-11830.849193748058
184295,0,218000.0,PhD,M,5,18627,marketing,IC,0,IC,0,203274.43239263128,14725.567607368721
153551,0,232000.0,PhD,M,10,47755,sales,MM,9,MM,9,191842.94085175454,40157.05914824546
104709,0,320000.0,PhD,M,6,94683,marketing,IC,0,IC,0,199498.14193409026,120501.85806590974
175864,0,394000.0,Master,M,5,110091,engineering,IC,0,IC,0,241342.61319268073,152657.38680731927
113738,1,204000.0,Bachelor,M,4,112643,sales,IC,0,IC,0,200945.03521904073,3054.9647809592716
23737,0,76000.0,Bachelor,F,13,198893,HR,MM,17,MM,17,89554.06060606062,-13554.060606060622
27476,0,358000.0,Bachelor,F,3,56451,sales,IC,0,IC,0,194461.09812463698,163538.90187536302
25181,0,171000.0,PhD,M,2,154381,sales,IC,0,IC,0,201356.5442201449,-30356.54422014489
98520,0,300000.0,Master,M,7,70434,marketing,MM,20,MM,20,263668.8173196901,36331.182680309925
78629,0,187000.0,PhD,M,6,46997,sales,IC,0,IC,0,194022.9025924341,-7022.902592434111
161480,0,287000.0,PhD,M,3,80728,engineering,IC,0,IC,0,244594.82101961187,42405.178980388126
32443,0,73000.0,High_School,M,3,183283,HR,IC,0,IC,0,86712.65576828775,-13712.655768287746
37097,0,196000.0,Bachelor,M,3,192145,sales,IC,0,IC,0,194528.5959929,1471.4040071000054
121956,0,281000.0,High_School,F,3,85791,sales,IC,0,IC,0,191417.9608666185,89582.0391333815
186463,1,82000.0,Master,M,1,154891,engineering,IC,0,IC,0,250966.59465767271,-168966.59465767271
186082,0,343000.0,PhD,M,1,175365,marketing,IC,0,IC,0,195577.15476246577,147422.84523753423
72481,0,160000.0,Master,M,7,182116,sales,IC,0,IC,0,189796.9743375098,-29796.974337509804
195194,1,88000.0,High_School,F,1,39460,HR,IC,0,IC,0,92385.18359065363,-4385.183590653629
161633,0,90000.0,PhD,F,5,43937,HR,IC,0,IC,0,81307.52954187465,8692.470458125346
121680,0,64000.0,High_School,M,3,54315,sales,IC,0,IC,0,193926.29331709526,-129926.29331709526
189061,0,387000.0,High_School,M,7,116750,engineering,IC,0,IC,0,269143.55240585585,117856.44759414415
28915,1,122000.0,PhD,M,4,18939,sales,IC,0,IC,0,200154.16277634335,-78154.16277634335
96249,0,345000.0,PhD,M,4,8856,marketing,IC,0,IC,0,210382.93359964158,134617.06640035842
76886,1,234000.0,Bachelor,M,5,153291,sales,IC,0,IC,0,199879.9083933267,34120.09160667329
66641,0,204000.0,PhD,M,1,198814,marketing,IC,0,IC,0,195577.15476246577,8422.845237534231
129610,0,113000.0,Bachelor,M,3,156927,marketing,IC,0,IC,0,195837.03111956886,-82837.03111956886
88697,0,139000.0,Bachelor,M,1,180924,marketing,IC,0,IC,0,195298.98660263894,-56298.986602638935
33686,0,192000.0,Bachelor,F,2,181219,marketing,IC,0,IC,0,195854.82935350726,-3854.829353507259
198880,1,219000.0,Master,M,5,175593,sales,IC,0,IC,0,193689.60735178352,25310.392648216482
45482,1,110000.0,PhD,M,4,85717,sales,IC,0,IC,0,200154.16277634335,-90154.16277634335
77317,1,135000.0,Bachelor,M,1,116774,engineering,IC,0,IC,0,241459.58846692662,-106459.58846692662
15460,0,185000.0,Master,M,1,97878,sales,IC,0,IC,0,198051.2011472294,-13051.20114722941
134371,0,239000.0,Master,F,8,103448,sales,IC,0,IC,0,178531.48602784384,60468.51397215616
66892,0,137000.0,High_School,F,2,195165,engineering,IC,0,IC,0,249980.76471078486,-112980.76471078486
166336,0,119000.0,Bachelor,M,1,11275,marketing,IC,0,IC,0,195298.98660263894,-76298.98660263894
181529,1,232000.0,High_School,F,5,177805,marketing,IC,0,IC,0,190859.94475447174,41140.05524552826
64364,0,313000.0,Master,M,5,12877,engineering,IC,0,IC,0,241342.61319268073,71657.38680731927
114955,0,309000.0,Master,F,1,64750,engineering,IC,0,IC,0,251201.8322477962,57798.16775220379
18742,0,109000.0,Master,F,1,139278,HR,IC,0,IC,0,82364.56846565497,26635.43153434503
132916,1,252000.0,High_School,M,3,69379,sales,IC,0,IC,0,184716.40600900303,67283.59399099697
76511,0,342000.0,Bachelor,M,3,144219,engineering,IC,0,IC,0,244492.12806626968,97507.87193373032
184214,0,146000.0,Bachelor,M,3,39417,engineering,IC,0,IC,0,244492.12806626968,-98492.12806626968
10786,0,86000.0,Bachelor,M,10,165426,HR,MM,12,MM,12,79214.2595438561,6785.740456143903
114682,1,215000.0,Master,M,4,160169,sales,IC,0,IC,0,193172.76047413386,21827.23952586614
86656,0,302000.0,Bachelor,M,7,53109,sales,IC,0,IC,0,194389.89332323067,107610.10667676933
90984,1,363000.0,Master,M,4,29547,engineering,IC,0,IC,0,235272.1286071889,127727.8713928111
133819,0,322000.0,Bachelor,M,2,63077,sales,IC,0,IC,0,196776.30656462905,125223.69343537095
110797,0,361000.0,High_School,M,3,147249,engineering,IC,0,IC,0,251988.4772456092,109011.52275439081
198020,1,111000.0,High_School,F,1,177495,HR,IC,0,IC,0,92385.18359065363,18614.81640934637
39347,0,265000.0,High_School,M,4,66692,sales,IC,0,IC,0,192668.28755272523,72331.71244727477
55947,1,234000.0,Bachelor,F,1,176415,engineering,IC,0,IC,0,217588.1074776503,16411.89252234969
81158,1,183000.0,High_School,M,5,26757,marketing,IC,0,IC,0,182313.43331827148,686.5666817285237
115423,0,97000.0,Bachelor,M,1,141317,sales,IC,0,IC,0,179465.38885958475,-82465.38885958475
137829,0,201000.0,High_School,M,7,191649,sales,IC,0,IC,0,187723.0207662197,13276.979233780294
91575,0,64000.0,Bachelor,M,3,199950,HR,IC,0,IC,0,77553.46065381975,-13553.460653819755
187053,0,97000.0,Master,M,5,194121,engineering,MM,13,MM,13,209997.02249125973,-112997.02249125973
142391,1,86000.0,Bachelor,M,3,53677,HR,IC,0,IC,0,83567.77820499761,2432.2217950023914
56162,0,60000.0,High_School,F,1,21086,HR,IC,0,IC,0,84206.1973205254,-24206.197320525403
196011,1,165000.0,Bachelor,M,2,189222,engineering,IC,0,IC,0,242862.72183744767,-77862.72183744767
179787,1,125000.0,Master,M,4,18939,sales,IC,0,IC,0,193172.76047413386,-68172.76047413386
172787,0,141000.0,PhD,M,7,78215,sales,IC,0,IC,0,195867.84805352206,-54867.84805352206
57693,1,317000.0,PhD,M,3,69728,engineering,D,33,D,33,285162.7511052166,31837.248894783377
7227,0,192000.0,Bachelor,M,9,90237,sales,IC,0,IC,0,177275.39610331308,14724.603896686924
33814,0,95000.0,PhD,M,16,190801,engineering,D,62,D,62,160394.29853479852,-65394.29853479852
48247,0,98000.0,High_School,F,1,81421,HR,IC,0,IC,0,84206.1973205254,13793.802679474597
185330,1,320000.0,PhD,M,3,144928,sales,IC,0,IC,0,182782.6484747099,137217.3515252901
45652,0,128000.0,Bachelor,F,1,190566,marketing,IC,0,IC,0,216750.62192916207,-88750.62192916207
112245,1,274000.0,PhD,F,9,47755,sales,MM,11,MM,11,194354.7113736952,79645.2886263048
55269,0,99000.0,Bachelor,M,2,109254,sales,IC,0,IC,0,196776.30656462905,-97776.30656462905
95838,0,64000.0,Bachelor,F,7,10786,HR,IC,0,IC,0,79025.13326882306,-15025.133268823061
8711,0,250000.0,PhD,M,10,24489,marketing,MM,22,MM,22,200715.32882426653,49284.67117573347
21150,1,184000.0,Master,F,3,29960,marketing,IC,0,IC,0,173192.14355952016,10807.856440479838
65584,0,152000.0,High_School,M,5,19424,engineering,IC,0,IC,0,243781.76916131607,-91781.76916131607
178821,0,174000.0,PhD,M,7,50761,marketing,IC,0,IC,0,200395.53867977747,-26395.53867977747
198314,0,62000.0,Bachelor,M,2,9239,sales,IC,0,IC,0,196776.30656462905,-134776.30656462905
89494,1,228000.0,Master,F,4,186086,engineering,IC,0,IC,0,254657.44241884115,-26657.44241884115
76056,1,212000.0,PhD,M,7,112245,sales,IC,0,IC,0,197845.63862374052,14154.361376259476
174654,0,94000.0,PhD,F,5,56316,sales,IC,0,IC,0,201521.88967796802,-107521.88967796802
6417,0,88000.0,Bachelor,M,2,67522,sales,IC,0,IC,0,196776.30656462905,-108776.30656462905
149135,0,91000.0,Bachelor,M,8,119481,engineering,MM,19,MM,19,160927.79423343952,-69927.79423343952
120912,0,95000.0,High_School,M,6,51923,HR,IC,0,IC,0,77257.7937290835,17742.206270916504
14736,0,95000.0,PhD,M,3,172948,HR,IC,0,IC,0,82709.4195275736,12290.580472426402
53438,1,279000.0,PhD,M,5,74264,marketing,IC,0,IC,0,198245.7378544605,80754.26214553951
142155,0,366000.0,PhD,M,1,128511,engineering,IC,0,IC,0,245381.45541854406,120618.54458145594
1791,0,95000.0,Bachelor,F,10,99397,HR,MM,7,MM,7,85938.88210076779,9061.11789923221
56244,0,86000.0,PhD,F,6,167188,HR,IC,0,IC,0,80224.81814815088,5775.18185184912
87999,0,362000.0,High_School,M,1,167877,sales,IC,0,IC,0,186739.580228817,175260.419771183
9036,1,283000.0,Bachelor,M,1,198531,sales,IC,0,IC,0,180018.0883550749,102981.9116449251
34510,0,232000.0,PhD,M,4,32572,marketing,IC,0,IC,0,210382.93359964158,21617.066400358424
175786,0,66000.0,PhD,F,7,181781,HR,IC,0,IC,0,77724.75714311065,-11724.757143110648
148355,0,198000.0,Master,F,2,63077,sales,IC,0,IC,0,192912.71319514548,5087.286804854521
120086,0,262000.0,High_School,M,3,134048,sales,IC,0,IC,0,193926.29331709526,68073.70668290474
112523,0,82000.0,PhD,F,2,754,HR,IC,0,IC,0,81889.77770686249,110.2222931375145
43986,0,66000.0,Master,F,5,184885,HR,IC,0,IC,0,83499.17048362638,-17499.17048362638
128528,0,83000.0,PhD,F,1,742,HR,IC,0,IC,0,87076.16641899414,-4076.1664189941366
148564,0,316000.0,Bachelor,M,3,66306,engineering,IC,0,IC,0,244492.12806626968,71507.87193373032
68881,0,69000.0,Master,F,3,164501,HR,IC,0,IC,0,83947.66681572703,-14947.666815727032
98619,1,317000.0,PhD,M,3,60489,marketing,IC,0,IC,0,184507.95041214005,132492.04958785995
136229,0,155000.0,Bachelor,M,5,181421,sales,IC,0,IC,0,195038.08580704563,-40038.08580704563
194889,0,183000.0,Bachelor,M,5,167877,sales,IC,0,IC,0,195038.08580704563,-12038.08580704563
9059,1,72000.0,Bachelor,M,2,79237,marketing,IC,0,IC,0,188339.52808760988,-116339.52808760988
73211,1,386000.0,PhD,M,7,183045,engineering,IC,0,IC,0,230586.0962906435,155413.9037093565
133465,1,62000.0,High_School,M,5,178954,engineering,IC,0,IC,0,236496.90072376418,-174496.90072376418
99319,0,217000.0,High_School,M,2,12679,sales,IC,0,IC,0,195986.4498613001,21013.55013869991
196484,0,106000.0,PhD,M,19,176424,marketing,D,63,D,63,177254.15027586796,-71254.15027586796
26635,0,123000.0,Master,M,9,65126,marketing,IC,0,IC,0,170486.68528871535,-47486.68528871535
194871,0,192000.0,High_School,M,5,149135,engineering,IC,0,IC,0,243781.76916131607,-51781.76916131607
134474,0,95000.0,PhD,F,8,35499,sales,IC,0,IC,0,161003.0578689844,-66003.05786898441
23100,1,136000.0,PhD,M,11,132307,engineering,MM,6,MM,6,196737.17113107012,-60737.17113107012
19961,1,391000.0,High_School,F,2,101901,engineering,IC,0,IC,0,174840.34102302935,216159.65897697065
72338,0,247000.0,Master,F,3,132283,engineering,IC,0,IC,0,238133.50270656022,8866.497293439781
194169,1,92000.0,Master,M,3,169231,sales,IC,0,IC,0,188351.1977603531,-96351.1977603531
47487,1,122000.0,PhD,M,2,1610,engineering,IC,0,IC,0,237027.23882378358,-115027.23882378358
16959,0,150000.0,Bachelor,F,7,160289,sales,IC,0,IC,0,202931.0713209912,-52931.07132099121
70361,0,376000.0,Master,M,3,113566,engineering,IC,0,IC,0,244073.52979870792,131926.47020129208
97248,0,70000.0,High_School,F,4,55636,HR,IC,0,IC,0,77198.66979097077,-7198.669790970773
85273,1,159000.0,Bachelor,M,2,8711,marketing,IC,0,IC,0,188339.52808760988,-29339.528087609884
192719,0,225000.0,High_School,M,2,29960,marketing,IC,0,IC,0,195512.34328319496,29487.65671680504
45301,0,224000.0,PhD,F,1,11275,marketing,IC,0,IC,0,167799.52370018433,56200.476299815666
1285,0,333000.0,Bachelor,M,2,122197,engineering,IC,0,IC,0,238810.46474319053,94189.53525680947
140206,0,265000.0,Master,F,6,27704,sales,IC,0,IC,0,195325.24825658792,69674.75174341208
141079,0,283000.0,Bachelor,M,14,119481,engineering,MM,13,MM,13,289760.80432058836,-6760.804320588359
69274,0,117000.0,Bachelor,M,1,73893,sales,IC,0,IC,0,179465.38885958475,-62465.38885958475
154782,0,106000.0,High_School,M,3,25805,sales,IC,0,IC,0,193926.29331709526,-87926.29331709526
7469,1,74000.0,High_School,F,1,144928,sales,IC,0,IC,0,175018.73009809814,-101018.73009809814
120216,1,249000.0,High_School,M,3,127544,sales,IC,0,IC,0,184716.40600900303,64283.593990996975
111447,0,177000.0,PhD,M,1,8663,sales,IC,0,IC,0,198908.11730505654,-21908.11730505654
103466,1,214000.0,Master,M,3,191454,marketing,IC,0,IC,0,189367.86484762578,24632.13515237422
88007,0,275000.0,Master,F,13,154897,sales,MM,13,MM,13,248578.68549464812,26421.314505351882
29419,0,168000.0,Bachelor,F,1,98520,marketing,IC,0,IC,0,216750.62192916207,-48750.621929162065
60609,0,128000.0,Bachelor,F,3,94454,sales,MM,6,MM,6,172154.98769049332,-44154.98769049332
112433,0,62000.0,PhD,F,1,23737,HR,IC,0,IC,0,87076.16641899414,-25076.166418994137
126976,0,80000.0,PhD,F,2,197896,HR,IC,0,IC,0,81889.77770686249,-1889.7777068624855
163892,0,121000.0,High_School,M,1,132399,sales,IC,0,IC,0,186739.580228817,-65739.58022881701
178923,1,352000.0,Master,M,3,141079,engineering,IC,0,IC,0,243469.85093906373,108530.14906093627
104966,1,292000.0,PhD,M,4,148236,sales,IC,0,IC,0,200154.16277634335,91845.83722365665
93962,1,175000.0,Bachelor,M,7,87330,engineering,IC,0,IC,0,261589.3707799731,-86589.3707799731
147679,0,194000.0,High_School,M,4,73982,sales,IC,0,IC,0,192668.28755272523,1331.7124472747673
81577,0,146000.0,Master,F,2,191649,sales,IC,0,IC,0,192912.71319514548,-46912.71319514548
136040,0,167000.0,Master,F,4,93223,engineering,IC,0,IC,0,241976.73593625068,-74976.73593625068
193600,1,80000.0,PhD,F,6,23737,HR,IC,0,IC,0,77847.0876667548,2152.9123332452
189420,0,317000.0,PhD,M,2,69200,sales,IC,0,IC,0,201356.5442201449,115643.45577985511
17670,1,303000.0,High_School,F,4,29547,engineering,IC,0,IC,0,238515.7137547707,64484.286245229305
165978,1,261000.0,High_School,M,5,73489,sales,IC,0,IC,0,196471.22445234368,64528.77554765632
102210,0,163000.0,Bachelor,M,1,8182,sales,IC,0,IC,0,179465.38885958475,-16465.388859584753
113028,0,87000.0,High_School,F,4,172541,HR,IC,0,IC,0,77198.66979097077,9801.330209029227
77923,0,70000.0,Master,F,7,183283,HR,IC,0,IC,0,80817.69872504385,-10817.698725043854
142275,0,349000.0,PhD,F,4,51288,engineering,IC,0,IC,0,246324.63278111335,102675.36721888665
195540,0,205000.0,Master,M,4,147106,sales,IC,0,IC,0,194695.32052053208,10304.679479467915
68486,0,87000.0,Master,F,5,172541,HR,IC,0,IC,0,83499.17048362638,3500.8295163736184
41080,0,115000.0,Master,F,11,77851,sales,MM,8,MM,8,175751.19694622455,-60751.19694622455
88335,0,149000.0,Bachelor,M,1,65883,marketing,IC,0,IC,0,195298.98660263894,-46298.986602638935
61136,0,226000.0,High_School,F,6,112643,sales,IC,0,IC,0,197100.5741972499,28899.425802750106
175361,0,234000.0,Bachelor,M,14,100942,sales,MM,17,MM,17,204738.84990061066,29261.150099389342
59052,0,79000.0,PhD,F,3,29733,HR,IC,0,IC,0,83843.8873054549,-4843.887305454904
173017,0,116000.0,High_School,M,4,164501,HR,IC,0,IC,0,87030.10157120656,28969.898428793444
112097,0,83000.0,Master,F,1,4384,HR,IC,0,IC,0,82364.56846565497,635.4315343450289
152964,0,133000.0,PhD,M,3,29712,engineering,IC,0,IC,0,244594.82101961187,-111594.82101961187
93073,1,215000.0,High_School,M,6,107547,sales,IC,0,IC,0,193059.48051434927,21940.51948565073
82835,0,184000.0,Master,M,1,96420,sales,IC,0,IC,0,198051.2011472294,-14051.20114722941
190004,1,322000.0,PhD,F,1,196660,sales,IC,0,IC,0,177727.6568266361,144272.3431733639
35114,0,68000.0,Master,M,6,92585,marketing,IC,0,IC,0,190104.69597924425,-122104.69597924425
153735,1,262000.0,Bachelor,M,3,76073,engineering,IC,0,IC,0,238207.9962027491,23792.003797250887
80661,0,177000.0,High_School,F,2,170431,marketing,IC,0,IC,0,191544.59382960657,-14544.593829606572
125799,1,386000.0,Bachelor,M,4,132683,engineering,IC,0,IC,0,243628.2627138922,142371.7372861078
78200,0,79000.0,High_School,F,7,39460,HR,IC,0,IC,0,77144.22122359608,1855.778776403924
172717,0,70000.0,High_School,F,11,41533,HR,MM,7,MM,7,74779.08799533799,-4779.087995337992
123040,1,174000.0,Master,M,1,110091,engineering,IC,0,IC,0,250966.59465767271,-76966.59465767271
178134,1,284000.0,Master,F,1,55858,engineering,IC,0,IC,0,248653.7440354666,35346.2559645334
182996,0,307000.0,Master,M,4,32510,sales,MM,13,MM,13,225533.96238795572,81466.03761204428
124589,0,61000.0,High_School,F,2,126515,HR,IC,0,IC,0,84827.81499972833,-23827.814999728333
104569,1,251000.0,High_School,M,2,134048,sales,IC,0,IC,0,197187.20652557365,53812.79347442635
172566,0,61000.0,High_School,F,4,31063,HR,IC,0,IC,0,77198.66979097077,-16198.669790970773
5743,0,111000.0,PhD,M,12,49727,sales,MM,17,MM,17,163103.35570919316,-52103.35570919316
74062,1,397000.0,PhD,M,33,110464,marketing,VP,308,VP,308,365574.70588235295,31425.29411764705
23759,0,93000.0,Bachelor,F,3,92210,sales,IC,0,IC,0,194461.09812463698,-101461.09812463698
98855,1,342000.0,Bachelor,M,3,177166,engineering,IC,0,IC,0,238207.9962027491,103792.00379725089
56376,1,358000.0,PhD,M,2,67522,sales,IC,0,IC,0,191180.20114872733,166819.79885127267
8288,1,243000.0,Master,F,1,26468,engineering,IC,0,IC,0,248653.7440354666,-5653.744035466603
85717,0,92000.0,Bachelor,F,8,47127,sales,MM,8,MM,8,162763.52438779458,-70763.52438779458
61234,0,70000.0,Master,M,2,15768,HR,IC,0,IC,0,75830.80845334244,-5830.808453342441
102684,0,86000.0,Master,F,2,92713,sales,MM,7,MM,7,149500.4273175776,-63500.42731757759
156075,1,253000.0,Master,M,3,176415,engineering,IC,0,IC,0,243469.85093906373,9530.149060936266
160618,0,161000.0,PhD,M,6,83356,sales,MM,19,MM,19,205800.71989766898,-44800.71989766898
22316,1,156000.0,Master,M,5,166729,marketing,IC,0,IC,0,191923.89872502946,-35923.89872502946
126031,0,265000.0,Bachelor,M,2,70406,marketing,IC,0,IC,0,196739.27564649528,68260.72435350472
127788,0,227000.0,High_School,M,6,186283,engineering,IC,0,IC,0,264491.40438673896,-37491.404386738956
153290,0,234000.0,PhD,M,1,102815,sales,IC,0,IC,0,198908.11730505654,35091.88269494346
128120,0,123000.0,High_School,M,1,100373,HR,IC,0,IC,0,91327.03513976384,31672.964860236156
137270,0,87000.0,Master,M,4,180006,HR,IC,0,IC,0,85034.65160610934,1965.3483938906575
123270,0,264000.0,Bachelor,M,3,147642,sales,IC,0,IC,0,194528.5959929,69471.4040071
66090,1,349000.0,Master,M,20,34280,sales,D,35,D,35,287891.36504086276,61108.63495913724
135015,0,83000.0,Bachelor,F,8,171499,engineering,IC,0,IC,0,152096.57302851192,-69096.57302851192
12028,1,225000.0,Bachelor,M,1,87613,engineering,IC,0,IC,0,241459.58846692662,-16459.588466926623
121294,0,126000.0,Master,F,3,77844,sales,IC,0,IC,0,191260.8810195265,-65260.88101952651
46026,1,103000.0,Bachelor,F,3,125114,HR,IC,0,IC,0,76970.02324908353,26029.976750916467
78743,0,203000.0,High_School,M,2,4421,sales,IC,0,IC,0,195986.4498613001,7013.550138699909
162877,0,126000.0,Master,M,6,199282,marketing,IC,0,IC,0,190104.69597924425,-64104.69597924425
173465,0,63000.0,Bachelor,F,1,175548,HR,IC,0,IC,0,77771.4712925606,-14771.4712925606
55493,0,251000.0,Master,M,4,102815,sales,IC,0,IC,0,194695.32052053208,56304.679479467915
52651,1,143000.0,PhD,F,1,128511,engineering,IC,0,IC,0,263712.13522253255,-120712.13522253255
173786,1,188000.0,Bachelor,F,2,12679,sales,IC,0,IC,0,192222.09002881806,-4222.090028818056
11627,0,141000.0,High_School,M,8,147783,sales,IC,0,IC,0,166056.7556451473,-25056.755645147292
80889,0,90000.0,Bachelor,F,5,165442,sales,IC,0,IC,0,201703.6417993344,-111703.64179933441
159070,0,66000.0,PhD,F,2,189742,HR,IC,0,IC,0,81889.77770686249,-15889.777706862486
72655,0,202000.0,Master,M,2,78874,sales,IC,0,IC,0,196044.60399481485,5955.396005185146
120750,0,164000.0,Master,M,1,167877,sales,IC,0,IC,0,198051.2011472294,-34051.20114722941
79637,0,91000.0,Bachelor,M,7,51923,HR,IC,0,IC,0,78143.12642095941,12856.873579040592
32193,1,177000.0,PhD,M,4,12877,engineering,IC,0,IC,0,236378.21786726158,-59378.217867261585
134874,0,136000.0,Bachelor,M,4,91124,sales,IC,0,IC,0,193264.55968086384,-57264.55968086384
139720,0,116000.0,PhD,M,4,74264,marketing,IC,0,IC,0,210382.93359964158,-94382.93359964158
144872,0,117000.0,Master,M,6,183283,HR,IC,0,IC,0,79333.42563341424,37666.57436658576
108164,1,236000.0,PhD,M,4,32510,sales,MM,14,MM,14,198017.08717406192,37982.91282593808
41811,0,251000.0,Bachelor,M,2,116119,marketing,IC,0,IC,0,196739.27564649528,54260.72435350472
94871,1,185000.0,PhD,M,4,160476,sales,IC,0,IC,0,200154.16277634335,-15154.16277634335
51549,1,175000.0,Bachelor,M,6,199184,sales,IC,0,IC,0,198291.83614469276,-23291.83614469276
161037,0,70000.0,Master,F,9,174009,HR,IC,0,IC,0,72985.08865315282,-2985.088653152823
163049,0,260000.0,Bachelor,F,13,56068,sales,D,37,D,37,233014.93923143233,26985.060768567666
177283,0,102000.0,Bachelor,F,1,160289,sales,IC,0,IC,0,190803.3928173758,-88803.3928173758
21566,1,204000.0,PhD,M,3,41080,sales,IC,0,IC,0,182782.6484747099,21217.351525290112
34520,0,219000.0,Master,F,3,16073,marketing,IC,0,IC,0,191708.4988256018,27291.501174398203
66792,0,287000.0,Bachelor,F,2,52525,engineering,IC,0,IC,0,241425.92290671106,45574.07709328894
109934,0,141000.0,Master,F,2,180924,marketing,IC,0,IC,0,190948.4877860469,-49948.4877860469
5448,1,171000.0,PhD,M,1,130585,sales,IC,0,IC,0,193940.69232599234,-22940.692325992335
34837,0,311000.0,Bachelor,M,3,21470,marketing,IC,0,IC,0,195837.03111956886,115162.96888043114
3157,1,154000.0,PhD,F,1,98520,marketing,IC,0,IC,0,183636.80504243038,-29636.80504243038
2112,1,332000.0,Bachelor,M,2,78516,sales,IC,0,IC,0,198429.69040148894,133570.30959851106
149037,0,72000.0,PhD,M,1,11507,HR,IC,0,IC,0,77565.84484314994,-5565.844843149942
195820,0,194000.0,High_School,M,5,186086,engineering,IC,0,IC,0,243781.76916131607,-49781.76916131607
51827,0,228000.0,PhD,F,1,16510,sales,IC,0,IC,0,184864.59303542023,43135.40696457977
163751,0,221000.0,Bachelor,F,3,57316,sales,IC,0,IC,0,194461.09812463698,26538.901875363023
168564,0,160000.0,PhD,M,9,8665,sales,MM,14,MM,14,160988.43747794963,-988.4374779496284
188215,0,132000.0,Bachelor,M,4,77556,HR,IC,0,IC,0,85853.00043622433,46146.999563775666
3802,1,122000.0,PhD,F,15,133795,engineering,D,44,D,44,171334.33333333337,-49334.33333333337
131620,1,236000.0,Master,M,9,40475,sales,MM,9,MM,9,221553.08139492891,14446.918605071085
180925,1,255000.0,Bachelor,M,9,141808,sales,MM,12,MM,12,213844.74729542513,41155.25270457487
77311,1,267000.0,Master,M,3,168342,engineering,IC,0,IC,0,243469.85093906373,23530.149060936266
144949,1,238000.0,Bachelor,F,1,47618,marketing,IC,0,IC,0,200189.67771152535,37810.32228847465
21387,0,248000.0,Master,M,3,168905,engineering,IC,0,IC,0,244073.52979870792,3926.470201292075
90566,0,190000.0,PhD,F,4,66591,sales,IC,0,IC,0,200837.55383701346,-10837.55383701346
26839,1,223000.0,Bachelor,M,2,181787,marketing,IC,0,IC,0,188339.52808760988,34660.471912390116
19746,0,170000.0,PhD,F,4,76135,marketing,IC,0,IC,0,215242.36812769604,-45242.36812769604
50427,1,182000.0,PhD,M,1,132283,engineering,IC,0,IC,0,238639.5918970931,-56639.59189709311
81853,0,77000.0,Bachelor,F,3,61517,HR,IC,0,IC,0,83591.34611794354,-6591.34611794354
56110,1,360000.0,Master,M,2,30640,engineering,IC,0,IC,0,233296.97305636574,126703.02694363426
173360,0,295000.0,Bachelor,M,6,81811,sales,IC,0,IC,0,193558.3030501584,101441.6969498416
94392,0,394000.0,Master,M,3,39417,engineering,IC,0,IC,0,244073.52979870792,149926.47020129208
133570,0,260000.0,Bachelor,F,3,147249,engineering,IC,0,IC,0,259876.0519044494,123.948095550586
136398,0,61000.0,Master,F,3,180006,HR,IC,0,IC,0,83947.66681572703,-22947.666815727032
55476,1,76000.0,Bachelor,M,11,82419,marketing,MM,8,MM,8,201041.7350399483,-125041.73503994831
176610,0,92000.0,PhD,F,4,142276,HR,IC,0,IC,0,82462.33964853613,9537.66035146387
55160,1,260000.0,Master,F,2,27781,marketing,IC,0,IC,0,173888.25401291758,86111.74598708242
144675,0,262000.0,Bachelor,M,1,181219,marketing,IC,0,IC,0,195298.98660263894,66701.01339736106
91088,1,185000.0,Master,M,3,193518,sales,IC,0,IC,0,188351.1977603531,-3351.1977603530977
106770,0,181000.0,Master,M,2,156927,marketing,IC,0,IC,0,189747.8553120937,-8747.855312093714
169231,0,162000.0,PhD,M,5,164851,sales,MM,10,MM,10,196221.3688254729,-34221.36882547289
25934,1,282000.0,Bachelor,M,2,154285,engineering,MM,12,MM,12,276840.07064943237,5159.929350567632
157239,0,322000.0,PhD,F,4,180854,sales,IC,0,IC,0,200837.55383701346,121162.44616298654
16619,0,178000.0,Bachelor,M,3,57316,sales,IC,0,IC,0,194528.5959929,-16528.595992899995
13924,0,86000.0,High_School,F,1,64087,HR,IC,0,IC,0,84206.1973205254,1793.8026794745965
161070,1,154000.0,High_School,M,1,90237,sales,IC,0,IC,0,182145.5554433057,-28145.555443305697
121293,1,201000.0,Bachelor,M,1,167389,sales,IC,0,IC,0,180018.0883550749,20981.9116449251
45128,1,220000.0,Master,F,1,89837,marketing,IC,0,IC,0,153071.42070149296,66928.57929850704
160557,0,219000.0,Bachelor,M,2,69345,sales,IC,0,IC,0,196776.30656462905,22223.69343537095
7118,0,244000.0,Master,M,2,95169,sales,IC,0,IC,0,196044.60399481485,47955.396005185146
120037,0,160000.0,Master,M,2,38308,marketing,IC,0,IC,0,189747.8553120937,-29747.855312093714
71532,0,252000.0,PhD,M,6,109308,marketing,D,56,D,56,226675.30939613612,25324.690603863884
158723,0,134000.0,PhD,F,1,180037,sales,IC,0,IC,0,184864.59303542023,-50864.59303542023
6670,1,376000.0,Bachelor,F,1,67931,engineering,IC,0,IC,0,217588.1074776503,158411.8925223497
43386,1,241000.0,PhD,M,4,113189,sales,IC,0,IC,0,200154.16277634335,40845.83722365665
98047,0,93000.0,High_School,M,5,178314,marketing,IC,0,IC,0,190498.8311588766,-97498.8311588766
100144,0,160000.0,Master,M,2,94611,engineering,IC,0,IC,0,225404.836709512,-65404.83670951199
104432,0,242000.0,High_School,F,1,144401,sales,IC,0,IC,0,184712.4239725275,57287.5760274725
164347,1,297000.0,Master,M,4,153551,sales,IC,0,IC,0,193172.76047413386,103827.23952586614
81227,0,93000.0,PhD,M,3,29733,HR,IC,0,IC,0,82709.4195275736,10290.580472426402
187469,0,145000.0,Bachelor,M,5,152960,sales,IC,0,IC,0,195038.08580704563,-50038.08580704563
100883,0,225000.0,Bachelor,F,3,180037,sales,IC,0,IC,0,194461.09812463698,30538.901875363023
86703,0,122000.0,Master,M,2,158888,sales,IC,0,IC,0,196044.60399481485,-74044.60399481485
81363,0,208000.0,Bachelor,M,3,4440,marketing,IC,0,IC,0,195837.03111956886,12162.968880431144
99414,0,162000.0,Bachelor,M,1,181219,marketing,IC,0,IC,0,195298.98660263894,-33298.986602638935
92314,1,98000.0,Bachelor,F,3,80043,HR,IC,0,IC,0,76970.02324908353,21029.976750916467
163884,0,232000.0,Bachelor,F,1,12679,sales,IC,0,IC,0,190803.3928173758,41196.6071826242
87379,0,174000.0,Bachelor,M,19,176367,engineering,D,39,D,39,264219.7619047619,-90219.7619047619
46653,1,343000.0,PhD,M,4,34134,sales,IC,0,IC,0,200154.16277634335,142845.83722365665
5282,0,267000.0,Bachelor,M,5,32248,sales,MM,17,MM,17,245588.19941896916,21411.80058103084
40494,0,107000.0,PhD,F,2,150189,HR,IC,0,IC,0,81889.77770686249,25110.222293137514
191083,1,68000.0,PhD,M,4,37154,marketing,MM,10,MM,10,203921.80794281603,-135921.80794281603
27731,0,321000.0,Bachelor,M,3,73034,engineering,IC,0,IC,0,244492.12806626968,76507.87193373032
198910,0,376000.0,Master,M,2,82698,sales,IC,0,IC,0,196044.60399481485,179955.39600518515
65522,0,204000.0,Master,M,4,34051,sales,D,41,D,41,229327.6106471844,-25327.610647184396
114858,1,278000.0,PhD,M,9,189222,engineering,IC,0,IC,0,270063.0477243361,7936.952275663905
10492,0,199000.0,Bachelor,M,2,198531,sales,IC,0,IC,0,196776.30656462905,2223.693435370951
118909,0,165000.0,PhD,M,3,5374,sales,IC,0,IC,0,197202.7515403313,-32202.751540331286
159906,0,105000.0,Bachelor,M,2,65174,sales,MM,14,MM,14,162896.52831129648,-57896.52831129648
117052,0,337000.0,Bachelor,F,3,48742,engineering,IC,0,IC,0,259876.0519044494,77123.94809555059
35357,0,231000.0,Master,M,8,81811,sales,IC,0,IC,0,182806.4628018026,48193.53719819739
27293,0,169000.0,Bachelor,M,4,56451,sales,IC,0,IC,0,193264.55968086384,-24264.559680863837
145164,0,292000.0,PhD,M,3,19424,engineering,IC,0,IC,0,244594.82101961187,47405.178980388126
175253,0,192000.0,Master,M,5,148260,marketing,IC,0,IC,0,192239.89997562923,-239.89997562923236
144365,1,243000.0,PhD,M,2,41335,engineering,IC,0,IC,0,237027.23882378358,5972.761176216416
43243,0,261000.0,Master,F,1,193763,engineering,IC,0,IC,0,251201.8322477962,9798.167752203793
51121,0,110000.0,High_School,F,5,59566,HR,MM,22,MM,22,77385.85294117646,32614.14705882354
4264,0,200000.0,Master,F,1,82463,marketing,IC,0,IC,0,191328.91733028728,8671.08266971272
165620,0,240000.0,Master,M,2,55481,engineering,IC,0,IC,0,225404.836709512,14595.16329048801
197158,0,88000.0,Master,F,3,175548,HR,IC,0,IC,0,83947.66681572703,4052.3331842729676
16708,0,155000.0,PhD,M,3,33266,marketing,IC,0,IC,0,204409.410789578,-49409.41078957799
18676,0,277000.0,Bachelor,M,1,147642,sales,IC,0,IC,0,179465.38885958475,97534.61114041525
66023,1,361000.0,Bachelor,M,1,102102,sales,IC,0,IC,0,180018.0883550749,180981.9116449251
174580,1,120000.0,PhD,M,3,194078,marketing,IC,0,IC,0,184507.95041214005,-64507.95041214005
134816,0,148000.0,High_School,F,1,52796,sales,IC,0,IC,0,184712.4239725275,-36712.4239725275
37407,0,387000.0,High_School,M,2,7255,engineering,IC,0,IC,0,226878.35789292358,160121.64210707642
177876,0,164000.0,Bachelor,M,4,175558,engineering,IC,0,IC,0,245313.12529643642,-81313.12529643642
174478,0,182000.0,PhD,F,6,64452,sales,IC,0,IC,0,194169.18557509538,-12169.185575095384
104365,1,216000.0,PhD,M,3,141079,engineering,IC,0,IC,0,246707.47890110445,-30707.47890110445
137130,0,268000.0,High_School,M,2,198531,sales,IC,0,IC,0,195986.4498613001,72013.55013869991
111821,0,290000.0,High_School,M,2,189038,engineering,IC,0,IC,0,226878.35789292358,63121.64210707642
113231,0,65000.0,Bachelor,M,5,11275,marketing,IC,0,IC,0,192321.90017747923,-127321.90017747923
181772,1,99000.0,Bachelor,M,9,54963,sales,MM,13,MM,13,195318.01326627017,-96318.01326627017
186649,0,180000.0,Bachelor,M,2,126330,engineering,IC,0,IC,0,238810.46474319053,-58810.46474319053
69382,1,232000.0,High_School,M,4,111082,sales,IC,0,IC,0,195764.89920874953,36235.10079125047
67522,0,124000.0,Master,M,5,141808,sales,MM,14,MM,14,203048.78922320082,-79048.78922320082
46107,0,179000.0,Bachelor,M,4,73846,sales,IC,0,IC,0,193264.55968086384,-14264.559680863837
40213,0,163000.0,Bachelor,M,4,27393,sales,IC,0,IC,0,193264.55968086384,-30264.559680863837
18489,0,226000.0,Bachelor,M,5,82657,sales,IC,0,IC,0,195038.08580704563,30961.91419295437
101777,1,61000.0,PhD,F,1,31063,HR,IC,0,IC,0,93873.13203734726,-32873.132037347255
107224,0,95000.0,Bachelor,F,4,123502,HR,IC,0,IC,0,86004.53677464435,8995.463225355648
134582,1,345000.0,Master,M,4,145710,engineering,IC,0,IC,0,235272.1286071889,109727.8713928111
81226,0,76000.0,Master,M,1,22887,HR,IC,0,IC,0,77429.4837578407,-1429.4837578407023
178457,0,299000.0,PhD,F,5,143317,sales,IC,0,IC,0,201521.88967796802,97478.11032203198
173673,1,93000.0,Master,M,4,98520,marketing,IC,0,IC,0,200024.3248884556,-107024.3248884556
174959,1,242000.0,Bachelor,F,1,113245,sales,IC,0,IC,0,188276.224715987,53723.77528401301
70399,1,112000.0,Master,F,1,181781,HR,IC,0,IC,0,96318.58180277134,15681.41819722866
67748,0,328000.0,High_School,M,6,144976,sales,IC,0,IC,0,190398.68369662002,137601.31630337998
180478,0,371000.0,High_School,M,1,149135,engineering,IC,0,IC,0,231847.76096461926,139152.23903538074
125339,0,212000.0,Master,F,4,111508,marketing,IC,0,IC,0,198018.38231216176,13981.61768783824
147776,0,355000.0,Bachelor,M,4,79735,engineering,IC,0,IC,0,245313.12529643642,109686.87470356358
173085,0,347000.0,Bachelor,F,4,101484,engineering,IC,0,IC,0,249423.6982508049,97576.30174919509
182765,0,365000.0,PhD,M,3,148260,marketing,IC,0,IC,0,204409.410789578,160590.589210422
27285,1,260000.0,Master,F,5,152791,sales,IC,0,IC,0,197527.31097026527,62472.68902973473
65379,1,67000.0,PhD,M,5,180854,sales,IC,0,IC,0,191458.68923493737,-124458.68923493737
56198,1,228000.0,PhD,M,2,132360,sales,IC,0,IC,0,191180.20114872733,36819.79885127267
115176,1,101000.0,Master,F,2,177805,marketing,IC,0,IC,0,173888.25401291758,-72888.25401291758
27718,0,78000.0,Master,F,3,89619,HR,MM,6,MM,6,79112.93811519277,-1112.9381151927664
191778,0,201000.0,Bachelor,F,8,155437,engineering,IC,0,IC,0,152096.57302851192,48903.42697148808
196043,0,173000.0,PhD,F,5,148032,sales,IC,0,IC,0,201521.88967796802,-28521.88967796802
169319,0,83000.0,Bachelor,M,1,183283,HR,IC,0,IC,0,85222.58767315086,-2222.5876731508615
185639,1,276000.0,Master,M,1,92765,engineering,IC,0,IC,0,250966.59465767271,25033.405342327285
30040,1,99000.0,Master,F,2,189148,HR,IC,0,IC,0,85628.79233395943,13371.207666040573
167986,0,164000.0,Bachelor,M,4,109254,sales,IC,0,IC,0,193264.55968086384,-29264.559680863837
133424,1,136000.0,Bachelor,M,4,95609,sales,IC,0,IC,0,200945.03521904073,-64945.03521904073
13959,0,129000.0,Master,F,5,102498,HR,IC,0,IC,0,83499.17048362638,45500.82951637362
165794,1,69000.0,Bachelor,F,5,47260,HR,IC,0,IC,0,74345.25579638215,-5345.2557963821455
110529,0,166000.0,Master,F,4,48742,engineering,IC,0,IC,0,241976.73593625068,-75976.73593625068
143888,0,88000.0,Bachelor,M,5,67178,HR,IC,0,IC,0,83388.6198347678,4611.3801652322
175358,0,133000.0,Master,M,3,198531,sales,IC,0,IC,0,195369.80999597523,-62369.80999597523
57920,1,103000.0,Bachelor,F,2,115349,sales,IC,0,IC,0,192222.09002881806,-89222.09002881806
173458,1,287000.0,PhD,M,4,1872,engineering,IC,0,IC,0,236378.21786726158,50621.782132738415
142745,0,93000.0,High_School,F,1,1791,HR,IC,0,IC,0,84206.1973205254,8793.802679474597
65782,0,142000.0,PhD,M,5,5282,sales,IC,0,IC,0,192559.0137282462,-50559.01372824621
36498,0,377000.0,High_School,M,3,79807,engineering,IC,0,IC,0,251988.4772456092,125011.52275439081
151070,0,90000.0,Bachelor,M,3,159638,HR,IC,0,IC,0,77553.46065381975,12446.539346180245
176900,0,253000.0,PhD,M,5,162196,engineering,IC,0,IC,0,243058.35787352896,9941.642126471037
4781,0,159000.0,High_School,F,2,149696,sales,IC,0,IC,0,189874.31344501488,-30874.31344501488
166653,0,209000.0,Bachelor,F,3,146629,engineering,MM,4,MM,4,242608.6822472395,-33608.682247239514
146858,1,202000.0,PhD,F,1,126257,engineering,IC,0,IC,0,263712.13522253255,-61712.13522253255
26109,1,140000.0,Bachelor,M,1,145126,sales,IC,0,IC,0,180018.0883550749,-40018.0883550749
75374,1,301000.0,PhD,F,6,160618,sales,IC,0,IC,0,196640.35002037467,104359.64997962533
92990,1,274000.0,Bachelor,M,5,87929,sales,IC,0,IC,0,199879.9083933267,74120.09160667329
34525,0,84000.0,PhD,M,6,168942,HR,IC,0,IC,0,79413.27248501003,4586.727514989965
79698,0,114000.0,Bachelor,F,1,190778,marketing,IC,0,IC,0,216750.62192916207,-102750.62192916207
181041,0,65000.0,Bachelor,F,4,103884,HR,IC,0,IC,0,86004.53677464435,-21004.53677464435
80762,0,269000.0,Master,F,2,26757,marketing,IC,0,IC,0,190948.4877860469,78051.5122139531
46456,0,213000.0,Bachelor,M,5,175361,sales,IC,0,IC,0,195038.08580704563,17961.91419295437
8263,0,388000.0,PhD,M,7,150300,marketing,IC,0,IC,0,200395.53867977747,187604.46132022253
77946,1,314000.0,PhD,M,2,101819,engineering,IC,0,IC,0,237027.23882378358,76972.76117621642
173255,0,75000.0,Master,F,8,184885,HR,IC,0,IC,0,76675.9929422252,-1675.9929422252026
144110,0,83000.0,Master,M,3,129734,engineering,IC,0,IC,0,244073.52979870792,-161073.52979870792
28167,1,67000.0,PhD,M,4,191083,marketing,IC,0,IC,0,206647.66908106598,-139647.66908106598
17790,1,138000.0,High_School,M,5,147715,sales,IC,0,IC,0,196471.22445234368,-58471.22445234368
124893,0,287000.0,PhD,M,18,149778,marketing,D,58,D,58,252604.22224556486,34395.77775443514
181421,0,304000.0,Master,M,5,107049,sales,MM,9,MM,9,201075.7399920507,102924.26000794931
129879,0,154000.0,High_School,M,3,40904,engineering,IC,0,IC,0,251988.4772456092,-97988.47724560919
171266,0,153000.0,Master,M,8,71889,HR,D,79,D,79,127626.00294150294,25373.997058497058
182627,0,324000.0,Master,M,2,147819,sales,IC,0,IC,0,196044.60399481485,127955.39600518515
58658,0,165000.0,High_School,M,4,1050,engineering,IC,0,IC,0,250920.8991168643,-85920.89911686431
33069,0,178000.0,Master,M,4,114572,marketing,IC,0,IC,0,194518.27840682067,-16518.278406820667
79524,0,160000.0,High_School,F,1,195165,engineering,IC,0,IC,0,256554.63123786892,-96554.63123786892
120274,0,146000.0,Master,F,2,26505,marketing,IC,0,IC,0,190948.4877860469,-44948.4877860469
134728,1,188000.0,PhD,M,10,114137,marketing,MM,10,MM,10,161493.2769770421,26506.723022957915
177705,0,248000.0,Master,M,5,181421,sales,IC,0,IC,0,196414.1583420818,51585.84165791821
51802,0,213000.0,Master,F,3,168797,marketing,IC,0,IC,0,191708.4988256018,21291.501174398203
97859,0,207000.0,PhD,M,6,48120,engineering,IC,0,IC,0,247728.11200962216,-40728.11200962216
125642,1,151000.0,Bachelor,M,7,186086,engineering,IC,0,IC,0,261589.3707799731,-110589.3707799731
129565,0,206000.0,PhD,F,2,147103,engineering,IC,0,IC,0,245586.57159200107,-39586.57159200107
107509,0,148000.0,High_School,M,5,168791,engineering,IC,0,IC,0,243781.76916131607,-95781.76916131607
17395,0,213000.0,Master,M,21,96752,sales,D,40,D,40,229118.64829845488,-16118.648298454878
39491,0,304000.0,High_School,M,4,151005,marketing,IC,0,IC,0,195051.7370391725,108948.2629608275
90834,0,293000.0,Master,F,13,157492,sales,MM,13,MM,13,248578.68549464812,44421.31450535188
51571,0,171000.0,Master,F,7,4110,sales,IC,0,IC,0,194228.1761660175,-23228.17616601751
98550,0,221000.0,Bachelor,M,1,168564,sales,IC,0,IC,0,179465.38885958475,41534.61114041525
149430,1,132000.0,Bachelor,M,4,48690,sales,IC,0,IC,0,200945.03521904073,-68945.03521904073
70563,1,80000.0,PhD,M,5,54997,sales,IC,0,IC,0,191458.68923493737,-111458.68923493737
149745,0,104000.0,PhD,F,3,189627,sales,IC,0,IC,0,195546.71190949707,-91546.71190949707
134038,1,151000.0,High_School,M,3,51288,engineering,IC,0,IC,0,246261.9865189567,-95261.98651895669
190330,0,250000.0,Master,M,3,172246,sales,IC,0,IC,0,195369.80999597523,54630.19000402477
192377,1,372000.0,PhD,M,3,198778,engineering,IC,0,IC,0,246707.47890110445,125292.52109889555
15070,0,243000.0,Master,M,4,159906,sales,IC,0,IC,0,194695.32052053208,48304.679479467915
129120,1,96000.0,Bachelor,M,3,155437,engineering,IC,0,IC,0,238207.9962027491,-142207.9962027491
79573,1,79000.0,PhD,M,5,80043,HR,IC,0,IC,0,80478.00437538898,-1478.0043753889768
13470,1,364000.0,Bachelor,M,7,101819,engineering,IC,0,IC,0,261589.3707799731,102410.6292200269
196058,0,149000.0,Master,M,13,5692,marketing,MM,12,MM,12,213388.12793145984,-64388.127931459836
177166,0,168000.0,Bachelor,M,3,192589,engineering,MM,13,MM,13,216063.13377328002,-48063.13377328002
173884,0,329000.0,PhD,F,2,103421,engineering,IC,0,IC,0,245586.57159200107,83413.42840799893
132810,0,162000.0,Bachelor,M,4,158056,engineering,IC,0,IC,0,245313.12529643642,-83313.12529643642
111667,0,251000.0,Master,M,6,167921,engineering,IC,0,IC,0,250298.06490293815,701.9350970618543
71615,0,85000.0,Master,M,4,190060,sales,IC,0,IC,0,194695.32052053208,-109695.32052053208
127089,1,254000.0,PhD,M,3,151005,marketing,IC,0,IC,0,184507.95041214005,69492.04958785995
98931,1,259000.0,High_School,F,5,103443,marketing,MM,10,MM,10,211211.16828881047,47788.83171118953
159599,0,113000.0,Bachelor,F,3,34134,sales,IC,0,IC,0,194461.09812463698,-81461.09812463698
134457,1,209000.0,Master,M,4,84230,marketing,IC,0,IC,0,200024.3248884556,8975.675111544406
29536,0,63000.0,High_School,F,5,94447,HR,IC,0,IC,0,82936.4626631867,-19936.4626631867
90188,0,70000.0,Bachelor,M,4,123154,HR,IC,0,IC,0,85853.00043622433,-15853.000436224334
168861,0,241000.0,High_School,M,5,154170,engineering,IC,0,IC,0,243781.76916131607,-2781.7691613160714
24655,0,233000.0,PhD,F,2,64190,sales,IC,0,IC,0,202419.4707253329,30580.52927466709
95038,1,270000.0,High_School,M,7,110091,engineering,IC,0,IC,0,235656.8323084096,34343.16769159041
189119,0,64000.0,Master,F,6,87929,sales,IC,0,IC,0,195325.24825658792,-131325.24825658792
52681,0,311000.0,High_School,M,2,150408,engineering,IC,0,IC,0,226878.35789292358,84121.64210707642
73434,0,257000.0,High_School,F,2,60489,marketing,IC,0,IC,0,191544.59382960657,65455.40617039343
13651,1,396000.0,High_School,F,4,64750,engineering,IC,0,IC,0,238515.7137547707,157484.2862452293
157064,0,75000.0,Master,M,3,125912,marketing,MM,18,MM,18,256074.77987786208,-181074.77987786208
127544,0,231000.0,PhD,M,5,65451,sales,MM,13,MM,13,198744.93231259257,32255.067687407427
196379,1,215000.0,Master,M,1,55883,engineering,IC,0,IC,0,250966.59465767271,-35966.594657672715
199323,1,278000.0,High_School,M,3,45803,sales,IC,0,IC,0,184716.40600900303,93283.59399099697
187995,0,319000.0,Bachelor,M,3,116289,engineering,IC,0,IC,0,244492.12806626968,74507.87193373032
106442,0,216000.0,Master,M,2,59555,marketing,IC,0,IC,0,189747.8553120937,26252.144687906286
103923,0,153000.0,Bachelor,M,5,126257,engineering,IC,0,IC,0,237543.49587850232,-84543.49587850232
199014,1,163000.0,High_School,M,1,80128,sales,IC,0,IC,0,182145.5554433057,-19145.555443305697
47123,0,90000.0,Master,M,3,135848,marketing,IC,0,IC,0,195418.4685635701,-105418.46856357009
1811,0,99000.0,Master,M,7,16445,HR,IC,0,IC,0,78571.49998326687,20428.50001673313
98385,0,97000.0,PhD,F,6,151696,HR,IC,0,IC,0,80224.81814815088,16775.18185184912
48730,0,212000.0,PhD,M,8,181566,marketing,MM,8,MM,8,205010.77452567348,6989.225474326522
140284,1,72000.0,High_School,F,5,62161,marketing,IC,0,IC,0,190859.94475447174,-118859.94475447174
100411,1,239000.0,Bachelor,M,3,98520,marketing,IC,0,IC,0,188192.39140789176,50807.60859210824
123696,1,167000.0,PhD,F,7,143050,marketing,IC,0,IC,0,201800.58059596684,-34800.580595966836
2843,0,63000.0,PhD,F,2,8812,HR,IC,0,IC,0,81889.77770686249,-18889.777706862486
43627,0,322000.0,Bachelor,M,1,182028,engineering,IC,0,IC,0,253447.42674818967,68552.57325181033
73084,0,115000.0,Bachelor,F,1,130342,HR,IC,0,IC,0,77771.4712925606,37228.5287074394
166458,1,90000.0,PhD,F,6,57185,engineering,IC,0,IC,0,255526.12765244197,-165526.12765244197
56861,0,73000.0,PhD,M,6,1791,HR,IC,0,IC,0,79413.27248501003,-6413.272485010035
118518,0,68000.0,High_School,F,4,178147,HR,IC,0,IC,0,77198.66979097077,-9198.669790970773
116797,0,129000.0,High_School,F,2,62161,marketing,IC,0,IC,0,191544.59382960657,-62544.59382960657
21086,0,79000.0,Master,M,4,24015,HR,MM,15,MM,15,90925.98794924883,-11925.987949248825
114505,0,212000.0,High_School,M,4,51738,engineering,IC,0,IC,0,250920.8991168643,-38920.89911686431
142104,1,383000.0,Master,F,8,47553,engineering,MM,9,MM,9,342911.7594194277,40088.24058057228
23438,0,267000.0,High_School,F,3,116119,marketing,IC,0,IC,0,188217.89882621306,78782.10117378694
157592,0,104000.0,PhD,F,2,71987,HR,IC,0,IC,0,81889.77770686249,22110.222293137514
3793,1,225000.0,Master,M,6,197832,marketing,IC,0,IC,0,193951.43666003481,31048.563339965185
161265,0,139000.0,High_School,M,8,191073,sales,IC,0,IC,0,166056.7556451473,-27056.755645147292
82228,1,72000.0,Bachelor,M,2,79237,marketing,IC,0,IC,0,188339.52808760988,-116339.52808760988
194796,0,128000.0,Master,M,2,8198,engineering,IC,0,IC,0,225404.836709512,-97404.83670951199
60130,0,207000.0,Bachelor,M,3,73846,sales,IC,0,IC,0,194528.5959929,12471.404007100005
53389,1,124000.0,Bachelor,M,2,196058,marketing,IC,0,IC,0,188339.52808760988,-64339.528087609884
134630,0,196000.0,Master,M,4,144976,sales,IC,0,IC,0,194695.32052053208,1304.6794794679154
144335,0,81000.0,PhD,M,2,147783,sales,IC,0,IC,0,201356.5442201449,-120356.54422014489
114216,0,65000.0,Bachelor,M,7,198624,HR,IC,0,IC,0,78143.12642095941,-13143.126420959408
6880,1,121000.0,PhD,M,7,170076,engineering,IC,0,IC,0,230586.0962906435,-109586.0962906435
133762,0,81000.0,PhD,F,6,72965,sales,IC,0,IC,0,194169.18557509538,-113169.18557509538
99282,0,193000.0,Master,M,3,73893,sales,IC,0,IC,0,195369.80999597523,-2369.809995975229
71923,1,333000.0,Bachelor,M,6,114011,engineering,IC,0,IC,0,254868.05476583744,78131.94523416256
11724,0,295000.0,Bachelor,M,2,115349,sales,IC,0,IC,0,196776.30656462905,98223.69343537095
76588,0,116000.0,Bachelor,F,1,29712,engineering,IC,0,IC,0,221439.98962197226,-105439.98962197226
149858,0,287000.0,Master,F,2,48120,engineering,IC,0,IC,0,260023.70872319196,26976.291276808042
102768,1,266000.0,Bachelor,M,2,161727,engineering,IC,0,IC,0,242862.72183744767,23137.278162552335
174939,1,186000.0,Master,M,1,18312,engineering,IC,0,IC,0,250966.59465767271,-64966.594657672715
195665,0,244000.0,PhD,M,8,65856,sales,IC,0,IC,0,166448.08693168403,77551.91306831597
77708,0,116000.0,Bachelor,F,8,189222,engineering,IC,0,IC,0,152096.57302851192,-36096.57302851192
37454,1,77000.0,Bachelor,F,5,51121,HR,IC,0,IC,0,74345.25579638215,2654.7442036178545
148578,1,291000.0,High_School,M,1,166729,marketing,IC,0,IC,0,201774.6310184148,89225.3689815852
10088,1,282000.0,Master,M,1,101981,sales,IC,0,IC,0,194883.36343501264,87116.63656498736
10922,0,220000.0,Master,F,12,198366,sales,MM,11,MM,11,202905.0403684141,17094.959631585894
111991,0,86000.0,Master,F,2,169849,HR,IC,0,IC,0,82960.55864883834,3039.4413511616585
63086,0,247000.0,PhD,M,3,183045,engineering,IC,0,IC,0,244594.82101961187,2405.1789803881256
188001,0,87000.0,Bachelor,F,3,150189,HR,IC,0,IC,0,83591.34611794354,3408.65388205646
177846,1,128000.0,PhD,F,1,5374,sales,IC,0,IC,0,177727.6568266361,-49727.656826636114
162476,1,330000.0,PhD,F,33,51535,engineering,VP,286,VP,286,305506.3888888889,24493.611111111124
82649,0,166000.0,Bachelor,F,1,119774,sales,IC,0,IC,0,190803.3928173758,-24803.392817375803
52230,1,225000.0,Bachelor,F,3,189890,engineering,IC,0,IC,0,249465.5655649748,-24465.565564974793
71037,1,391000.0,Bachelor,M,5,195165,engineering,IC,0,IC,0,249070.2644405276,141929.7355594724
111149,0,294000.0,PhD,M,3,30749,engineering,IC,0,IC,0,244594.82101961187,49405.178980388126
75492,1,308000.0,PhD,F,4,37220,engineering,IC,0,IC,0,230933.5124355746,77066.48756442539
139177,1,304000.0,Bachelor,M,4,74066,engineering,IC,0,IC,0,243628.2627138922,60371.73728610779
77746,0,343000.0,PhD,M,2,3260,engineering,IC,0,IC,0,239738.82647541008,103261.17352458992
114239,0,166000.0,Master,M,5,119576,engineering,IC,0,IC,0,241342.61319268073,-75342.61319268073
102196,0,237000.0,Bachelor,M,3,35499,sales,IC,0,IC,0,194528.5959929,42471.404007100005
130051,0,99000.0,Master,F,4,150189,HR,IC,0,IC,0,79232.74241669648,19767.257583303523
192843,1,138000.0,Bachelor,F,4,96420,sales,IC,0,IC,0,205322.95392083208,-67322.95392083208
80128,1,186000.0,PhD,M,2,171907,sales,MM,7,MM,7,183789.40469765197,2210.595302348025
39743,1,315000.0,PhD,M,1,191351,marketing,IC,0,IC,0,198010.52881550777,116989.47118449223
143116,1,264000.0,PhD,M,1,109254,sales,IC,0,IC,0,193940.69232599234,70059.30767400766
151099,0,219000.0,Master,M,3,34977,sales,IC,0,IC,0,195369.80999597523,23630.19000402477
19888,1,129000.0,Master,F,2,109671,marketing,IC,0,IC,0,173888.25401291758,-44888.254012917576
157325,0,92000.0,Master,M,4,39417,engineering,IC,0,IC,0,241830.84919374806,-149830.84919374806
163676,0,150000.0,PhD,F,3,174009,HR,IC,0,IC,0,83843.8873054549,66156.1126945451
158933,0,89000.0,Master,M,1,85426,HR,IC,0,IC,0,77429.4837578407,11570.516242159298
90783,0,191000.0,Bachelor,F,5,129626,marketing,IC,0,IC,0,197905.0051527127,-6905.0051527126925
80035,0,244000.0,Master,F,4,34977,sales,IC,0,IC,0,198453.75863186418,45546.241368135816
6839,0,91000.0,High_School,F,4,126515,HR,IC,0,IC,0,77198.66979097077,13801.330209029227
147238,0,309000.0,High_School,M,4,118769,engineering,IC,0,IC,0,250920.8991168643,58079.10088313569
9177,0,215000.0,Bachelor,M,6,180924,marketing,IC,0,IC,0,189453.14893188572,25546.85106811428
16567,1,190000.0,Bachelor,M,5,85717,sales,IC,0,IC,0,199879.9083933267,-9879.90839332671
169585,1,192000.0,PhD,M,5,96664,marketing,IC,0,IC,0,198245.7378544605,-6245.737854460487
52085,1,362000.0,Bachelor,M,3,75246,engineering,IC,0,IC,0,238207.9962027491,123792.00379725089
81183,0,363000.0,Bachelor,F,3,56316,sales,IC,0,IC,0,194461.09812463698,168538.90187536302
45531,0,155000.0,Bachelor,M,2,95473,sales,IC,0,IC,0,196776.30656462905,-41776.30656462905
24534,0,219000.0,PhD,M,7,158777,marketing,IC,0,IC,0,200395.53867977747,18604.46132022253
73155,0,91000.0,Master,M,3,4421,sales,IC,0,IC,0,195369.80999597523,-104369.80999597523
152377,0,91000.0,High_School,F,4,142276,HR,IC,0,IC,0,77198.66979097077,13801.330209029227
60945,0,67000.0,Bachelor,M,2,67151,engineering,IC,0,IC,0,238810.46474319053,-171810.46474319053
42655,1,189000.0,PhD,M,1,124014,sales,IC,0,IC,0,193940.69232599234,-4940.692325992335
109417,0,72000.0,Bachelor,M,1,136147,sales,IC,0,IC,0,179465.38885958475,-107465.38885958475
125534,1,354000.0,Bachelor,M,2,183045,engineering,IC,0,IC,0,242862.72183744767,111137.27816255233
115405,0,156000.0,High_School,M,2,7255,engineering,IC,0,IC,0,226878.35789292358,-70878.35789292358
92548,0,105000.0,Master,F,3,110089,HR,IC,0,IC,0,83947.66681572703,21052.333184272968
7641,0,65000.0,PhD,F,6,27018,HR,IC,0,IC,0,80224.81814815088,-15224.81814815088
76806,0,183000.0,High_School,F,9,131620,sales,IC,0,IC,0,166601.10635219596,16398.89364780404
159480,0,233000.0,Master,M,6,16510,sales,IC,0,IC,0,192430.58157034806,40569.41842965194
119838,0,302000.0,Master,M,1,131620,sales,IC,0,IC,0,198051.2011472294,103948.79885277059
10024,1,370000.0,Bachelor,M,1,169664,engineering,IC,0,IC,0,241459.58846692662,128540.41153307338
173142,0,84000.0,PhD,F,2,8812,HR,IC,0,IC,0,81889.77770686249,2110.2222931375145
56217,0,104000.0,Master,F,3,126368,sales,IC,0,IC,0,191260.8810195265,-87260.88101952651
18195,0,73000.0,Bachelor,M,5,100373,HR,IC,0,IC,0,83388.6198347678,-10388.6198347678
47309,0,119000.0,Bachelor,F,4,142630,HR,IC,0,IC,0,86004.53677464435,32995.46322535565
171990,0,168000.0,High_School,F,7,113124,sales,IC,0,IC,0,194001.4593275081,-26001.459327508113
139515,0,63000.0,High_School,M,1,45803,sales,IC,0,IC,0,186739.580228817,-123739.58022881701
25011,0,321000.0,Master,M,2,41175,engineering,IC,0,IC,0,225404.836709512,95595.16329048801
174909,0,358000.0,Master,F,5,19424,engineering,IC,0,IC,0,237036.2608257125,120963.7391742875
92746,0,236000.0,Master,F,3,34714,sales,IC,0,IC,0,191260.8810195265,44739.11898047349
26469,0,133000.0,Master,M,2,88936,sales,IC,0,IC,0,196044.60399481485,-63044.603994814854
77092,0,198000.0,Bachelor,F,1,65856,sales,IC,0,IC,0,190803.3928173758,7196.607182624197
53237,0,287000.0,PhD,M,1,12679,sales,IC,0,IC,0,198908.11730505654,88091.88269494346
98265,0,69000.0,Master,F,3,85426,HR,IC,0,IC,0,83947.66681572703,-14947.666815727032
539,0,172000.0,PhD,F,1,18627,marketing,IC,0,IC,0,167799.52370018433,4200.476299815666
115603,0,149000.0,Master,M,1,51293,sales,IC,0,IC,0,198051.2011472294,-49051.20114722941
194078,0,77000.0,PhD,M,2,162889,marketing,MM,15,MM,15,155187.2432686659,-78187.24326866589
13501,0,178000.0,Master,M,2,148032,sales,IC,0,IC,0,196044.60399481485,-18044.603994814854
198586,0,156000.0,High_School,M,5,119658,engineering,IC,0,IC,0,243781.76916131607,-87781.76916131607
121241,0,72000.0,High_School,M,6,123263,HR,IC,0,IC,0,77257.7937290835,-5257.793729083496
179719,1,175000.0,Bachelor,F,2,192369,sales,IC,0,IC,0,192222.09002881806,-17222.090028818056
109826,0,240000.0,PhD,M,1,32159,sales,IC,0,IC,0,198908.11730505654,41091.88269494346
97314,0,252000.0,High_School,M,2,94030,sales,IC,0,IC,0,195986.4498613001,56013.55013869991
196317,0,286000.0,Master,M,2,137776,engineering,IC,0,IC,0,225404.836709512,60595.16329048801
167921,0,111000.0,PhD,M,4,147555,engineering,MM,10,MM,10,179039.7053010929,-68039.70530109291
20199,1,155000.0,High_School,F,3,158888,sales,IC,0,IC,0,206475.92737872282,-51475.927378722816
91759,0,87000.0,High_School,F,2,184885,HR,IC,0,IC,0,84827.81499972833,2172.1850002716674
36233,1,292000.0,Master,M,1,40904,engineering,IC,0,IC,0,250966.59465767271,41033.405342327285
167305,0,136000.0,Bachelor,F,1,99121,marketing,IC,0,IC,0,216750.62192916207,-80750.62192916207
59987,0,78000.0,Master,M,1,143473,HR,IC,0,IC,0,77429.4837578407,570.5162421592977
3663,0,191000.0,Master,F,6,43420,sales,IC,0,IC,0,195325.24825658792,-4325.248256587918
190955,0,213000.0,Master,M,1,192145,sales,IC,0,IC,0,198051.2011472294,14948.79885277059
20135,1,330000.0,High_School,F,7,159098,engineering,IC,0,IC,0,285581.3922768283,44418.607723171706
2519,0,196000.0,PhD,M,2,67931,engineering,IC,0,IC,0,239738.82647541008,-43738.82647541008
105575,0,216000.0,Bachelor,M,1,59862,engineering,IC,0,IC,0,253447.42674818967,-37447.42674818967
28531,0,90000.0,PhD,F,3,150189,HR,IC,0,IC,0,83843.8873054549,6156.112694545096
170010,0,221000.0,Master,F,6,126368,sales,IC,0,IC,0,195325.24825658792,25674.751743412082
161540,1,209000.0,Bachelor,F,2,14470,sales,IC,0,IC,0,192222.09002881806,16777.909971181944
45415,0,339000.0,PhD,M,3,119576,engineering,IC,0,IC,0,244594.82101961187,94405.17898038813
176367,1,286000.0,Master,M,27,51535,engineering,VP,199,VP,199,261782.3780663781,24217.621933621907
52658,1,188000.0,Bachelor,M,5,95522,marketing,IC,0,IC,0,193996.92968217094,-5996.929682170943
131043,0,194000.0,Master,M,2,27393,sales,IC,0,IC,0,196044.60399481485,-2044.6039948148536
35879,0,262000.0,Bachelor,M,8,52313,sales,IC,0,IC,0,181827.5254596792,80172.4745403208
61003,0,66000.0,PhD,M,8,22977,HR,IC,0,IC,0,77217.56023676235,-11217.56023676235
16528,1,193000.0,PhD,F,1,158777,marketing,IC,0,IC,0,183636.80504243038,9363.19495756962
16446,0,62000.0,Master,M,3,180037,sales,IC,0,IC,0,195369.80999597523,-133369.80999597523
355,0,289000.0,High_School,M,8,113245,sales,IC,0,IC,0,166056.7556451473,122943.24435485271
51537,1,271000.0,Bachelor,M,3,41335,engineering,IC,0,IC,0,238207.9962027491,32792.00379725089
102323,0,198000.0,PhD,F,3,94030,sales,IC,0,IC,0,195546.71190949707,2453.2880905029306
156563,1,282000.0,Master,F,9,58522,engineering,IC,0,IC,0,271773.8494263215,10226.15057367849
111508,1,90000.0,PhD,F,8,82419,marketing,MM,11,MM,11,149041.10775980522,-59041.10775980522
143027,0,67000.0,Master,M,4,43602,engineering,IC,0,IC,0,241830.84919374806,-174830.84919374806
66979,0,62000.0,Master,F,1,23737,HR,IC,0,IC,0,82364.56846565497,-20364.56846565497
56508,0,162000.0,High_School,M,2,32159,sales,IC,0,IC,0,195986.4498613001,-33986.44986130009
90965,0,212000.0,Bachelor,F,1,182038,sales,IC,0,IC,0,190803.3928173758,21196.607182624197
17291,0,188000.0,Master,M,6,92713,sales,MM,12,MM,12,213849.29749675427,-25849.29749675427
39494,1,318000.0,PhD,M,1,124186,marketing,IC,0,IC,0,198010.52881550777,119989.47118449223
115244,1,316000.0,High_School,F,5,87884,engineering,IC,0,IC,0,273416.1043534002,42583.89564659982
84055,0,80000.0,PhD,M,1,127266,marketing,IC,0,IC,0,195577.15476246577,-115577.15476246577
42270,1,334000.0,PhD,M,18,79693,engineering,D,69,D,69,288524.6051726052,45475.394827394804
48793,0,259000.0,High_School,F,1,130834,engineering,IC,0,IC,0,256554.63123786892,2445.368762131082
9641,1,358000.0,High_School,F,5,40904,engineering,IC,0,IC,0,273416.1043534002,84583.89564659982
65433,1,75000.0,PhD,M,1,5743,sales,IC,0,IC,0,193940.69232599234,-118940.69232599234
164046,0,197000.0,High_School,M,4,189627,sales,IC,0,IC,0,192668.28755272523,4331.712447274767
74505,0,354000.0,Bachelor,M,7,74170,sales,IC,0,IC,0,194389.89332323067,159610.10667676933
67291,0,246000.0,Master,F,3,53109,sales,IC,0,IC,0,191260.8810195265,54739.11898047349
145087,0,316000.0,PhD,F,1,23100,engineering,IC,0,IC,0,245816.63079848664,70183.36920151336
33266,0,304000.0,PhD,M,7,158490,marketing,MM,10,MM,10,222283.91920649022,81716.08079350978
26957,1,205000.0,High_School,F,4,198879,sales,IC,0,IC,0,198726.40167991037,6273.59832008963
115779,0,83000.0,PhD,F,5,123103,engineering,IC,0,IC,0,253630.17097182493,-170630.17097182493
164378,0,188000.0,Bachelor,M,7,132360,sales,IC,0,IC,0,194389.89332323067,-6389.893323230674
45477,0,130000.0,PhD,M,2,171940,marketing,IC,0,IC,0,198900.55025181093,-68900.55025181093
118824,0,395000.0,Master,M,5,147103,engineering,IC,0,IC,0,241342.61319268073,153657.38680731927
159377,1,136000.0,PhD,M,3,77670,sales,IC,0,IC,0,182782.6484747099,-46782.64847470989
191809,0,168000.0,High_School,M,4,181787,marketing,IC,0,IC,0,195051.7370391725,-27051.737039172498
139963,0,278000.0,High_School,F,3,140393,engineering,IC,0,IC,0,253399.05649762868,24600.943502371316
191856,0,237000.0,Bachelor,M,4,74264,marketing,IC,0,IC,0,192298.8865953424,44701.113404657604
155980,0,130000.0,PhD,M,2,62161,marketing,IC,0,IC,0,198900.55025181093,-68900.55025181093
133032,1,231000.0,High_School,M,2,137369,sales,IC,0,IC,0,197187.20652557365,33812.79347442635
1584,1,317000.0,Master,M,2,59862,engineering,IC,0,IC,0,233296.97305636574,83703.02694363426
198624,0,108000.0,PhD,M,6,157530,HR,MM,5,MM,5,134645.83023372944,-26645.830233729444
185854,0,246000.0,Bachelor,M,5,142367,sales,IC,0,IC,0,195038.08580704563,50961.91419295437
143705,1,206000.0,High_School,M,2,63077,sales,IC,0,IC,0,197187.20652557365,8812.793474426348
94866,0,141000.0,PhD,M,4,40904,engineering,IC,0,IC,0,241182.17333249372,-100182.17333249372
17160,1,75000.0,High_School,M,3,175365,marketing,IC,0,IC,0,191326.7881611632,-116326.78816116319
50685,0,138000.0,Bachelor,M,1,152960,sales,IC,0,IC,0,179465.38885958475,-41465.38885958475
6607,1,365000.0,Bachelor,M,2,114011,engineering,IC,0,IC,0,242862.72183744767,122137.27816255233
38219,0,73000.0,Bachelor,F,4,51121,HR,IC,0,IC,0,86004.53677464435,-13004.536774644352
35374,1,104000.0,High_School,M,6,76073,engineering,IC,0,IC,0,206043.43468483628,-102043.43468483628
186910,0,293000.0,PhD,F,1,181772,sales,IC,0,IC,0,184864.59303542023,108135.40696457977
51808,0,364000.0,PhD,M,4,41080,sales,IC,0,IC,0,194705.84234154952,169294.15765845048
59696,0,95000.0,PhD,F,2,194904,HR,IC,0,IC,0,81889.77770686249,13110.222293137514
160289,1,129000.0,Bachelor,M,7,79285,sales,MM,16,MM,16,194088.5205539508,-65088.5205539508
54689,0,70000.0,Bachelor,M,5,91979,HR,IC,0,IC,0,83388.6198347678,-13388.6198347678
68484,0,227000.0,Bachelor,M,9,102026,sales,IC,0,IC,0,177275.39610331308,49724.603896686924
93280,0,157000.0,PhD,F,1,192132,marketing,IC,0,IC,0,167799.52370018433,-10799.523700184334
154433,1,200000.0,Bachelor,M,1,187053,engineering,IC,0,IC,0,241459.58846692662,-41459.58846692662
167565,0,268000.0,Bachelor,M,9,54808,sales,IC,0,IC,0,177275.39610331308,90724.60389668692
102854,1,296000.0,High_School,M,2,37220,engineering,IC,0,IC,0,231965.8322813009,64034.167718699086
19052,1,175000.0,Master,M,6,136468,sales,IC,0,IC,0,193447.7320829517,-18447.732082951698
131177,1,86000.0,Bachelor,M,4,98967,marketing,IC,0,IC,0,200432.63893380418,-114432.63893380418
92916,0,204000.0,PhD,M,3,113124,sales,IC,0,IC,0,197202.7515403313,6797.248459668714
97055,0,151000.0,Master,M,6,179459,marketing,IC,0,IC,0,190104.69597924425,-39104.69597924425
146070,0,164000.0,Bachelor,M,3,43420,sales,IC,0,IC,0,194528.5959929,-30528.595992899995
163211,1,397000.0,Master,M,3,94507,engineering,IC,0,IC,0,243469.85093906373,153530.14906093627
131595,0,276000.0,PhD,F,4,122197,engineering,IC,0,IC,0,246324.63278111335,29675.367218886648
40631,1,91000.0,PhD,F,3,103884,HR,IC,0,IC,0,76930.77304190416,14069.226958095838
75262,0,258000.0,PhD,M,2,155570,marketing,IC,0,IC,0,198900.55025181093,59099.44974818907
75705,0,93000.0,Bachelor,F,2,171266,HR,MM,13,MM,13,96777.30145323042,-3777.3014532304223
176912,1,227000.0,Bachelor,M,1,174800,marketing,IC,0,IC,0,169925.83131011992,57074.16868988008
8007,0,71000.0,Master,M,8,10786,HR,IC,0,IC,0,76677.75206532142,-5677.752065321416
199858,0,274000.0,PhD,M,4,187183,marketing,IC,0,IC,0,210382.93359964158,63617.066400358424
35710,1,145000.0,Master,F,4,69200,sales,IC,0,IC,0,196357.1254950726,-51357.1254950726
91763,0,217000.0,Bachelor,F,2,65883,marketing,IC,0,IC,0,195854.82935350726,21145.17064649274
46601,0,324000.0,Master,F,2,91002,marketing,IC,0,IC,0,190948.4877860469,133051.5122139531
4241,0,93000.0,Bachelor,M,5,148236,sales,IC,0,IC,0,195038.08580704563,-102038.08580704563
115912,0,197000.0,Bachelor,M,1,180930,sales,IC,0,IC,0,179465.38885958475,17534.611140415247
142588,0,133000.0,High_School,M,1,141317,sales,IC,0,IC,0,186739.580228817,-53739.58022881701
96361,1,245000.0,High_School,M,1,180037,sales,IC,0,IC,0,182145.5554433057,62854.4445566943
150888,0,165000.0,Bachelor,M,3,164547,sales,IC,0,IC,0,194528.5959929,-29528.595992899995
39948,0,280000.0,Master,F,1,182116,sales,IC,0,IC,0,177865.95495298997,102134.04504701003
67719,0,61000.0,Master,M,3,68222,HR,IC,0,IC,0,81611.19715433878,-20611.197154338777
98590,1,146000.0,Master,M,2,52923,sales,IC,0,IC,0,195747.7721196565,-49747.772119656496
26529,0,95000.0,Master,M,2,24287,HR,IC,0,IC,0,75830.80845334244,19169.19154665756
191495,0,154000.0,Master,F,3,100942,sales,MM,15,MM,15,186564.25862695198,-32564.25862695198
112505,0,140000.0,Bachelor,M,2,97919,HR,IC,0,IC,0,83618.18616664072,56381.81383335928
11754,0,167000.0,High_School,F,7,64724,marketing,IC,0,IC,0,193993.40192235226,-26993.401922352263
139400,0,286000.0,Master,F,9,152960,sales,IC,0,IC,0,180049.27525863552,105950.72474136448
50701,0,71000.0,PhD,M,4,139278,HR,IC,0,IC,0,86837.11909178048,-15837.119091780478
17383,0,281000.0,PhD,F,2,16510,sales,IC,0,IC,0,202419.4707253329,78580.52927466709
34051,0,359000.0,PhD,F,26,11277,sales,VP,607,VP,607,330626.6666666667,28373.333333333314
193452,0,162000.0,PhD,M,4,47755,sales,MM,6,MM,6,185972.15816613668,-23972.15816613668
83423,1,205000.0,Master,M,3,101981,sales,IC,0,IC,0,188351.1977603531,16648.802239646902
37827,0,75000.0,Master,M,1,169231,sales,IC,0,IC,0,198051.2011472294,-123051.20114722941
158490,1,319000.0,PhD,F,18,74062,marketing,D,50,D,50,258861.39272677767,60138.607273222326
48453,0,217000.0,Bachelor,M,1,18312,engineering,IC,0,IC,0,253447.42674818967,-36447.42674818967
20576,1,104000.0,High_School,F,1,64858,HR,IC,0,IC,0,92385.18359065363,11614.816409346371
137765,0,159000.0,PhD,M,3,54136,marketing,IC,0,IC,0,204409.410789578,-45409.41078957799
31036,0,126000.0,PhD,F,7,64190,sales,IC,0,IC,0,200481.71279382356,-74481.71279382356
38821,1,134000.0,PhD,M,3,161132,marketing,IC,0,IC,0,184507.95041214005,-50507.95041214005
33819,0,221000.0,Bachelor,F,1,37434,sales,IC,0,IC,0,190803.3928173758,30196.607182624197
26859,0,146000.0,High_School,F,8,60609,sales,IC,0,IC,0,167744.6413551193,-21744.641355119296
48657,0,91000.0,High_School,M,1,194904,HR,IC,0,IC,0,91327.03513976384,-327.0351397638442
127577,1,63000.0,PhD,M,8,185285,HR,IC,0,IC,0,71273.27583378745,-8273.275833787455
25202,0,296000.0,High_School,F,5,82463,marketing,IC,0,IC,0,196285.1315942073,99714.86840579269
40887,0,160000.0,Bachelor,F,6,194078,marketing,IC,0,IC,0,191347.17958827774,-31347.179588277737
79237,0,123000.0,PhD,M,13,124893,marketing,MM,16,MM,16,189983.16017964657,-66983.16017964657
104203,0,134000.0,PhD,F,1,112643,sales,IC,0,IC,0,184864.59303542023,-50864.59303542023
32329,0,181000.0,PhD,M,2,27393,sales,IC,0,IC,0,201356.5442201449,-20356.54422014489
87878,0,216000.0,Bachelor,M,1,102712,sales,IC,0,IC,0,179465.38885958475,36534.61114041525
20189,0,238000.0,High_School,F,3,88303,sales,IC,0,IC,0,191417.9608666185,46582.039133381506
28159,0,222000.0,Master,M,1,124186,marketing,IC,0,IC,0,195691.75019170734,26308.24980829266
20010,0,131000.0,PhD,M,4,42096,sales,IC,0,IC,0,194705.84234154952,-63705.84234154952
175788,0,148000.0,PhD,F,1,81860,engineering,IC,0,IC,0,245816.63079848664,-97816.63079848664
55636,0,65000.0,PhD,M,3,45969,HR,MM,7,MM,7,71068.35521603336,-6068.355216033364
101667,0,105000.0,Bachelor,F,2,17211,HR,IC,0,IC,0,86599.55002878579,18400.449971214213
199161,0,249000.0,Master,M,4,181772,sales,IC,0,IC,0,194695.32052053208,54304.679479467915
181104,1,150000.0,Bachelor,M,3,124186,marketing,IC,0,IC,0,188192.39140789176,-38192.39140789176
79920,0,227000.0,Master,M,6,41175,engineering,IC,0,IC,0,250298.06490293815,-23298.064902938146
145230,0,317000.0,PhD,F,8,183824,engineering,IC,0,IC,0,276087.51702335564,40912.48297664436
38122,0,250000.0,PhD,M,6,66306,engineering,IC,0,IC,0,247728.11200962216,2271.8879903778434
171180,1,182000.0,Bachelor,F,6,109102,sales,IC,0,IC,0,200667.41278442592,-18667.41278442592
150051,0,145000.0,Bachelor,F,2,134944,sales,IC,0,IC,0,190325.4138625573,-45325.413862557296
58859,1,139000.0,Bachelor,M,4,95609,sales,IC,0,IC,0,200945.03521904073,-61945.03521904073
114240,0,71000.0,Bachelor,F,5,53856,HR,IC,0,IC,0,85695.75736501839,-14695.757365018391
118618,0,254000.0,PhD,M,6,67151,engineering,IC,0,IC,0,247728.11200962216,6271.887990377843
73837,0,308000.0,Bachelor,M,3,119991,engineering,IC,0,IC,0,244492.12806626968,63507.87193373032
183563,0,177000.0,High_School,M,3,46997,sales,IC,0,IC,0,193926.29331709526,-16926.29331709526
99385,0,158000.0,Bachelor,M,4,134944,sales,IC,0,IC,0,193264.55968086384,-35264.55968086384
19562,0,101000.0,Master,F,4,165442,sales,IC,0,IC,0,198453.75863186418,-97453.75863186418
152026,0,330000.0,High_School,M,5,195165,engineering,IC,0,IC,0,243781.76916131607,86218.23083868393
144869,0,319000.0,High_School,M,4,112302,engineering,IC,0,IC,0,250920.8991168643,68079.10088313569
129734,0,288000.0,PhD,M,3,17837,engineering,MM,14,MM,14,285954.81838815653,2045.1816118434654
172510,1,169000.0,Master,M,3,59862,engineering,IC,0,IC,0,243469.85093906373,-74469.85093906373
93159,1,186000.0,High_School,M,1,162381,engineering,IC,0,IC,0,201743.7749494076,-15743.774949407612
171869,1,193000.0,PhD,M,1,132360,sales,IC,0,IC,0,193940.69232599234,-940.6923259923351
103568,0,125000.0,Bachelor,F,3,144976,sales,IC,0,IC,0,194461.09812463698,-69461.09812463698
141415,0,241000.0,Master,M,2,23120,marketing,IC,0,IC,0,189747.8553120937,51252.144687906286
45828,0,125000.0,Bachelor,M,5,142685,sales,IC,0,IC,0,195038.08580704563,-70038.08580704563
42669,0,157000.0,PhD,M,1,96664,marketing,IC,0,IC,0,195577.15476246577,-38577.15476246577
145951,1,162000.0,PhD,M,2,132683,engineering,IC,0,IC,0,237027.23882378358,-75027.23882378358
118983,0,157000.0,High_School,M,4,136147,sales,IC,0,IC,0,192668.28755272523,-35668.28755272523
3912,0,91000.0,Master,M,2,104759,HR,IC,0,IC,0,75830.80845334244,15169.19154665756
88812,0,257000.0,PhD,M,6,110878,engineering,IC,0,IC,0,247728.11200962216,9271.887990377843
38747,0,200000.0,Master,M,5,5374,sales,IC,0,IC,0,196414.1583420818,3585.8416579182085
32197,0,183000.0,Master,M,8,131525,sales,IC,0,IC,0,182806.4628018026,193.53719819738762
111865,0,62000.0,Master,M,2,85426,HR,IC,0,IC,0,75830.80845334244,-13830.80845334244
78441,1,169000.0,PhD,M,5,28979,sales,IC,0,IC,0,191458.68923493737,-22458.689234937367
93860,0,210000.0,Master,M,2,174122,engineering,IC,0,IC,0,225404.836709512,-15404.83670951199
107842,0,363000.0,High_School,M,2,62043,engineering,IC,0,IC,0,226878.35789292358,136121.64210707642
109848,0,374000.0,High_School,M,5,3260,engineering,IC,0,IC,0,243781.76916131607,130218.23083868393
29525,0,78000.0,High_School,F,6,11507,HR,IC,0,IC,0,85934.09298729662,-7934.092987296623
153224,0,367000.0,Bachelor,M,1,92210,sales,IC,0,IC,0,179465.38885958475,187534.61114041525
32006,1,192000.0,Master,M,6,175593,sales,IC,0,IC,0,193447.7320829517,-1447.7320829516975
108286,1,136000.0,High_School,F,1,166729,marketing,IC,0,IC,0,152342.72348095477,-16342.723480954766
19424,0,318000.0,PhD,M,4,47553,engineering,MM,13,MM,13,294646.24428978167,23353.755710218335
13374,1,252000.0,Bachelor,M,3,129734,engineering,IC,0,IC,0,238207.9962027491,13792.003797250887
184671,0,346000.0,Bachelor,F,1,132683,engineering,IC,0,IC,0,221439.98962197226,124560.01037802774
25987,0,214000.0,High_School,M,1,181996,engineering,IC,0,IC,0,231847.76096461926,-17847.760964619258
75630,0,90000.0,Bachelor,F,3,97919,HR,IC,0,IC,0,83591.34611794354,6408.65388205646
16972,1,144000.0,Bachelor,F,5,30749,engineering,IC,0,IC,0,239305.37951119905,-95305.37951119905
100363,0,138000.0,PhD,M,4,150722,marketing,IC,0,IC,0,210382.93359964158,-72382.93359964158
72811,0,259000.0,Master,F,2,130204,marketing,IC,0,IC,0,190948.4877860469,68051.5122139531
149850,0,228000.0,Master,M,5,27781,marketing,IC,0,IC,0,192239.89997562923,35760.10002437077
169428,0,206000.0,High_School,M,1,34163,sales,IC,0,IC,0,186739.580228817,19260.41977118299
105240,0,225000.0,Master,M,5,32572,marketing,IC,0,IC,0,192239.89997562923,32760.100024370768
141343,0,237000.0,Bachelor,M,8,95522,marketing,IC,0,IC,0,190835.4442587671,46164.55574123291
91210,0,71000.0,Bachelor,M,7,185285,HR,IC,0,IC,0,78143.12642095941,-7143.126420959408
2644,0,79000.0,PhD,M,2,154897,sales,MM,10,MM,10,179674.60358256186,-100674.60358256186
187979,0,90000.0,Bachelor,F,3,43704,HR,IC,0,IC,0,83591.34611794354,6408.65388205646
115133,1,237000.0,Bachelor,M,4,119658,engineering,IC,0,IC,0,243628.2627138922,-6628.262713892211
168942,0,69000.0,PhD,M,2,185138,HR,MM,6,MM,6,73126.96089150844,-4126.960891508439
76760,0,67000.0,Bachelor,F,6,181781,HR,IC,0,IC,0,83463.54288976562,-16463.542889765624
127964,0,202000.0,Bachelor,M,5,102102,sales,IC,0,IC,0,195038.08580704563,6961.914192954369
180356,0,150000.0,Bachelor,M,5,10357,marketing,IC,0,IC,0,192321.90017747923,-42321.90017747923
120076,0,281000.0,High_School,M,1,79735,engineering,IC,0,IC,0,231847.76096461926,49152.23903538074
126257,0,251000.0,Bachelor,M,12,98225,engineering,MM,15,MM,15,261800.87062336766,-10800.870623367664
56914,1,170000.0,PhD,F,3,191485,sales,IC,0,IC,0,187415.0410806651,-17415.041080665105
183752,0,335000.0,PhD,F,4,47618,marketing,IC,0,IC,0,215242.36812769604,119757.63187230396
177240,1,62000.0,High_School,M,6,135848,marketing,IC,0,IC,0,177651.04742009717,-115651.04742009717
156060,1,88000.0,PhD,F,2,85791,sales,IC,0,IC,0,186910.43460369,-98910.43460369
159620,1,214000.0,PhD,M,5,179929,sales,IC,0,IC,0,191458.68923493737,22541.310765062633
76600,0,304000.0,Master,M,5,29547,engineering,IC,0,IC,0,241342.61319268073,62657.38680731927
156036,0,242000.0,PhD,M,13,74062,marketing,D,72,D,72,232911.93457033162,9088.065429668379
196280,1,261000.0,Bachelor,F,3,5743,sales,IC,0,IC,0,194975.3755380346,66024.6244619654
105927,0,66000.0,Master,F,4,742,HR,IC,0,IC,0,79232.74241669648,-13232.742416696477
162143,0,67000.0,Master,M,2,51923,HR,IC,0,IC,0,75830.80845334244,-8830.80845334244
66119,0,291000.0,PhD,F,21,34051,sales,D,105,D,105,196200.8210678211,94799.17893217891
167377,0,220000.0,Master,M,1,149245,marketing,IC,0,IC,0,195691.75019170734,24308.24980829266
188144,0,78000.0,Master,M,1,81421,HR,IC,0,IC,0,77429.4837578407,570.5162421592977
166758,0,128000.0,Master,M,3,187183,marketing,IC,0,IC,0,195418.4685635701,-67418.46856357009
145745,0,155000.0,PhD,M,2,136468,sales,IC,0,IC,0,201356.5442201449,-46356.54422014489
164897,1,259000.0,PhD,M,3,71130,engineering,IC,0,IC,0,246707.47890110445,12292.521098895551
36929,0,339000.0,Master,M,2,92403,sales,IC,0,IC,0,196044.60399481485,142955.39600518515
24261,0,113000.0,High_School,M,3,12214,sales,IC,0,IC,0,193926.29331709526,-80926.29331709526
99072,0,240000.0,High_School,M,5,119964,marketing,IC,0,IC,0,190498.8311588766,49501.168841123406
150244,0,230000.0,Master,F,6,192132,marketing,IC,0,IC,0,191657.88654472306,38342.113455276936
94611,0,206000.0,Master,M,9,194121,engineering,MM,10,MM,10,250059.62918170742,-44059.62918170742
128030,0,329000.0,Master,M,2,77613,sales,IC,0,IC,0,196044.60399481485,132955.39600518515
125164,0,209000.0,Master,M,3,41335,engineering,IC,0,IC,0,244073.52979870792,-35073.529798707925
14081,0,162000.0,PhD,F,4,109102,sales,IC,0,IC,0,200837.55383701346,-38837.55383701346
146932,0,237000.0,Master,M,3,7255,engineering,IC,0,IC,0,244073.52979870792,-7073.529798707925
127075,0,67000.0,Master,M,3,29749,HR,IC,0,IC,0,81611.19715433878,-14611.197154338777
179417,0,145000.0,PhD,M,6,191073,sales,IC,0,IC,0,194022.9025924341,-49022.90259243411
188415,1,134000.0,Bachelor,F,5,47472,engineering,IC,0,IC,0,239305.37951119905,-105305.37951119905
9948,1,220000.0,PhD,M,1,64452,sales,IC,0,IC,0,193940.69232599234,26059.307674007665
42756,0,135000.0,Bachelor,M,4,41991,sales,IC,0,IC,0,193264.55968086384,-58264.55968086384
173182,0,179000.0,Bachelor,F,5,184998,sales,IC,0,IC,0,201703.6417993344,-22703.641799334408
117973,0,83000.0,Master,F,1,89837,marketing,IC,0,IC,0,191328.91733028728,-108328.91733028728
44930,1,185000.0,PhD,M,3,82657,sales,IC,0,IC,0,182782.6484747099,2217.3515252901125
48971,0,64000.0,Bachelor,F,3,107694,HR,IC,0,IC,0,83591.34611794354,-19591.34611794354
193227,0,202000.0,Bachelor,M,6,113578,marketing,IC,0,IC,0,189453.14893188572,12546.85106811428
164635,0,200000.0,Master,M,5,162518,sales,IC,0,IC,0,196414.1583420818,3585.8416579182085
143414,0,281000.0,Master,F,3,151838,sales,IC,0,IC,0,191260.8810195265,89739.11898047349
108296,0,194000.0,Master,F,1,146473,marketing,IC,0,IC,0,191328.91733028728,2671.0826697127195
74791,0,255000.0,PhD,F,6,60489,marketing,IC,0,IC,0,205528.0855651748,49471.91443482519
139846,1,326000.0,Master,M,3,158888,sales,IC,0,IC,0,188351.1977603531,137648.8022396469
183445,0,103000.0,Bachelor,M,1,69463,marketing,IC,0,IC,0,195298.98660263894,-92298.98660263894
40237,0,241000.0,PhD,M,2,195165,engineering,IC,0,IC,0,239738.82647541008,1261.173524589918
158609,0,132000.0,Bachelor,M,5,193088,sales,MM,11,MM,11,192537.22568236827,-60537.22568236827
8663,0,259000.0,Master,M,4,193088,sales,MM,12,MM,12,207026.41872343372,51973.581276566285
35029,0,204000.0,Bachelor,M,6,140061,sales,IC,0,IC,0,193558.3030501584,10441.6969498416
16178,1,122000.0,Bachelor,M,8,71889,HR,D,20,D,20,96457.03846153845,25542.961538461546
42644,0,347000.0,Master,F,4,98558,engineering,IC,0,IC,0,241976.73593625068,105023.26406374932
108055,1,241000.0,Bachelor,M,2,174800,marketing,IC,0,IC,0,188339.52808760988,52660.471912390116
152807,0,374000.0,PhD,F,2,150300,marketing,IC,0,IC,0,202112.82741275989,171887.17258724011
99200,0,134000.0,High_School,F,2,68222,HR,IC,0,IC,0,84827.81499972833,49172.18500027167
179416,0,200000.0,Master,M,2,62990,sales,IC,0,IC,0,196044.60399481485,3955.3960051851464
72541,0,94000.0,PhD,M,4,129778,HR,IC,0,IC,0,86837.11909178048,7162.880908219522
81276,0,137000.0,High_School,M,3,190566,marketing,IC,0,IC,0,196140.8951932918,-59140.8951932918
98159,0,88000.0,Bachelor,F,2,32405,HR,IC,0,IC,0,86599.55002878579,1400.4499712142133
137208,0,318000.0,Master,M,3,5743,sales,IC,0,IC,0,195369.80999597523,122630.19000402477
43951,1,74000.0,PhD,F,2,54997,sales,IC,0,IC,0,186910.43460369,-112910.43460369
137988,0,76000.0,Master,F,4,189742,HR,IC,0,IC,0,79232.74241669648,-3232.7424166964774
184511,0,273000.0,Bachelor,F,8,70547,marketing,IC,0,IC,0,206881.33730948812,66118.66269051188
2906,1,177000.0,High_School,M,6,88936,sales,IC,0,IC,0,193059.48051434927,-16059.48051434927
113116,1,159000.0,High_School,M,2,30488,marketing,IC,0,IC,0,196899.97053999678,-37899.97053999678
97010,0,78000.0,Bachelor,F,2,182028,engineering,IC,0,IC,0,241425.92290671106,-163425.92290671106
55492,0,181000.0,Bachelor,M,3,191454,marketing,IC,0,IC,0,195837.03111956886,-14837.031119568856
89577,1,117000.0,High_School,M,1,150722,marketing,IC,0,IC,0,201774.6310184148,-84774.6310184148
46174,0,365000.0,PhD,M,3,79735,engineering,IC,0,IC,0,244594.82101961187,120405.17898038813
64642,0,62000.0,High_School,F,4,61517,HR,IC,0,IC,0,77198.66979097077,-15198.669790970773
185124,0,271000.0,PhD,M,1,71130,engineering,IC,0,IC,0,245381.45541854406,25618.544581455935
162984,0,86000.0,High_School,M,5,23737,HR,IC,0,IC,0,79935.7666218699,6064.233378130099
696,1,67000.0,Bachelor,F,1,157064,marketing,IC,0,IC,0,200189.67771152535,-133189.67771152535
139254,0,364000.0,High_School,M,3,191289,engineering,IC,0,IC,0,251988.4772456092,112011.52275439081
60855,1,221000.0,High_School,M,1,22145,sales,IC,0,IC,0,182145.5554433057,38854.4445566943
109120,0,111000.0,Master,M,5,83032,marketing,IC,0,IC,0,192239.89997562923,-81239.89997562923
12531,0,214000.0,Bachelor,F,2,148865,sales,IC,0,IC,0,190325.4138625573,23674.586137442704
77980,0,355000.0,Master,M,1,186283,engineering,IC,0,IC,0,253167.61103592915,101832.38896407085
150096,0,294000.0,PhD,F,3,168797,marketing,IC,0,IC,0,211839.30129742634,82160.69870257366
52952,0,163000.0,High_School,M,7,158777,marketing,IC,0,IC,0,194858.95220885216,-31858.952208852163
56354,1,102000.0,PhD,M,5,59555,marketing,IC,0,IC,0,198245.7378544605,-96245.73785446049
146773,1,216000.0,PhD,F,3,37124,sales,IC,0,IC,0,187415.0410806651,28584.958919334895
124595,0,184000.0,Master,M,3,129410,sales,IC,0,IC,0,195369.80999597523,-11369.809995975229
95892,0,363000.0,PhD,M,1,71130,engineering,IC,0,IC,0,245381.45541854406,117618.54458145594
8809,1,90000.0,Master,M,3,55972,HR,IC,0,IC,0,74398.09261606609,15601.90738393391
111518,1,180000.0,PhD,M,2,135846,sales,IC,0,IC,0,191180.20114872733,-11180.201148727327
20101,0,195000.0,Master,F,5,169574,marketing,IC,0,IC,0,195556.18676362679,-556.1867636267853
175512,0,85000.0,Bachelor,F,2,150290,HR,IC,0,IC,0,86599.55002878579,-1599.5500287857867
63165,1,391000.0,PhD,M,6,198648,marketing,IC,0,IC,0,194897.30397634246,196102.69602365754
182752,0,185000.0,High_School,M,2,197832,marketing,IC,0,IC,0,195512.34328319496,-10512.343283194961
119210,0,89000.0,Bachelor,F,2,117376,HR,IC,0,IC,0,86599.55002878579,2400.4499712142133
107049,0,155000.0,High_School,M,11,34280,sales,D,45,D,45,164430.14456160978,-9430.144561609777
98337,0,145000.0,High_School,F,1,147106,sales,IC,0,IC,0,184712.4239725275,-39712.4239725275
102195,0,101000.0,Master,F,1,142276,HR,IC,0,IC,0,82364.56846565497,18635.43153434503
161543,0,132000.0,PhD,F,3,144219,engineering,IC,0,IC,0,250494.2058762398,-118494.20587623981
78149,1,259000.0,Bachelor,M,1,134671,sales,IC,0,IC,0,180018.0883550749,78981.9116449251
21950,0,212000.0,Master,M,1,102026,sales,IC,0,IC,0,198051.2011472294,13948.79885277059
43519,0,203000.0,PhD,M,4,112302,engineering,IC,0,IC,0,241182.17333249372,-38182.17333249372
92601,0,305000.0,High_School,M,6,47472,engineering,IC,0,IC,0,264491.40438673896,40508.595613261044
177929,0,67000.0,Master,M,3,148865,sales,IC,0,IC,0,195369.80999597523,-128369.80999597523
41529,1,75000.0,PhD,F,2,177489,marketing,IC,0,IC,0,178705.9724548009,-103705.97245480091
90032,0,69000.0,Master,F,1,1791,HR,IC,0,IC,0,82364.56846565497,-13364.568465654971
116547,1,67000.0,Master,F,3,55476,marketing,IC,0,IC,0,173192.14355952016,-106192.14355952016
29801,0,267000.0,High_School,M,2,181219,marketing,IC,0,IC,0,195512.34328319496,71487.65671680504
113441,0,85000.0,Bachelor,F,2,134048,sales,IC,0,IC,0,190325.4138625573,-105325.4138625573
110438,0,126000.0,Bachelor,F,3,144211,engineering,IC,0,IC,0,259876.0519044494,-133876.0519044494
187790,0,202000.0,Bachelor,M,3,53374,sales,IC,0,IC,0,194528.5959929,7471.404007100005
67896,1,173000.0,High_School,F,1,92585,marketing,IC,0,IC,0,152342.72348095477,20657.276519045234
106589,0,274000.0,Bachelor,M,1,144401,sales,IC,0,IC,0,179465.38885958475,94534.61114041525
78089,0,159000.0,Master,M,3,29960,marketing,IC,0,IC,0,195418.4685635701,-36418.46856357009
69664,0,275000.0,Master,M,7,147249,engineering,IC,0,IC,0,239867.33568426527,35132.66431573473
179489,1,263000.0,Bachelor,F,2,129410,sales,IC,0,IC,0,192222.09002881806,70777.90997118194
65386,0,87000.0,Master,F,3,22977,HR,IC,0,IC,0,83947.66681572703,3052.3331842729676
162469,0,80000.0,Master,F,2,180930,sales,IC,0,IC,0,192912.71319514548,-112912.71319514548
119090,1,258000.0,Master,M,8,8198,engineering,IC,0,IC,0,217148.62717740008,40851.37282259992
66901,0,85000.0,PhD,F,1,252,HR,IC,0,IC,0,87076.16641899414,-2076.1664189941366
25626,0,244000.0,Master,M,2,14470,sales,IC,0,IC,0,196044.60399481485,47955.396005185146
89091,1,65000.0,Bachelor,F,2,151005,marketing,IC,0,IC,0,171278.59057555642,-106278.59057555642
43200,1,328000.0,PhD,M,2,55481,engineering,IC,0,IC,0,237027.23882378358,90972.76117621642
1610,1,131000.0,Bachelor,M,9,145161,engineering,MM,14,MM,14,220427.49583982714,-89427.49583982714
26589,0,145000.0,Bachelor,M,3,56316,sales,IC,0,IC,0,194528.5959929,-49528.595992899995
162583,0,73000.0,High_School,M,2,189148,HR,IC,0,IC,0,84800.74930108206,-11800.749301082062
62298,0,83000.0,Bachelor,F,9,138823,HR,MM,13,MM,13,101103.43466983427,-18103.43466983427
18503,0,166000.0,High_School,M,5,20828,marketing,IC,0,IC,0,190498.8311588766,-24498.831158876594
28136,0,110000.0,Master,M,2,149485,sales,IC,0,IC,0,196044.60399481485,-86044.60399481485
47618,1,156000.0,PhD,M,13,71532,marketing,MM,10,MM,10,170351.0275397725,-14351.027539772505
64452,0,229000.0,High_School,M,11,3235,sales,MM,13,MM,13,181440.30650512793,47559.693494872074
77732,0,176000.0,High_School,M,3,102684,sales,IC,0,IC,0,193926.29331709526,-17926.29331709526
146014,0,82000.0,Bachelor,F,5,115765,HR,IC,0,IC,0,85695.75736501839,-3695.7573650183913
192958,0,65000.0,Bachelor,M,3,143050,marketing,IC,0,IC,0,195837.03111956886,-130837.03111956886
71757,0,136000.0,Bachelor,M,4,91869,marketing,MM,8,MM,8,176842.20927298174,-40842.20927298174
20828,1,312000.0,Master,F,5,156036,marketing,MM,14,MM,14,246386.32194445736,65613.67805554264
191579,0,299000.0,PhD,M,5,11275,marketing,IC,0,IC,0,203274.43239263128,95725.56760736872
32938,0,237000.0,Bachelor,M,5,42270,engineering,MM,11,MM,11,230036.80284834397,6963.19715165603
113345,0,143000.0,Bachelor,M,3,142850,sales,IC,0,IC,0,194528.5959929,-51528.595992899995
140045,0,167000.0,Bachelor,M,4,148795,engineering,IC,0,IC,0,245313.12529643642,-78313.12529643642
12488,0,236000.0,PhD,M,2,123258,marketing,IC,0,IC,0,198900.55025181093,37099.44974818907
131755,0,332000.0,High_School,M,6,77670,sales,IC,0,IC,0,190398.68369662002,141601.31630337998
161418,0,169000.0,PhD,F,4,5743,sales,IC,0,IC,0,200837.55383701346,-31837.55383701346
171432,0,341000.0,PhD,M,7,119658,engineering,IC,0,IC,0,243957.16219824034,97042.83780175966
25819,0,338000.0,Master,M,1,68201,sales,IC,0,IC,0,198051.2011472294,139948.7988527706
149980,0,111000.0,Master,F,3,123502,HR,IC,0,IC,0,83947.66681572703,27052.333184272968
8207,1,126000.0,Bachelor,M,10,185673,engineering,D,32,D,32,222874.85764809902,-96874.85764809902
60226,1,399000.0,Bachelor,M,2,46178,engineering,IC,0,IC,0,242862.72183744767,156137.27816255233
186958,1,294000.0,Master,M,7,174122,engineering,IC,0,IC,0,225125.6637037776,68874.3362962224
91030,0,274000.0,PhD,M,4,55883,engineering,IC,0,IC,0,241182.17333249372,32817.82666750628
94847,0,221000.0,Master,M,4,63785,engineering,IC,0,IC,0,241830.84919374806,-20830.849193748058
80464,1,223000.0,High_School,M,3,103981,marketing,IC,0,IC,0,191326.7881611632,31673.21183883681
83990,0,282000.0,Master,M,4,148236,sales,IC,0,IC,0,194695.32052053208,87304.67947946792
43388,0,318000.0,PhD,M,1,123103,engineering,IC,0,IC,0,245381.45541854406,72618.54458145594
96198,1,62000.0,Bachelor,F,3,17211,HR,IC,0,IC,0,76970.02324908353,-14970.023249083533
56156,1,146000.0,Bachelor,M,1,7349,marketing,IC,0,IC,0,169925.83131011992,-23925.831310119916
27940,1,288000.0,High_School,M,5,168951,sales,IC,0,IC,0,196471.22445234368,91528.77554765632
17034,0,381000.0,High_School,M,2,120638,engineering,IC,0,IC,0,226878.35789292358,154121.64210707642
128132,0,294000.0,PhD,F,3,176415,engineering,IC,0,IC,0,250494.2058762398,43505.79412376019
25967,0,233000.0,PhD,F,3,83032,marketing,IC,0,IC,0,211839.30129742634,21160.69870257366
86790,0,196000.0,Bachelor,M,2,66160,sales,IC,0,IC,0,196776.30656462905,-776.3065646290488
66470,1,226000.0,Bachelor,M,6,152791,sales,IC,0,IC,0,198291.83614469276,27708.16385530724
153197,0,351000.0,Bachelor,F,2,148646,engineering,IC,0,IC,0,241425.92290671106,109574.07709328894
139498,1,86000.0,Bachelor,F,6,27018,HR,IC,0,IC,0,92945.69396992728,-6945.693969927277
124269,0,65000.0,High_School,F,5,5889,HR,IC,0,IC,0,82936.4626631867,-17936.4626631867
182777,0,153000.0,Bachelor,M,4,124893,marketing,MM,11,MM,11,212640.73130560303,-59640.731305603025
189462,0,78000.0,Master,M,3,139180,marketing,IC,0,IC,0,195418.4685635701,-117418.46856357009
86107,0,246000.0,PhD,M,4,183824,engineering,IC,0,IC,0,241182.17333249372,4817.826667506277
139792,0,95000.0,Bachelor,M,5,39231,HR,IC,0,IC,0,83388.6198347678,11611.3801652322
126368,0,174000.0,PhD,M,3,183175,sales,MM,13,MM,13,205873.5199425631,-31873.519942563114
96942,0,117000.0,Master,M,7,42096,sales,IC,0,IC,0,189796.9743375098,-72796.9743375098
55390,0,164000.0,PhD,F,4,48690,sales,IC,0,IC,0,200837.55383701346,-36837.55383701346
194029,0,179000.0,Bachelor,M,1,162035,sales,IC,0,IC,0,179465.38885958475,-465.38885958475294
181476,0,276000.0,PhD,F,2,136468,sales,IC,0,IC,0,202419.4707253329,73580.52927466709
28096,0,340000.0,High_School,M,5,145710,engineering,IC,0,IC,0,243781.76916131607,96218.23083868393
74093,0,121000.0,Master,F,3,129287,HR,IC,0,IC,0,83947.66681572703,37052.33318427297
127979,0,255000.0,High_School,F,4,160476,sales,IC,0,IC,0,198949.1492696776,56050.85073032239
178109,0,158000.0,Master,F,3,156927,marketing,IC,0,IC,0,191708.4988256018,-33708.4988256018
57647,1,258000.0,PhD,M,6,67931,engineering,IC,0,IC,0,225989.68999128733,32010.310008712666
120649,0,121000.0,PhD,F,2,66306,engineering,IC,0,IC,0,245586.57159200107,-124586.57159200107
128296,0,316000.0,Bachelor,M,3,110508,engineering,IC,0,IC,0,244492.12806626968,71507.87193373032
7492,0,150000.0,Bachelor,M,2,57185,engineering,IC,0,IC,0,238810.46474319053,-88810.46474319053
93273,0,341000.0,Master,M,2,92845,engineering,IC,0,IC,0,225404.836709512,115595.16329048801
103470,0,231000.0,Bachelor,M,2,50761,marketing,IC,0,IC,0,196739.27564649528,34260.72435350472
178662,0,301000.0,Master,F,1,54808,sales,IC,0,IC,0,177865.95495298997,123134.04504701003
159427,1,355000.0,Master,M,3,92845,engineering,IC,0,IC,0,243469.85093906373,111530.14906093627
133779,0,354000.0,PhD,F,5,129410,sales,IC,0,IC,0,201521.88967796802,152478.11032203198
99494,0,281000.0,Master,F,6,180930,sales,IC,0,IC,0,195325.24825658792,85674.75174341208
84539,0,217000.0,PhD,M,2,73893,sales,IC,0,IC,0,201356.5442201449,15643.45577985511
83914,0,240000.0,PhD,M,6,7255,engineering,IC,0,IC,0,247728.11200962216,-7728.112009622157
167175,0,287000.0,Bachelor,M,5,160261,marketing,IC,0,IC,0,192321.90017747923,94678.09982252077
185982,0,154000.0,PhD,F,7,171907,sales,MM,10,MM,10,192116.11614273544,-38116.11614273544
108387,0,272000.0,PhD,M,1,167921,engineering,IC,0,IC,0,245381.45541854406,26618.544581455935
134607,0,384000.0,High_School,M,3,176415,engineering,IC,0,IC,0,251988.4772456092,132011.5227543908
166424,1,206000.0,PhD,M,5,134671,sales,IC,0,IC,0,191458.68923493737,14541.310765062633
116731,0,72000.0,PhD,M,7,104539,HR,IC,0,IC,0,81811.02716801292,-9811.027168012923
802,0,280000.0,Master,F,2,170922,sales,IC,0,IC,0,192912.71319514548,87087.28680485452
169558,0,64000.0,Master,F,1,185285,HR,IC,0,IC,0,82364.56846565497,-18364.56846565497
98767,0,120000.0,PhD,M,1,64724,marketing,IC,0,IC,0,195577.15476246577,-75577.15476246577
107820,0,135000.0,High_School,M,5,88007,sales,IC,0,IC,0,190414.06772590298,-55414.067725902976
58386,0,118000.0,PhD,M,6,103014,engineering,IC,0,IC,0,247728.11200962216,-129728.11200962216
8175,0,63000.0,PhD,F,5,100373,HR,IC,0,IC,0,81307.52954187465,-18307.529541874654
31340,0,329000.0,High_School,F,3,151838,sales,IC,0,IC,0,191417.9608666185,137582.0391333815
198094,1,71000.0,Master,M,3,112643,sales,IC,0,IC,0,188351.1977603531,-117351.1977603531
29127,0,226000.0,PhD,M,5,189627,sales,IC,0,IC,0,192559.0137282462,33440.98627175379
14181,0,90000.0,Master,M,5,184885,HR,IC,0,IC,0,79443.02078272104,10556.97921727896
60733,0,268000.0,Master,M,4,197206,marketing,IC,0,IC,0,194518.27840682067,73481.72159317933
58741,0,85000.0,Master,F,3,77556,HR,IC,0,IC,0,83947.66681572703,1052.3331842729676
17611,0,131000.0,Bachelor,M,4,41808,HR,IC,0,IC,0,85853.00043622433,45146.999563775666
174516,0,213000.0,High_School,M,4,189627,sales,IC,0,IC,0,192668.28755272523,20331.712447274767
89068,0,188000.0,Master,M,4,25367,marketing,IC,0,IC,0,194518.27840682067,-6518.278406820667
18639,0,238000.0,Bachelor,F,4,67522,sales,IC,0,IC,0,199971.48280086013,38028.51719913987
139915,0,262000.0,Master,M,2,62043,engineering,IC,0,IC,0,225404.836709512,36595.16329048801
94845,0,87000.0,Master,F,2,183283,HR,IC,0,IC,0,82960.55864883834,4039.4413511616585
13707,0,136000.0,High_School,M,5,131525,sales,IC,0,IC,0,190414.06772590298,-54414.067725902976
177250,0,210000.0,Bachelor,M,1,6536,marketing,IC,0,IC,0,195298.98660263894,14701.013397361065
8193,1,104000.0,High_School,F,2,152076,engineering,MM,7,MM,7,145215.23861812346,-41215.23861812346
42193,0,191000.0,High_School,M,5,74264,marketing,IC,0,IC,0,190498.8311588766,501.1688411234063
3785,1,187000.0,High_School,M,3,190249,marketing,IC,0,IC,0,191326.7881611632,-4326.788161163189
52923,1,248000.0,Bachelor,F,14,134865,sales,MM,13,MM,13,244877.2653062982,3122.7346937017865
40611,0,140000.0,Master,M,5,32572,marketing,IC,0,IC,0,192239.89997562923,-52239.89997562923
61670,0,104000.0,Bachelor,M,2,96060,HR,IC,0,IC,0,83618.18616664072,20381.81383335928
104999,1,296000.0,Bachelor,M,2,92845,engineering,IC,0,IC,0,242862.72183744767,53137.278162552335
127974,0,117000.0,PhD,F,1,11507,HR,IC,0,IC,0,87076.16641899414,29923.833581005863
129644,1,172000.0,Bachelor,M,1,183824,engineering,IC,0,IC,0,241459.58846692662,-69459.58846692662
143782,0,234000.0,Master,M,2,87884,engineering,IC,0,IC,0,225404.836709512,8595.16329048801
187657,0,63000.0,Bachelor,F,3,57701,HR,IC,0,IC,0,83591.34611794354,-20591.34611794354
44695,0,75000.0,PhD,F,6,180006,HR,IC,0,IC,0,80224.81814815088,-5224.81814815088
116120,0,178000.0,Master,F,4,43420,sales,IC,0,IC,0,198453.75863186418,-20453.758631864184
46860,1,172000.0,Master,M,3,32159,sales,IC,0,IC,0,188351.1977603531,-16351.197760353098
147265,0,235000.0,Bachelor,M,2,18939,sales,IC,0,IC,0,196776.30656462905,38223.69343537095
14455,0,248000.0,PhD,F,5,192414,sales,IC,0,IC,0,201521.88967796802,46478.11032203198
73496,0,214000.0,Master,F,1,150300,marketing,IC,0,IC,0,191328.91733028728,22671.08266971272
126631,0,259000.0,High_School,M,3,59555,marketing,IC,0,IC,0,196140.8951932918,62859.1048067082
30067,0,79000.0,PhD,F,6,33665,HR,IC,0,IC,0,80224.81814815088,-1224.81814815088
99658,0,188000.0,PhD,M,1,147819,sales,IC,0,IC,0,198908.11730505654,-10908.117305056541
179901,0,171000.0,Bachelor,M,5,158888,sales,IC,0,IC,0,195038.08580704563,-24038.08580704563
22920,1,85000.0,Master,M,6,115694,engineering,IC,0,IC,0,229476.66225561104,-144476.66225561104
153252,0,84000.0,Bachelor,M,3,119576,engineering,IC,0,IC,0,244492.12806626968,-160492.12806626968
80322,0,249000.0,Bachelor,F,2,61811,sales,IC,0,IC,0,190325.4138625573,58674.586137442704
186623,0,178000.0,PhD,F,5,167877,sales,IC,0,IC,0,201521.88967796802,-23521.88967796802
59477,0,78000.0,High_School,F,1,16445,HR,IC,0,IC,0,84206.1973205254,-6206.1973205254035
17813,0,257000.0,Bachelor,M,5,64452,sales,IC,0,IC,0,195038.08580704563,61961.91419295437
197313,0,176000.0,Bachelor,F,1,82698,sales,IC,0,IC,0,190803.3928173758,-14803.392817375803
32489,1,121000.0,PhD,M,3,11275,marketing,IC,0,IC,0,184507.95041214005,-63507.95041214005
196153,0,330000.0,High_School,M,3,35499,sales,IC,0,IC,0,193926.29331709526,136073.70668290474
102712,1,209000.0,Bachelor,F,8,157492,sales,MM,11,MM,11,206325.11711584427,2674.882884155726
40222,1,176000.0,High_School,M,2,148236,sales,IC,0,IC,0,197187.20652557365,-21187.206525573652
36113,0,264000.0,PhD,M,3,132309,sales,IC,0,IC,0,197202.7515403313,66797.24845966871
135161,1,191000.0,PhD,M,4,1610,engineering,IC,0,IC,0,236378.21786726158,-45378.217867261585
174551,0,274000.0,High_School,M,4,84193,marketing,IC,0,IC,0,195051.7370391725,78948.2629608275
129883,0,233000.0,PhD,M,6,115856,sales,IC,0,IC,0,194022.9025924341,38977.09740756589
181296,0,154000.0,PhD,F,2,159996,sales,IC,0,IC,0,202419.4707253329,-48419.47072533291
34028,0,122000.0,Master,M,1,1651,engineering,IC,0,IC,0,253167.61103592915,-131167.61103592915
7956,0,317000.0,PhD,M,1,142104,engineering,IC,0,IC,0,245381.45541854406,71618.54458145594
50989,0,282000.0,PhD,M,1,52796,sales,IC,0,IC,0,198908.11730505654,83091.88269494346
133927,0,210000.0,Master,M,14,42270,engineering,MM,14,MM,14,222045.6603778688,-12045.6603778688
169935,0,203000.0,PhD,M,4,67522,sales,IC,0,IC,0,194705.84234154952,8294.15765845048
113830,1,108000.0,High_School,M,1,71987,HR,IC,0,IC,0,89043.06332838496,18956.93667161504
195798,0,76000.0,PhD,F,4,177495,HR,IC,0,IC,0,82462.33964853613,-6462.33964853613
66698,0,274000.0,PhD,M,1,5374,sales,IC,0,IC,0,198908.11730505654,75091.88269494346
11535,0,325000.0,High_School,M,3,168905,engineering,IC,0,IC,0,251988.4772456092,73011.52275439081
141156,0,249000.0,PhD,M,6,108164,sales,IC,0,IC,0,194022.9025924341,54977.09740756589
147090,0,61000.0,High_School,F,4,174009,HR,IC,0,IC,0,77198.66979097077,-16198.669790970773
66974,0,163000.0,Master,F,2,116180,engineering,IC,0,IC,0,260023.70872319196,-97023.70872319196
78530,1,108000.0,PhD,M,2,146473,marketing,IC,0,IC,0,180493.22465190728,-72493.22465190728
184236,0,82000.0,Master,F,12,59566,HR,MM,9,MM,9,84936.15688820036,-2936.156888200363
13567,0,142000.0,High_School,M,3,5282,sales,IC,0,IC,0,193926.29331709526,-51926.29331709526
183045,1,157000.0,PhD,M,9,39726,engineering,MM,11,MM,11,218862.3448897902,-61862.3448897902
163170,0,366000.0,High_School,F,4,68821,engineering,IC,0,IC,0,241138.99966121474,124861.00033878526
177407,0,201000.0,Bachelor,M,8,185976,engineering,IC,0,IC,0,229476.58349799537,-28476.583497995365
30375,0,291000.0,Master,M,4,73663,marketing,IC,0,IC,0,194518.27840682067,96481.72159317933
70659,0,375000.0,PhD,M,3,48352,engineering,IC,0,IC,0,244594.82101961187,130405.17898038813
2449,0,305000.0,PhD,M,3,50761,marketing,IC,0,IC,0,204409.410789578,100590.58921042201
26053,1,180000.0,PhD,M,9,93708,HR,MM,5,VP,327,151574.1074249605,28425.8925750395
8350,0,180000.0,PhD,F,2,189627,sales,IC,0,IC,0,202419.4707253329,-22419.47072533291
171940,0,245000.0,PhD,M,13,70434,marketing,MM,14,MM,14,211765.1365976787,33234.863402321294
103112,1,293000.0,PhD,M,1,88936,sales,IC,0,IC,0,193940.69232599234,99059.30767400766
2152,1,219000.0,High_School,F,4,8663,sales,IC,0,IC,0,198726.40167991037,20273.59832008963
190956,0,220000.0,PhD,F,2,154381,sales,IC,0,IC,0,202419.4707253329,17580.52927466709
81644,0,308000.0,PhD,M,4,146629,engineering,MM,11,MM,11,281619.9248815627,26380.075118437293
95834,0,117000.0,Master,M,3,55636,HR,IC,0,IC,0,81611.19715433878,35388.80284566122
115697,0,288000.0,PhD,M,3,57938,engineering,IC,0,IC,0,244594.82101961187,43405.178980388126
44645,0,142000.0,Bachelor,M,2,32159,sales,IC,0,IC,0,196776.30656462905,-54776.30656462905
128419,1,284000.0,High_School,M,1,71945,engineering,IC,0,IC,0,201743.7749494076,82256.22505059239
146010,0,72000.0,Bachelor,M,2,115765,HR,IC,0,IC,0,83618.18616664072,-11618.18616664072
112346,0,80000.0,PhD,M,2,172541,HR,IC,0,IC,0,76157.36192109241,3842.638078907592
4557,0,225000.0,Bachelor,M,3,168905,engineering,IC,0,IC,0,244492.12806626968,-19492.12806626968
81565,0,77000.0,PhD,M,6,168942,HR,IC,0,IC,0,79413.27248501003,-2413.272485010035
94978,0,281000.0,Bachelor,M,5,156927,marketing,IC,0,IC,0,192321.90017747923,88678.09982252077
154867,0,78000.0,Bachelor,F,2,169833,HR,IC,0,IC,0,86599.55002878579,-8599.550028785787
129034,1,251000.0,PhD,F,7,87330,engineering,IC,0,IC,0,264585.38292714587,-13585.382927145867
81449,0,253000.0,High_School,F,4,98520,marketing,IC,0,IC,0,201724.40649176008,51275.59350823992
152356,0,192000.0,Master,F,2,112643,sales,IC,0,IC,0,192912.71319514548,-912.7131951454794
108992,0,262000.0,High_School,F,7,69943,sales,IC,0,IC,0,194001.4593275081,67998.54067249189
10962,1,133000.0,High_School,M,2,43858,engineering,IC,0,IC,0,231965.8322813009,-98965.83228130091
72126,0,142000.0,PhD,M,2,92585,marketing,IC,0,IC,0,198900.55025181093,-56900.55025181093
143050,0,173000.0,PhD,M,9,155485,marketing,MM,8,MM,8,201689.7817877954,-28689.781787795393
50832,0,270000.0,Master,M,3,91002,marketing,IC,0,IC,0,195418.4685635701,74581.53143642991
85918,0,198000.0,Master,F,2,32159,sales,IC,0,IC,0,192912.71319514548,5087.286804854521
121687,0,144000.0,Master,M,1,113578,marketing,IC,0,IC,0,195691.75019170734,-51691.75019170734
43937,0,118000.0,Master,F,7,95935,HR,MM,16,MM,16,86912.10775939038,31087.892240609624
53182,1,83000.0,High_School,M,1,48352,engineering,IC,0,IC,0,201743.7749494076,-118743.77494940761
195265,0,82000.0,Bachelor,M,5,168415,HR,IC,0,IC,0,83388.6198347678,-1388.6198347678
53684,1,88000.0,Master,F,7,146111,HR,IC,0,IC,0,89337.85046829452,-1337.8504682945204
194016,0,175000.0,Bachelor,M,3,165442,sales,IC,0,IC,0,194528.5959929,-19528.595992899995
127556,1,115000.0,PhD,F,5,29508,HR,IC,0,IC,0,85720.3461868439,29279.653813156096
81084,0,282000.0,High_School,M,3,160618,sales,IC,0,IC,0,193926.29331709526,88073.70668290474
21987,0,223000.0,Bachelor,M,1,159098,engineering,IC,0,IC,0,253447.42674818967,-30447.426748189668
84684,0,139000.0,Bachelor,M,1,6536,marketing,IC,0,IC,0,195298.98660263894,-56298.986602638935
183705,0,87000.0,Master,M,1,73254,HR,IC,0,IC,0,77429.4837578407,9570.516242159298
188962,0,297000.0,PhD,M,2,34714,sales,IC,0,IC,0,201356.5442201449,95643.45577985511
164572,1,237000.0,Master,M,3,125775,marketing,IC,0,IC,0,189367.86484762578,47632.13515237422
147736,0,70000.0,Bachelor,M,3,33665,HR,IC,0,IC,0,77553.46065381975,-7553.460653819755
65541,1,66000.0,Bachelor,F,3,139278,HR,IC,0,IC,0,76970.02324908353,-10970.023249083533
49683,0,72000.0,PhD,F,2,742,HR,IC,0,IC,0,81889.77770686249,-9889.777706862486
53442,1,149000.0,PhD,M,5,95609,sales,IC,0,IC,0,191458.68923493737,-42458.68923493737
159014,0,239000.0,High_School,M,2,113124,sales,IC,0,IC,0,195986.4498613001,43013.55013869991
132511,0,115000.0,High_School,F,5,179149,HR,IC,0,IC,0,82936.4626631867,32063.5373368133
153797,0,234000.0,Master,F,1,172250,marketing,IC,0,IC,0,191328.91733028728,42671.08266971272
127398,0,229000.0,High_School,M,1,75242,engineering,IC,0,IC,0,231847.76096461926,-2847.7609646192577
176279,0,244000.0,Master,M,1,179212,marketing,IC,0,IC,0,195691.75019170734,48308.24980829266
53280,0,204000.0,Master,F,3,196058,marketing,IC,0,IC,0,191708.4988256018,12291.501174398203
182317,0,251000.0,PhD,M,3,129626,marketing,IC,0,IC,0,204409.410789578,46590.58921042201
186503,0,132000.0,PhD,M,5,34714,sales,IC,0,IC,0,192559.0137282462,-60559.01372824621
139171,0,120000.0,Master,F,2,87707,sales,IC,0,IC,0,192912.71319514548,-72912.71319514548
131950,0,182000.0,PhD,M,6,96752,sales,D,15,D,15,171524.07916331082,10475.920836689183
67891,0,181000.0,PhD,F,1,160289,sales,IC,0,IC,0,184864.59303542023,-3864.5930354202283
36837,0,67000.0,Master,F,1,143473,HR,IC,0,IC,0,82364.56846565497,-15364.568465654971
46675,1,328000.0,Bachelor,F,3,166928,engineering,IC,0,IC,0,249465.5655649748,78534.4344350252
60610,0,280000.0,PhD,M,2,14241,marketing,IC,0,IC,0,198900.55025181093,81099.44974818907
182118,1,237000.0,Master,M,4,1872,engineering,IC,0,IC,0,235272.1286071889,1727.8713928110956
61222,1,121000.0,Bachelor,M,2,193920,sales,IC,0,IC,0,198429.69040148894,-77429.69040148894
164501,1,79000.0,PhD,M,11,138823,HR,MM,13,MM,13,107783.54747305835,-28783.547473058352
95169,0,196000.0,Master,F,8,176804,sales,MM,11,MM,11,179020.9459427644,16979.054057235597
96489,0,155000.0,Master,M,1,123358,sales,IC,0,IC,0,198051.2011472294,-43051.20114722941
150722,0,262000.0,PhD,M,9,124893,marketing,MM,7,MM,7,212187.98875792258,49812.011242077424
83531,0,124000.0,High_School,M,2,119964,marketing,IC,0,IC,0,195512.34328319496,-71512.34328319496
26096,1,226000.0,High_School,F,4,127544,sales,IC,0,IC,0,198726.40167991037,27273.59832008963
109176,0,193000.0,High_School,F,2,146220,marketing,IC,0,IC,0,191544.59382960657,1455.4061703934276
187660,0,247000.0,PhD,M,7,182028,engineering,IC,0,IC,0,243957.16219824034,3042.837801759655
55500,0,125000.0,Master,F,1,112643,sales,IC,0,IC,0,177865.95495298997,-52865.95495298997
181201,0,125000.0,Master,M,6,139032,sales,D,121,D,121,276015.0943223443,-151015.0943223443
83964,0,109000.0,Master,F,3,134728,marketing,IC,0,IC,0,191708.4988256018,-82708.4988256018
108173,1,89000.0,Master,F,4,61517,HR,IC,0,IC,0,76240.23849965347,12759.761500346533
110265,1,261000.0,Bachelor,M,1,12649,engineering,IC,0,IC,0,241459.58846692662,19540.411533073377
70434,0,226000.0,PhD,M,11,149778,marketing,D,68,D,68,208333.17182817182,17666.82817182818
94825,1,365000.0,PhD,M,4,147249,engineering,IC,0,IC,0,236378.21786726158,128621.78213273842
13341,0,233000.0,Master,F,7,28979,sales,IC,0,IC,0,194228.1761660175,38771.82383398249
114051,1,212000.0,Bachelor,F,5,134048,sales,IC,0,IC,0,202564.03332828608,9435.966671713919
127423,1,202000.0,Master,M,3,16510,sales,IC,0,IC,0,188351.1977603531,13648.802239646902
20666,1,96000.0,Bachelor,M,6,61038,sales,IC,0,IC,0,198291.83614469276,-102291.83614469276
198793,0,265000.0,Bachelor,F,4,85791,sales,IC,0,IC,0,199971.48280086013,65028.51719913987
175815,0,107000.0,Master,M,4,55636,HR,IC,0,IC,0,85034.65160610934,21965.348393890657
21993,0,293000.0,Master,M,7,193621,sales,IC,0,IC,0,189796.9743375098,103203.0256624902
167244,1,80000.0,Master,M,2,39417,engineering,IC,0,IC,0,233296.97305636574,-153296.97305636574
188487,0,390000.0,PhD,F,2,119576,engineering,IC,0,IC,0,245586.57159200107,144413.42840799893
195368,1,66000.0,PhD,M,3,79735,engineering,IC,0,IC,0,246707.47890110445,-180707.47890110445
89847,1,232000.0,Master,F,2,193920,sales,IC,0,IC,0,198517.56692485747,33482.43307514253
61443,1,75000.0,PhD,M,3,116660,HR,MM,12,MM,12,80883.86592772987,-5883.865927729872
114521,0,82000.0,Bachelor,F,7,252,HR,IC,0,IC,0,79025.13326882306,2974.8667311769386
63419,0,382000.0,PhD,M,1,57938,engineering,IC,0,IC,0,245381.45541854406,136618.54458145594
128373,0,336000.0,PhD,M,9,185982,sales,IC,0,IC,0,165290.2592385955,170709.7407614045
116766,0,69000.0,Master,M,2,14226,HR,IC,0,IC,0,75830.80845334244,-6830.808453342441
1078,0,174000.0,Bachelor,F,2,23565,sales,IC,0,IC,0,190325.4138625573,-16325.413862557296
95609,0,126000.0,Bachelor,F,2,119833,sales,MM,14,MM,14,159197.46204324643,-33197.46204324643
137728,0,60000.0,Bachelor,F,5,55636,HR,IC,0,IC,0,85695.75736501839,-25695.75736501839
18384,0,134000.0,PhD,F,3,181219,marketing,IC,0,IC,0,211839.30129742634,-77839.30129742634
197380,0,298000.0,Bachelor,M,4,90065,engineering,IC,0,IC,0,245313.12529643642,52686.874703563575
51821,0,313000.0,Master,M,1,89837,marketing,IC,0,IC,0,195691.75019170734,117308.24980829266
73982,0,234000.0,PhD,M,7,65522,sales,MM,6,MM,6,203288.7495427093,30711.250457290706
131289,0,93000.0,High_School,M,3,71585,sales,IC,0,IC,0,193926.29331709526,-100926.29331709526
43316,1,237000.0,PhD,F,3,4394,marketing,IC,0,IC,0,185493.86852960358,51506.131470396416
85451,0,207000.0,Bachelor,M,2,87762,sales,IC,0,IC,0,196776.30656462905,10223.693435370951
185487,0,331000.0,Master,F,3,17291,sales,IC,0,IC,0,191260.8810195265,139739.1189804735
39193,0,177000.0,PhD,M,3,78516,sales,IC,0,IC,0,197202.7515403313,-20202.751540331286
106850,1,367000.0,PhD,M,1,125755,marketing,IC,0,IC,0,198010.52881550777,168989.47118449223
184136,0,87000.0,Master,M,5,190249,marketing,IC,0,IC,0,192239.89997562923,-105239.89997562923
184020,0,61000.0,PhD,M,1,107694,HR,IC,0,IC,0,77565.84484314994,-16565.844843149942
88885,0,190000.0,High_School,F,3,182996,sales,IC,0,IC,0,191417.9608666185,-1417.960866618494
16880,1,161000.0,Bachelor,M,4,197832,marketing,IC,0,IC,0,200432.63893380418,-39432.63893380418
90,0,226000.0,Master,F,10,183869,engineering,MM,8,MM,8,249147.5508874527,-23147.5508874527
103981,0,295000.0,Master,F,12,69550,marketing,MM,9,MM,9,195401.74035189714,99598.25964810286
47748,0,81000.0,Master,M,3,89619,HR,MM,14,MM,14,93314.97213173304,-12314.97213173304
89032,1,167000.0,Bachelor,M,2,32159,sales,IC,0,IC,0,198429.69040148894,-31429.690401488944
10680,1,87000.0,PhD,F,2,184236,HR,IC,0,IC,0,76876.70287676553,10123.297123234472
161716,0,60000.0,Master,M,2,31063,HR,IC,0,IC,0,75830.80845334244,-15830.80845334244
11237,0,324000.0,Master,F,2,180037,sales,IC,0,IC,0,192912.71319514548,131087.28680485452
160993,0,75000.0,High_School,F,4,81421,HR,IC,0,IC,0,77198.66979097077,-2198.6697909707727
38073,1,202000.0,Master,M,1,80728,engineering,IC,0,IC,0,250966.59465767271,-48966.594657672715
177524,0,362000.0,High_School,M,6,12649,engineering,IC,0,IC,0,264491.40438673896,97508.59561326104
168179,1,252000.0,Bachelor,F,4,72965,sales,IC,0,IC,0,205322.95392083208,46677.04607916792
3686,0,315000.0,PhD,M,9,175365,marketing,IC,0,IC,0,226125.5163500461,88874.48364995391
140681,0,78000.0,Bachelor,F,2,115765,HR,IC,0,IC,0,86599.55002878579,-8599.550028785787
56959,0,99000.0,Master,F,5,67931,engineering,IC,0,IC,0,237036.2608257125,-138036.2608257125
69628,1,141000.0,High_School,M,3,179569,sales,IC,0,IC,0,184716.40600900303,-43716.406009003025
157985,0,98000.0,Bachelor,F,2,102498,HR,IC,0,IC,0,86599.55002878579,11400.449971214213
154517,0,278000.0,High_School,M,2,8198,engineering,IC,0,IC,0,226878.35789292358,51121.64210707642
194665,0,81000.0,Master,F,3,167188,HR,IC,0,IC,0,83947.66681572703,-2947.6668157270324
133201,0,75000.0,Master,F,9,10786,HR,IC,0,IC,0,72985.08865315282,2014.911346847177
127266,0,302000.0,Bachelor,M,12,70434,marketing,MM,17,MM,17,181072.20311645762,120927.79688354238
34342,0,89000.0,Master,M,4,8198,engineering,IC,0,IC,0,241830.84919374806,-152830.84919374806
46806,0,128000.0,High_School,M,2,8856,marketing,IC,0,IC,0,195512.34328319496,-67512.34328319496
144342,0,169000.0,Master,F,5,43937,HR,IC,0,IC,0,83499.17048362638,85500.82951637362
29929,0,378000.0,Master,M,2,150408,engineering,IC,0,IC,0,225404.836709512,152595.163290488
63472,1,205000.0,Bachelor,M,5,168564,sales,IC,0,IC,0,199879.9083933267,5120.09160667329
156708,0,206000.0,Master,F,6,65126,marketing,IC,0,IC,0,191657.88654472306,14342.113455276936
23405,0,79000.0,PhD,M,1,123502,HR,IC,0,IC,0,77565.84484314994,1434.1551568500581
47849,1,210000.0,Bachelor,M,7,172321,sales,IC,0,IC,0,200472.12741168198,9527.872588318016
20898,0,352000.0,Master,M,3,168905,engineering,IC,0,IC,0,244073.52979870792,107926.47020129208
74170,0,233000.0,PhD,M,12,191418,sales,MM,13,MM,13,192079.83980274483,40920.16019725517
196429,0,183000.0,Master,M,5,24979,marketing,IC,0,IC,0,192239.89997562923,-9239.899975629232
31785,1,166000.0,High_School,M,1,76435,sales,IC,0,IC,0,182145.5554433057,-16145.555443305697
167141,1,74000.0,Bachelor,M,6,197832,marketing,IC,0,IC,0,189734.3170658435,-115734.3170658435
188678,0,86000.0,Master,F,4,181781,HR,IC,0,IC,0,79232.74241669648,6767.257583303523
151598,0,95000.0,Master,F,1,150189,HR,IC,0,IC,0,82364.56846565497,12635.431534345029
196877,0,198000.0,Bachelor,M,3,45803,sales,IC,0,IC,0,194528.5959929,3471.4040071000054
71472,0,85000.0,PhD,F,6,198624,HR,IC,0,IC,0,80224.81814815088,4775.18185184912
61148,0,360000.0,High_School,M,2,79735,engineering,IC,0,IC,0,226878.35789292358,133121.64210707642
186506,0,159000.0,Bachelor,M,1,55858,engineering,IC,0,IC,0,253447.42674818967,-94447.42674818967
29508,1,90000.0,PhD,M,10,77857,HR,MM,12,MM,12,88483.57227693623,1516.4277230637672
113128,0,384000.0,Master,M,4,12877,engineering,IC,0,IC,0,241830.84919374806,142169.15080625194
37765,1,99000.0,High_School,F,4,159906,sales,IC,0,IC,0,198726.40167991037,-99726.40167991037
62066,0,272000.0,Bachelor,F,4,169231,sales,IC,0,IC,0,199971.48280086013,72028.51719913987
92143,0,186000.0,High_School,M,3,10773,engineering,IC,0,IC,0,251988.4772456092,-65988.47724560919
37748,0,387000.0,Master,M,3,55653,sales,IC,0,IC,0,195369.80999597523,191630.19000402477
17991,0,83000.0,Master,F,1,117376,HR,IC,0,IC,0,82364.56846565497,635.4315343450289
190019,0,116000.0,PhD,F,2,156927,marketing,IC,0,IC,0,202112.82741275989,-86112.82741275989
183201,0,334000.0,Master,M,6,185976,engineering,IC,0,IC,0,250298.06490293815,83701.93509706185
82463,0,254000.0,Master,F,13,158490,marketing,MM,11,MM,11,232479.37968169476,21520.620318305242
116819,0,175000.0,Master,F,3,105542,marketing,IC,0,IC,0,191708.4988256018,-16708.498825601797
5002,0,209000.0,Bachelor,M,4,98967,marketing,IC,0,IC,0,192298.8865953424,16701.113404657604
167023,0,88000.0,Bachelor,F,3,21086,HR,IC,0,IC,0,83591.34611794354,4408.65388205646
98851,0,200000.0,PhD,F,1,109671,marketing,IC,0,IC,0,167799.52370018433,32200.476299815666
122594,1,115000.0,High_School,M,6,140393,engineering,IC,0,IC,0,206043.43468483628,-91043.43468483628
57806,0,139000.0,Master,M,1,82698,sales,IC,0,IC,0,198051.2011472294,-59051.20114722941
34066,0,75000.0,Master,M,2,39460,HR,IC,0,IC,0,75830.80845334244,-830.8084533424408
192589,1,301000.0,PhD,M,22,55537,engineering,D,64,D,64,288812.80663780664,12187.193362193357
141665,1,163000.0,Bachelor,M,3,4259,engineering,IC,0,IC,0,238207.9962027491,-75207.99620274911
159865,0,80000.0,PhD,M,1,23737,HR,IC,0,IC,0,77565.84484314994,2434.155156850058
5574,1,195000.0,Master,M,5,26757,marketing,IC,0,IC,0,191923.89872502946,3076.1012749705405
103273,0,164000.0,High_School,F,3,168797,marketing,IC,0,IC,0,188217.89882621306,-24217.89882621306
164387,0,212000.0,PhD,M,3,160289,sales,IC,0,IC,0,197202.7515403313,14797.248459668714
58129,1,65000.0,Master,M,9,64858,HR,IC,0,IC,0,84274.68773768262,-19274.687737682616
4151,0,197000.0,Bachelor,F,2,61811,sales,IC,0,IC,0,190325.4138625573,6674.586137442704
125636,0,95000.0,PhD,F,3,29508,HR,IC,0,IC,0,83843.8873054549,11156.112694545096
26168,0,249000.0,Master,M,3,189222,engineering,IC,0,IC,0,244073.52979870792,4926.470201292075
14934,0,315000.0,High_School,M,4,111974,engineering,IC,0,IC,0,250920.8991168643,64079.10088313569
97293,0,71000.0,Bachelor,F,1,73254,HR,IC,0,IC,0,77771.4712925606,-6771.4712925606
134536,1,335000.0,High_School,M,14,5342,engineering,MM,12,MM,12,261116.49465811963,73883.50534188037
43504,1,371000.0,PhD,M,3,165853,engineering,IC,0,IC,0,246707.47890110445,124292.52109889555
75728,0,210000.0,Master,M,3,5743,sales,IC,0,IC,0,195369.80999597523,14630.190004024771
21470,0,232000.0,PhD,M,14,143437,marketing,MM,19,MM,19,175154.35158546307,56845.64841453693
30570,1,227000.0,Master,F,3,126330,engineering,IC,0,IC,0,245150.29004286497,-18150.290042864974
54136,0,324000.0,PhD,M,11,69550,marketing,MM,11,MM,11,211384.18507070412,112615.81492929588
66765,0,74000.0,Bachelor,M,5,96060,HR,IC,0,IC,0,83388.6198347678,-9388.6198347678
164617,0,292000.0,Bachelor,F,2,119658,engineering,IC,0,IC,0,241425.92290671106,50574.07709328894
80710,1,243000.0,PhD,M,1,166928,engineering,IC,0,IC,0,238639.5918970931,4360.408102906891
193242,0,81000.0,Bachelor,F,4,150290,HR,IC,0,IC,0,86004.53677464435,-5004.536774644352
104478,0,142000.0,PhD,F,6,3260,engineering,IC,0,IC,0,250524.0699823515,-108524.0699823515
30445,0,76000.0,Master,F,2,184885,HR,IC,0,IC,0,82960.55864883834,-6960.5586488383415
46282,1,253000.0,High_School,M,1,38308,marketing,IC,0,IC,0,201774.6310184148,51225.3689815852
176986,0,148000.0,Master,M,1,167877,sales,IC,0,IC,0,198051.2011472294,-50051.20114722941
187172,0,82000.0,Bachelor,F,4,177495,HR,IC,0,IC,0,86004.53677464435,-4004.5367746443517
112172,0,284000.0,Master,M,3,37124,sales,IC,0,IC,0,195369.80999597523,88630.19000402477
9907,0,63000.0,Master,M,1,178797,sales,IC,0,IC,0,198051.2011472294,-135051.2011472294
139122,0,218000.0,PhD,M,2,62081,sales,IC,0,IC,0,201356.5442201449,16643.45577985511
10480,0,156000.0,Master,M,1,157064,marketing,IC,0,IC,0,195691.75019170734,-39691.75019170734
173479,1,128000.0,Master,F,4,66591,sales,IC,0,IC,0,196357.1254950726,-68357.1254950726
94364,0,102000.0,Bachelor,M,1,16073,marketing,IC,0,IC,0,195298.98660263894,-93298.98660263894
92324,1,273000.0,Bachelor,M,4,171499,engineering,IC,0,IC,0,243628.2627138922,29371.73728610779
180336,0,240000.0,PhD,F,3,181219,marketing,IC,0,IC,0,211839.30129742634,28160.69870257366
178769,0,365000.0,Master,F,4,12877,engineering,IC,0,IC,0,241976.73593625068,123023.26406374932
16401,0,162000.0,Master,M,3,122762,sales,IC,0,IC,0,195369.80999597523,-33369.80999597523
102904,0,207000.0,High_School,M,5,149696,sales,IC,0,IC,0,190414.06772590298,16585.932274097024
56639,1,342000.0,Bachelor,M,1,189890,engineering,IC,0,IC,0,241459.58846692662,100540.41153307338
39785,0,167000.0,Bachelor,M,24,177860,HR,D,91,D,91,169390.0,-2390.0
46636,0,113000.0,PhD,M,3,32938,engineering,IC,0,IC,0,244594.82101961187,-131594.82101961187
176855,0,67000.0,Master,M,1,53826,HR,IC,0,IC,0,77429.4837578407,-10429.483757840702
97156,0,201000.0,High_School,F,1,103981,marketing,IC,0,IC,0,186565.31241750674,14434.687582493265
96952,1,139000.0,PhD,M,4,128966,sales,IC,0,IC,0,200154.16277634335,-61154.16277634335
126478,0,246000.0,High_School,F,3,40904,engineering,IC,0,IC,0,253399.05649762868,-7399.056497628684
66551,1,217000.0,PhD,F,1,169574,marketing,IC,0,IC,0,183636.80504243038,33363.19495756962
7095,0,98000.0,PhD,F,3,171266,HR,MM,10,MM,10,98038.82902341038,-38.829023410376976
76777,0,185000.0,Master,M,4,5743,sales,IC,0,IC,0,194695.32052053208,-9695.320520532085
50753,1,249000.0,Bachelor,M,3,77766,marketing,IC,0,IC,0,188192.39140789176,60807.60859210824
182562,1,280000.0,Master,M,3,53109,sales,IC,0,IC,0,188351.1977603531,91648.8022396469
16095,0,227000.0,High_School,F,5,54136,marketing,IC,0,IC,0,196285.1315942073,30714.868405792688
192020,0,349000.0,Bachelor,M,1,20828,marketing,IC,0,IC,0,195298.98660263894,153701.01339736106
191599,0,252000.0,High_School,M,2,148646,engineering,IC,0,IC,0,226878.35789292358,25121.64210707642
38927,0,303000.0,PhD,M,1,61988,engineering,IC,0,IC,0,245381.45541854406,57618.544581455935
52203,0,363000.0,High_School,M,3,30468,engineering,IC,0,IC,0,251988.4772456092,111011.52275439081
167347,1,218000.0,Master,M,3,73489,sales,IC,0,IC,0,188351.1977603531,29648.802239646902
155572,0,88000.0,High_School,M,4,16445,HR,IC,0,IC,0,87030.10157120656,969.8984287934436
69543,1,249000.0,Master,F,4,14241,marketing,IC,0,IC,0,202198.159483039,46801.840516961005
27648,0,101000.0,Master,F,1,110089,HR,IC,0,IC,0,82364.56846565497,18635.43153434503
194487,0,94000.0,High_School,M,1,7095,HR,IC,0,IC,0,91327.03513976384,2672.964860236156
41555,0,166000.0,Bachelor,M,6,172889,sales,IC,0,IC,0,193558.3030501584,-27558.3030501584
120281,0,261000.0,PhD,M,4,61811,sales,IC,0,IC,0,194705.84234154952,66294.15765845048
23577,0,183000.0,PhD,M,5,40904,engineering,IC,0,IC,0,243058.35787352896,-60058.35787352896
158112,0,173000.0,Master,F,3,8711,marketing,IC,0,IC,0,191708.4988256018,-18708.498825601797
120886,0,73000.0,PhD,F,3,29749,HR,IC,0,IC,0,83843.8873054549,-10843.887305454904
33709,0,190000.0,Bachelor,M,1,127266,marketing,IC,0,IC,0,195298.98660263894,-5298.986602638935
155047,1,376000.0,PhD,M,4,53012,marketing,IC,0,IC,0,206647.66908106598,169352.33091893402
4389,0,117000.0,PhD,F,2,149485,sales,IC,0,IC,0,202419.4707253329,-85419.47072533291
72485,0,170000.0,Master,M,1,123358,sales,IC,0,IC,0,198051.2011472294,-28051.20114722941
142890,1,388000.0,Master,F,1,87330,engineering,IC,0,IC,0,248653.7440354666,139346.2559645334
106547,0,97000.0,Bachelor,F,8,67151,engineering,IC,0,IC,0,152096.57302851192,-55096.57302851192
174967,0,158000.0,Bachelor,M,4,32938,engineering,IC,0,IC,0,245313.12529643642,-87313.12529643642
178493,0,198000.0,PhD,M,1,102102,sales,IC,0,IC,0,198908.11730505654,-908.1173050565412
125131,0,227000.0,PhD,M,1,166653,engineering,IC,0,IC,0,245381.45541854406,-18381.455418544065
36643,0,83000.0,Bachelor,M,5,151696,HR,IC,0,IC,0,83388.6198347678,-388.61983476780006
33329,0,118000.0,High_School,F,2,25367,marketing,IC,0,IC,0,191544.59382960657,-73544.59382960657
96752,0,234000.0,PhD,M,26,11277,sales,VP,176,VP,176,249513.32395382397,-15513.323953823972
17048,0,238000.0,Bachelor,M,3,191649,sales,IC,0,IC,0,194528.5959929,43471.404007100005
144090,0,299000.0,Master,F,2,99139,sales,IC,0,IC,0,192912.71319514548,106087.28680485452
82250,1,181000.0,Master,M,5,129734,engineering,IC,0,IC,0,228892.63088194563,-47892.63088194563
135660,0,184000.0,PhD,M,2,33266,marketing,IC,0,IC,0,198900.55025181093,-14900.550251810928
140815,1,252000.0,Bachelor,F,2,24979,marketing,IC,0,IC,0,171278.59057555642,80721.40942444358
90393,0,69000.0,High_School,M,1,43937,HR,IC,0,IC,0,91327.03513976384,-22327.035139763844
29136,0,296000.0,Master,F,6,63077,sales,IC,0,IC,0,195325.24825658792,100674.75174341208
194895,1,75000.0,Bachelor,F,4,139278,HR,IC,0,IC,0,83055.65916338643,-8055.65916338643
778,1,74000.0,PhD,M,6,25367,marketing,IC,0,IC,0,194897.30397634246,-120897.30397634246
160476,0,105000.0,Bachelor,M,3,79285,sales,MM,7,MM,7,164913.64913542176,-59913.64913542176
44062,0,69000.0,Master,M,2,54136,marketing,IC,0,IC,0,189747.8553120937,-120747.85531209371
154460,1,325000.0,PhD,M,8,185976,engineering,IC,0,IC,0,242105.80665238056,82894.19334761944
111426,0,302000.0,PhD,F,5,177166,engineering,IC,0,IC,0,253630.17097182493,48369.82902817507
121571,0,84000.0,PhD,M,6,5889,HR,IC,0,IC,0,79413.27248501003,4586.727514989965
6674,1,265000.0,PhD,M,2,149135,engineering,IC,0,IC,0,237027.23882378358,27972.761176216416
192004,0,110000.0,PhD,M,2,34977,sales,IC,0,IC,0,201356.5442201449,-91356.54422014489
93401,0,69000.0,Master,M,3,178147,HR,IC,0,IC,0,81611.19715433878,-12611.197154338777
12871,0,94000.0,Master,M,4,85426,HR,IC,0,IC,0,85034.65160610934,8965.348393890657
23997,0,155000.0,Bachelor,F,4,102102,sales,IC,0,IC,0,199971.48280086013,-44971.48280086013
47324,0,259000.0,Bachelor,M,3,182777,marketing,IC,0,IC,0,195837.03111956886,63162.968880431144
96420,1,232000.0,Master,F,3,59535,sales,MM,9,MM,9,210624.08029722798,21375.919702772022
33736,1,214000.0,Bachelor,M,6,177805,marketing,IC,0,IC,0,189734.3170658435,24265.682934156503
104085,0,123000.0,High_School,M,2,158056,engineering,IC,0,IC,0,226878.35789292358,-103878.35789292358
191276,0,151000.0,PhD,F,1,197206,marketing,IC,0,IC,0,167799.52370018433,-16799.523700184334
109559,1,188000.0,Bachelor,M,4,102043,marketing,IC,0,IC,0,200432.63893380418,-12432.638933804177
42306,0,100000.0,Master,M,2,87847,sales,IC,0,IC,0,196044.60399481485,-96044.60399481485
31049,1,230000.0,Master,M,1,113124,sales,IC,0,IC,0,194883.36343501264,35116.63656498736
151324,0,236000.0,Bachelor,M,4,27704,sales,IC,0,IC,0,193264.55968086384,42735.44031913616
197473,0,205000.0,High_School,F,2,141317,sales,IC,0,IC,0,189874.31344501488,15125.68655498512
122602,0,155000.0,Master,F,1,50761,marketing,IC,0,IC,0,191328.91733028728,-36328.91733028728
77362,1,241000.0,High_School,M,1,59555,marketing,IC,0,IC,0,201774.6310184148,39225.3689815852
114538,0,293000.0,PhD,M,2,148795,engineering,IC,0,IC,0,239738.82647541008,53261.17352458992
193135,0,106000.0,High_School,M,1,18312,engineering,IC,0,IC,0,231847.76096461926,-125847.76096461926
52137,1,135000.0,PhD,M,1,168905,engineering,IC,0,IC,0,238639.5918970931,-103639.59189709311
54436,0,130000.0,High_School,M,6,92210,sales,IC,0,IC,0,190398.68369662002,-60398.68369662002
6575,1,242000.0,PhD,M,5,76310,engineering,IC,0,IC,0,234389.674076652,7610.325923347991
102714,1,267000.0,Master,M,5,4110,sales,IC,0,IC,0,193689.60735178352,73310.39264821648
150952,1,85000.0,PhD,M,2,90,engineering,IC,0,IC,0,237027.23882378358,-152027.23882378358
65599,1,269000.0,Master,M,2,147249,engineering,IC,0,IC,0,233296.97305636574,35703.026943634264
9397,0,329000.0,Bachelor,M,2,20901,engineering,IC,0,IC,0,238810.46474319053,90189.53525680947
20014,0,133000.0,Bachelor,M,2,113578,marketing,IC,0,IC,0,196739.27564649528,-63739.27564649528
67603,0,73000.0,Bachelor,F,1,62298,HR,IC,0,IC,0,77771.4712925606,-4771.4712925606
134347,1,187000.0,PhD,M,4,144401,sales,IC,0,IC,0,200154.16277634335,-13154.16277634335
23803,1,389000.0,Master,F,5,76073,engineering,IC,0,IC,0,260549.11009045102,128450.88990954898
12943,1,253000.0,High_School,M,1,158888,sales,IC,0,IC,0,182145.5554433057,70854.4445566943
13022,0,280000.0,Bachelor,F,6,190060,sales,IC,0,IC,0,200771.57459589085,79228.42540410915
118190,0,351000.0,Bachelor,M,4,14299,engineering,IC,0,IC,0,245313.12529643642,105686.87470356358
138403,0,92000.0,Master,F,3,146220,marketing,IC,0,IC,0,191708.4988256018,-99708.4988256018
166020,0,75000.0,PhD,M,5,6335,sales,IC,0,IC,0,192559.0137282462,-117559.01372824621
91049,0,72000.0,PhD,M,3,139278,HR,IC,0,IC,0,82709.4195275736,-10709.419527573598
17360,0,174000.0,Bachelor,M,4,171940,marketing,IC,0,IC,0,192298.8865953424,-18298.886595342396
179481,0,244000.0,Bachelor,M,4,98931,marketing,IC,0,IC,0,192298.8865953424,51701.113404657604
123213,0,117000.0,Bachelor,M,4,11275,marketing,IC,0,IC,0,192298.8865953424,-75298.8865953424
139839,0,157000.0,Bachelor,M,3,193763,engineering,IC,0,IC,0,244492.12806626968,-87492.12806626968
160045,0,351000.0,PhD,F,4,174092,sales,IC,0,IC,0,200837.55383701346,150162.44616298654
130246,0,88000.0,PhD,M,2,109102,sales,IC,0,IC,0,201356.5442201449,-113356.54422014489
124260,0,278000.0,Master,M,1,139180,marketing,IC,0,IC,0,195691.75019170734,82308.24980829266
170906,0,164000.0,Bachelor,M,1,182116,sales,IC,0,IC,0,179465.38885958475,-15465.388859584753
89554,0,118000.0,PhD,M,2,134728,marketing,IC,0,IC,0,198900.55025181093,-80900.55025181093
68679,0,87000.0,Master,F,2,196490,HR,IC,0,IC,0,82960.55864883834,4039.4413511616585
779,0,120000.0,Master,M,9,196484,marketing,MM,8,MM,8,168993.09562688015,-48993.09562688015
198207,0,342000.0,Bachelor,F,2,12877,engineering,IC,0,IC,0,241425.92290671106,100574.07709328894
146046,0,230000.0,Master,M,3,161727,engineering,IC,0,IC,0,244073.52979870792,-14073.529798707925
73039,0,279000.0,PhD,F,1,109102,sales,IC,0,IC,0,184864.59303542023,94135.40696457977
190008,0,180000.0,Master,M,3,45803,sales,IC,0,IC,0,195369.80999597523,-15369.809995975229
94486,0,282000.0,Master,F,4,122145,engineering,IC,0,IC,0,241976.73593625068,40023.26406374932
154700,1,359000.0,Master,F,5,183528,engineering,IC,0,IC,0,260549.11009045102,98450.88990954898
78042,1,188000.0,Bachelor,F,2,56451,sales,IC,0,IC,0,192222.09002881806,-4222.090028818056
184380,0,79000.0,PhD,M,3,101819,engineering,IC,0,IC,0,244594.82101961187,-165594.82101961187
18802,0,217000.0,PhD,M,4,166591,sales,IC,0,IC,0,194705.84234154952,22294.15765845048
190249,0,263000.0,PhD,M,13,134556,marketing,MM,11,MM,11,232538.98308597322,30461.016914026783
106466,0,108000.0,Bachelor,M,1,88007,sales,IC,0,IC,0,179465.38885958475,-71465.38885958475
77454,0,103000.0,Master,M,2,150722,marketing,IC,0,IC,0,189747.8553120937,-86747.85531209371
143317,0,101000.0,Master,M,13,94362,sales,MM,14,MM,14,170334.64229182832,-69334.64229182832
100502,0,104000.0,Bachelor,F,7,63832,marketing,IC,0,IC,0,194069.31633320317,-90069.31633320317
77613,0,167000.0,Bachelor,M,3,66090,sales,MM,10,MM,10,193521.41475816257,-26521.414758162573
100977,0,242000.0,Bachelor,F,6,127544,sales,IC,0,IC,0,200771.57459589085,41228.42540410915
115086,1,170000.0,PhD,M,3,34714,sales,IC,0,IC,0,182782.6484747099,-12782.648474709888
63682,0,254000.0,PhD,F,3,52796,sales,IC,0,IC,0,195546.71190949707,58453.28809050293
188109,1,160000.0,Master,M,2,148865,sales,IC,0,IC,0,195747.7721196565,-35747.772119656496
5613,0,99000.0,High_School,F,7,61517,HR,IC,0,IC,0,77144.22122359608,21855.778776403924
116876,1,368000.0,Master,M,2,29712,engineering,IC,0,IC,0,233296.97305636574,134703.02694363426
22155,1,158000.0,Bachelor,F,4,122762,sales,IC,0,IC,0,205322.95392083208,-47322.95392083208
83675,0,166000.0,Bachelor,M,4,148795,engineering,IC,0,IC,0,245313.12529643642,-79313.12529643642
58522,1,263000.0,Bachelor,M,7,39726,engineering,MM,8,MM,8,249779.08102337128,13220.918976628716
74800,1,146000.0,Master,M,4,191289,engineering,IC,0,IC,0,235272.1286071889,-89272.1286071889
191653,0,63000.0,High_School,M,5,59327,HR,IC,0,IC,0,79935.7666218699,-16935.7666218699
84212,1,122000.0,PhD,M,2,197832,marketing,IC,0,IC,0,180493.22465190728,-58493.22465190728
71221,1,323000.0,Master,M,2,25367,marketing,IC,0,IC,0,179191.36560797412,143808.63439202588
41842,1,155000.0,Bachelor,F,3,108428,engineering,IC,0,IC,0,249465.5655649748,-94465.5655649748
199165,0,284000.0,PhD,M,3,128511,engineering,IC,0,IC,0,244594.82101961187,39405.178980388126
6939,0,227000.0,PhD,M,1,150194,engineering,IC,0,IC,0,245381.45541854406,-18381.455418544065
75371,0,109000.0,Bachelor,M,2,180925,sales,IC,0,IC,0,196776.30656462905,-87776.30656462905
7495,0,105000.0,High_School,M,1,153551,sales,IC,0,IC,0,186739.580228817,-81739.58022881701
88963,0,67000.0,High_School,F,5,140838,HR,IC,0,IC,0,82936.4626631867,-15936.4626631867
133769,1,90000.0,PhD,M,4,92585,marketing,IC,0,IC,0,206647.66908106598,-116647.66908106598
118868,0,230000.0,PhD,M,6,153412,marketing,IC,0,IC,0,199498.14193409026,30501.858065909735
109125,0,102000.0,Master,F,1,181781,HR,IC,0,IC,0,82364.56846565497,19635.43153434503
61569,1,177000.0,Master,M,4,779,marketing,IC,0,IC,0,200024.3248884556,-23024.324888455594
116919,1,171000.0,PhD,M,2,109102,sales,IC,0,IC,0,191180.20114872733,-20180.201148727327
180722,0,229000.0,Master,M,2,181311,sales,IC,0,IC,0,196044.60399481485,32955.396005185146
166741,0,329000.0,PhD,F,22,97647,marketing,D,18,D,18,224115.8923330151,104884.1076669849
36772,0,79000.0,Master,F,4,39231,HR,IC,0,IC,0,79232.74241669648,-232.74241669647745
23571,0,61000.0,PhD,M,5,167188,HR,IC,0,IC,0,82276.80041619591,-21276.80041619591
132439,1,249000.0,High_School,F,1,110091,engineering,IC,0,IC,0,216804.56625324997,32195.43374675003
133975,1,220000.0,PhD,F,7,76135,marketing,IC,0,IC,0,201800.58059596684,18199.419404033164
155734,1,107000.0,PhD,M,2,131525,sales,IC,0,IC,0,191180.20114872733,-84180.20114872733
31716,1,197000.0,PhD,M,4,66591,sales,IC,0,IC,0,200154.16277634335,-3154.16277634335
57610,0,166000.0,PhD,M,1,34714,sales,IC,0,IC,0,198908.11730505654,-32908.11730505654
49246,0,270000.0,Master,F,4,1651,engineering,IC,0,IC,0,241976.73593625068,28023.264063749317
52535,0,99000.0,Bachelor,M,4,159638,HR,IC,0,IC,0,85853.00043622433,13146.999563775666
58398,0,193000.0,High_School,M,4,166591,sales,IC,0,IC,0,192668.28755272523,331.7124472747673
86377,0,120000.0,PhD,M,4,147642,sales,IC,0,IC,0,194705.84234154952,-74705.84234154952
82563,0,187000.0,High_School,M,2,190060,sales,IC,0,IC,0,195986.4498613001,-8986.44986130009
76428,0,302000.0,Master,M,3,56451,sales,IC,0,IC,0,195369.80999597523,106630.19000402477
136335,0,231000.0,High_School,M,4,124014,sales,IC,0,IC,0,192668.28755272523,38331.71244727477
63659,0,173000.0,PhD,M,1,138948,marketing,IC,0,IC,0,195577.15476246577,-22577.15476246577
174134,0,328000.0,High_School,M,5,159098,engineering,IC,0,IC,0,243781.76916131607,84218.23083868393
117555,1,73000.0,Bachelor,M,1,113189,sales,IC,0,IC,0,180018.0883550749,-107018.0883550749
36277,0,296000.0,Master,M,7,87330,engineering,IC,0,IC,0,239867.33568426527,56132.66431573473
7349,1,301000.0,Bachelor,M,8,121233,marketing,MM,10,MM,10,237434.0404141276,63565.95958587239
172229,0,249000.0,Master,M,1,166591,sales,IC,0,IC,0,198051.2011472294,50948.79885277059
76310,0,114000.0,PhD,F,13,183869,engineering,MM,12,MM,12,185603.46479487856,-71603.46479487856
187573,1,156000.0,High_School,M,2,107493,engineering,IC,0,IC,0,231965.8322813009,-75965.83228130091
176557,0,264000.0,Master,F,4,144976,sales,IC,0,IC,0,198453.75863186418,65546.24136813582
140317,0,308000.0,High_School,M,19,107152,engineering,D,90,D,90,292168.3333333334,15831.666666666628
36594,1,219000.0,Bachelor,M,1,102632,marketing,IC,0,IC,0,169925.83131011992,49074.16868988008
88384,1,280000.0,Bachelor,F,5,46997,sales,IC,0,IC,0,202564.03332828608,77435.96667171392
139180,0,104000.0,Master,F,9,71532,marketing,MM,10,MM,10,173438.2225155309,-69438.22251553091
179837,0,90000.0,Master,M,2,127266,marketing,IC,0,IC,0,189747.8553120937,-99747.85531209371
174328,0,260000.0,PhD,F,4,171499,engineering,IC,0,IC,0,246324.63278111335,13675.367218886648
48913,0,146000.0,Master,F,5,136147,sales,IC,0,IC,0,199991.97931669242,-53991.97931669242
112583,0,226000.0,Master,M,7,92403,sales,IC,0,IC,0,189796.9743375098,36203.025662490196
81528,0,130000.0,Master,F,4,71152,HR,IC,0,IC,0,79232.74241669648,50767.25758330352
179463,0,253000.0,Master,M,5,70406,marketing,IC,0,IC,0,192239.89997562923,60760.10002437077
138416,0,81000.0,PhD,M,3,177495,HR,IC,0,IC,0,82709.4195275736,-1709.4195275735983
141800,0,123000.0,Bachelor,F,2,132192,HR,IC,0,IC,0,86599.55002878579,36400.44997121421
197493,0,187000.0,Master,F,1,98520,marketing,IC,0,IC,0,191328.91733028728,-4328.9173302872805
109211,0,87000.0,Master,M,2,71130,engineering,IC,0,IC,0,225404.836709512,-138404.836709512
172533,0,159000.0,PhD,F,2,198240,sales,IC,0,IC,0,202419.4707253329,-43419.47072533291
122746,0,276000.0,PhD,M,2,6536,marketing,IC,0,IC,0,198900.55025181093,77099.44974818907
132622,0,243000.0,Master,M,2,69379,sales,IC,0,IC,0,196044.60399481485,46955.396005185146
147963,1,145000.0,Bachelor,M,2,138948,marketing,IC,0,IC,0,188339.52808760988,-43339.528087609884
164851,1,138000.0,High_School,F,18,154041,sales,D,44,D,44,255201.1337027565,-117201.13370275649
127745,0,67000.0,Bachelor,F,6,154375,HR,IC,0,IC,0,83463.54288976562,-16463.542889765624
119558,0,118000.0,PhD,F,1,182038,sales,IC,0,IC,0,184864.59303542023,-66864.59303542023
161466,0,63000.0,Master,M,5,174009,HR,IC,0,IC,0,79443.02078272104,-16443.02078272104
156083,0,147000.0,Bachelor,M,3,183528,engineering,IC,0,IC,0,244492.12806626968,-97492.12806626968
176206,1,78000.0,Bachelor,F,2,17211,HR,IC,0,IC,0,79092.27542418573,-1092.2754241857328
44721,1,252000.0,Master,M,1,48120,engineering,IC,0,IC,0,250966.59465767271,1033.4053423272853
195033,0,63000.0,PhD,M,5,78215,sales,IC,0,IC,0,192559.0137282462,-129559.01372824621
162341,0,238000.0,High_School,M,2,132683,engineering,IC,0,IC,0,226878.35789292358,11121.642107076419
146969,0,153000.0,High_School,F,4,136468,sales,IC,0,IC,0,198949.1492696776,-45949.14926967761
167650,1,220000.0,High_School,F,14,119481,engineering,MM,14,MM,14,249862.59308807136,-29862.593088071357
194528,0,109000.0,Bachelor,F,1,85791,sales,IC,0,IC,0,190803.3928173758,-81803.3928173758
152015,0,273000.0,Bachelor,M,2,88936,sales,IC,0,IC,0,196776.30656462905,76223.69343537095
72965,1,289000.0,Bachelor,F,14,92713,sales,MM,11,MM,11,258448.39756405915,30551.602435940847
6120,0,145000.0,Bachelor,M,3,80728,engineering,IC,0,IC,0,244492.12806626968,-99492.12806626968
47850,0,199000.0,Bachelor,M,3,8711,marketing,IC,0,IC,0,195837.03111956886,3162.9688804311445
90290,1,177000.0,Bachelor,M,2,120381,sales,IC,0,IC,0,198429.69040148894,-21429.690401488944
130965,1,62000.0,PhD,M,1,64724,marketing,IC,0,IC,0,198010.52881550777,-136010.52881550777
135734,1,212000.0,Master,M,3,67522,sales,IC,0,IC,0,188351.1977603531,23648.802239646902
118745,0,61000.0,Master,M,2,150300,marketing,IC,0,IC,0,189747.8553120937,-128747.85531209371
120028,0,65000.0,PhD,F,2,141211,HR,IC,0,IC,0,81889.77770686249,-16889.777706862486
63338,1,123000.0,Master,F,3,85791,sales,IC,0,IC,0,192638.1102185486,-69638.1102185486
176818,0,205000.0,High_School,F,1,48352,engineering,IC,0,IC,0,256554.63123786892,-51554.63123786892
105302,0,264000.0,High_School,F,4,71115,engineering,IC,0,IC,0,241138.99966121474,22861.000338785263
148781,0,95000.0,High_School,M,1,140838,HR,IC,0,IC,0,91327.03513976384,3672.964860236156
27472,0,262000.0,Master,M,3,110508,engineering,IC,0,IC,0,244073.52979870792,17926.470201292075
135799,1,261000.0,PhD,M,2,108164,sales,IC,0,IC,0,191180.20114872733,69819.79885127267
46460,0,382000.0,PhD,F,4,169223,engineering,IC,0,IC,0,246324.63278111335,135675.36721888665
74322,0,218000.0,PhD,M,3,179212,marketing,IC,0,IC,0,204409.410789578,13590.589210422011
77756,0,188000.0,PhD,M,2,27781,marketing,IC,0,IC,0,198900.55025181093,-10900.550251810928
125114,1,132000.0,Master,F,5,41533,HR,MM,17,MM,17,83144.56746031746,48855.432539682544
177819,0,163000.0,Bachelor,M,5,182996,sales,IC,0,IC,0,195038.08580704563,-32038.08580704563
121441,1,142000.0,PhD,F,6,102684,sales,IC,0,IC,0,196640.35002037467,-54640.350020374666
168062,1,112000.0,Master,M,2,37220,engineering,IC,0,IC,0,233296.97305636574,-121296.97305636574
188851,0,144000.0,Bachelor,M,4,146220,marketing,IC,0,IC,0,192298.8865953424,-48298.886595342396
136589,0,147000.0,High_School,M,2,91002,marketing,IC,0,IC,0,195512.34328319496,-48512.34328319496
129320,1,339000.0,Master,M,1,71585,sales,IC,0,IC,0,194883.36343501264,144116.63656498736
150300,1,218000.0,PhD,M,13,89053,marketing,MM,13,MM,13,188220.13497196446,29779.865028035536
73569,0,81000.0,PhD,F,1,178147,HR,IC,0,IC,0,87076.16641899414,-6076.166418994137
86000,0,174000.0,Master,M,5,130204,marketing,IC,0,IC,0,192239.89997562923,-18239.899975629232
180587,0,382000.0,High_School,F,2,101484,engineering,IC,0,IC,0,249980.76471078486,132019.23528921514
107593,0,194000.0,Bachelor,M,1,102043,marketing,IC,0,IC,0,195298.98660263894,-1298.9866026389354
89108,0,125000.0,Bachelor,F,1,180037,sales,IC,0,IC,0,190803.3928173758,-65803.3928173758
175820,0,252000.0,Bachelor,M,2,176415,engineering,IC,0,IC,0,238810.46474319053,13189.535256809468
15305,1,95000.0,Bachelor,F,2,115694,engineering,IC,0,IC,0,209125.3162083094,-114125.3162083094
84250,0,308000.0,PhD,M,2,170431,marketing,IC,0,IC,0,198900.55025181093,109099.44974818907
34235,0,104000.0,Master,F,4,27718,HR,IC,0,IC,0,79232.74241669648,24767.257583303523
130924,0,177000.0,Master,M,3,34714,sales,IC,0,IC,0,195369.80999597523,-18369.80999597523
118028,0,213000.0,PhD,M,4,92210,sales,IC,0,IC,0,194705.84234154952,18294.15765845048
74514,0,243000.0,Master,M,3,102102,sales,IC,0,IC,0,195369.80999597523,47630.19000402477
66420,0,114000.0,Master,F,2,21604,HR,MM,14,MM,14,99908.46915947777,14091.530840522231
123223,1,308000.0,Master,M,2,62990,sales,IC,0,IC,0,195747.7721196565,112252.2278803435
124515,1,168000.0,Master,M,4,30468,engineering,IC,0,IC,0,235272.1286071889,-67272.1286071889
98225,1,216000.0,Bachelor,M,16,162476,engineering,D,38,D,38,237204.71916971917,-21204.719169719174
31294,1,210000.0,Master,M,4,37434,sales,IC,0,IC,0,193172.76047413386,16827.23952586614
6027,1,175000.0,PhD,F,11,74062,marketing,D,36,D,36,197136.1975252087,-22136.1975252087
141808,0,230000.0,PhD,M,18,34051,sales,D,53,D,53,232800.88331882667,-2800.8833188266726
754,0,86000.0,Bachelor,F,6,25036,HR,MM,16,MM,16,80133.7719448781,5866.228055121901
176415,0,192000.0,PhD,M,6,39726,engineering,MM,14,MM,14,230179.8865233986,-38179.8865233986
75108,0,66000.0,PhD,F,3,32405,HR,IC,0,IC,0,83843.8873054549,-17843.887305454904
12679,1,152000.0,Master,F,7,3917,sales,MM,9,MM,9,201475.88389028286,-49475.88389028286
26424,0,62000.0,High_School,F,4,31063,HR,IC,0,IC,0,77198.66979097077,-15198.669790970773
161004,0,179000.0,PhD,M,2,84828,engineering,IC,0,IC,0,239738.82647541008,-60738.82647541008
21196,1,289000.0,PhD,M,1,43420,sales,IC,0,IC,0,193940.69232599234,95059.30767400766
49535,0,226000.0,High_School,M,2,1610,engineering,IC,0,IC,0,226878.35789292358,-878.357892923581
126107,0,298000.0,High_School,M,3,23120,marketing,IC,0,IC,0,196140.8951932918,101859.1048067082
12652,0,182000.0,Master,M,4,192369,sales,IC,0,IC,0,194695.32052053208,-12695.320520532085
101323,0,101000.0,Bachelor,M,2,115856,sales,IC,0,IC,0,196776.30656462905,-95776.30656462905
45803,1,198000.0,Master,M,3,83356,sales,MM,16,MM,16,170905.03203296737,27094.96796703263
99623,0,70000.0,Bachelor,M,1,184236,HR,IC,0,IC,0,85222.58767315086,-15222.587673150862
40458,1,276000.0,Master,F,3,124014,sales,IC,0,IC,0,192638.1102185486,83361.8897814514
180700,0,178000.0,High_School,F,1,135848,marketing,IC,0,IC,0,186565.31241750674,-8565.312417506735
98468,0,326000.0,Master,M,1,181996,engineering,IC,0,IC,0,253167.61103592915,72832.38896407085
166796,0,195000.0,PhD,M,4,73893,sales,IC,0,IC,0,194705.84234154952,294.1576584504801
76966,1,291000.0,PhD,M,1,185976,engineering,IC,0,IC,0,238639.5918970931,52360.40810290689
181214,0,168000.0,Bachelor,F,7,144219,engineering,IC,0,IC,0,231671.65697249785,-63671.65697249785
89871,0,154000.0,Bachelor,M,1,17291,sales,IC,0,IC,0,179465.38885958475,-25465.388859584753
188129,0,300000.0,PhD,M,5,90834,sales,IC,0,IC,0,192559.0137282462,107440.98627175379
9056,1,193000.0,High_School,M,4,147249,engineering,IC,0,IC,0,265464.78858191444,-72464.78858191444
82693,0,303000.0,High_School,M,3,127266,marketing,IC,0,IC,0,196140.8951932918,106859.1048067082
123352,1,235000.0,PhD,M,3,14470,sales,IC,0,IC,0,182782.6484747099,52217.35152529011
181674,1,114000.0,Master,M,1,182777,marketing,IC,0,IC,0,165989.76505118783,-51989.76505118783
111877,0,247000.0,PhD,M,4,159838,marketing,IC,0,IC,0,210382.93359964158,36617.066400358424
742,0,109000.0,Master,M,6,192056,HR,MM,17,MM,17,98407.94985569986,10592.050144300141
80296,0,61000.0,High_School,F,1,51923,HR,IC,0,IC,0,84206.1973205254,-23206.197320525403
91345,1,232000.0,Bachelor,M,6,32510,sales,MM,8,MM,8,203460.61735791585,28539.38264208415
122456,0,302000.0,Bachelor,M,2,76641,engineering,IC,0,IC,0,238810.46474319053,63189.53525680947
188167,1,115000.0,Bachelor,F,6,175365,marketing,IC,0,IC,0,193151.6601728633,-78151.66017286331
158098,0,305000.0,Bachelor,M,1,134536,engineering,IC,0,IC,0,253447.42674818967,51552.57325181033
198889,0,251000.0,PhD,F,1,162035,sales,IC,0,IC,0,184864.59303542023,66135.40696457977
120639,0,217000.0,Master,M,5,142146,sales,D,75,D,75,240407.05267703283,-23407.05267703283
49799,0,77000.0,Master,F,2,135804,HR,IC,0,IC,0,82960.55864883834,-5960.5586488383415
152382,0,75000.0,PhD,M,1,70406,marketing,IC,0,IC,0,195577.15476246577,-120577.15476246577
126862,1,172000.0,Bachelor,M,3,53390,sales,IC,0,IC,0,189257.1654400931,-17257.165440093086
6404,1,136000.0,PhD,M,5,60373,marketing,IC,0,IC,0,198245.7378544605,-62245.73785446049
198626,1,320000.0,PhD,M,3,198648,marketing,IC,0,IC,0,184507.95041214005,135492.04958785995
156633,0,131000.0,High_School,F,3,196490,HR,IC,0,IC,0,85386.80778186422,45613.19221813578
164414,0,64000.0,Bachelor,M,1,117376,HR,IC,0,IC,0,85222.58767315086,-21222.58767315086
565,0,68000.0,Bachelor,M,3,21470,marketing,IC,0,IC,0,195837.03111956886,-127837.03111956886
2734,1,79000.0,Bachelor,F,8,47260,HR,IC,0,IC,0,88430.22207532515,-9430.222075325146
48251,1,229000.0,PhD,M,3,148865,sales,IC,0,IC,0,182782.6484747099,46217.35152529011
103912,0,292000.0,High_School,M,5,89002,sales,MM,11,MM,11,200804.57288080905,91195.42711919095
141910,1,117000.0,Bachelor,M,3,112643,sales,IC,0,IC,0,189257.1654400931,-72257.16544009309
136147,0,161000.0,Bachelor,M,5,100942,sales,MM,13,MM,13,211815.88807746032,-50815.88807746032
124951,0,75000.0,Master,F,6,81421,HR,IC,0,IC,0,86673.97573048914,-11673.97573048914
46173,0,341000.0,Bachelor,M,2,181772,sales,IC,0,IC,0,196776.30656462905,144223.69343537095
49729,1,275000.0,Master,F,3,191418,sales,MM,10,MM,10,235358.12330788598,39641.87669211402
132599,1,298000.0,Master,F,2,130204,marketing,IC,0,IC,0,173888.25401291758,124111.74598708242
81313,0,98000.0,PhD,F,5,159996,sales,IC,0,IC,0,201521.88967796802,-103521.88967796802
184462,0,291000.0,Bachelor,M,3,174122,engineering,IC,0,IC,0,244492.12806626968,46507.87193373032
171048,1,233000.0,Bachelor,M,2,89837,marketing,IC,0,IC,0,188339.52808760988,44660.471912390116
96177,0,185000.0,High_School,M,5,77866,marketing,IC,0,IC,0,190498.8311588766,-5498.831158876594
367,0,220000.0,PhD,F,1,118769,engineering,IC,0,IC,0,245816.63079848664,-25816.630798486643
104068,0,98000.0,Bachelor,F,2,23737,HR,IC,0,IC,0,86599.55002878579,11400.449971214213
101647,0,267000.0,PhD,M,8,193518,sales,IC,0,IC,0,166448.08693168403,100551.91306831597
192369,0,131000.0,Bachelor,M,13,131950,sales,MM,14,MM,14,160476.13942274736,-29476.139422747365
78678,0,73000.0,PhD,F,3,92403,sales,IC,0,IC,0,195546.71190949707,-122546.71190949707
172587,1,132000.0,PhD,M,3,141079,engineering,IC,0,IC,0,246707.47890110445,-114707.47890110445
74737,1,215000.0,Master,M,2,143317,sales,IC,0,IC,0,195747.7721196565,19252.227880343504
136730,1,300000.0,Master,M,4,10773,engineering,IC,0,IC,0,235272.1286071889,64727.871392811096
83260,0,75000.0,PhD,F,5,159638,HR,IC,0,IC,0,81307.52954187465,-6307.529541874654
138823,1,95000.0,PhD,F,12,124994,HR,D,116,D,116,104243.33333333331,-9243.333333333314
162461,0,203000.0,PhD,M,5,132399,sales,IC,0,IC,0,192559.0137282462,10440.98627175379
39663,1,95000.0,Master,M,1,95522,marketing,IC,0,IC,0,165989.76505118783,-70989.76505118783
92226,0,113000.0,Master,M,3,198875,engineering,IC,0,IC,0,244073.52979870792,-131073.52979870792
130568,1,95000.0,Bachelor,M,4,75246,engineering,IC,0,IC,0,243628.2627138922,-148628.2627138922
127778,1,291000.0,PhD,M,4,134536,engineering,IC,0,IC,0,236378.21786726158,54621.782132738415
177391,0,125000.0,Master,M,3,134048,sales,IC,0,IC,0,195369.80999597523,-70369.80999597523
130724,1,255000.0,PhD,M,9,129000,marketing,IC,0,IC,0,187502.8406483692,67497.1593516308
49720,0,67000.0,High_School,F,7,39460,HR,IC,0,IC,0,77144.22122359608,-10144.221223596076
96060,1,61000.0,Bachelor,M,8,7531,HR,MM,9,MM,9,72442.39909162717,-11442.399091627172
154843,1,155000.0,PhD,F,1,173939,marketing,IC,0,IC,0,183636.80504243038,-28636.80504243038
75014,0,203000.0,High_School,F,1,132360,sales,IC,0,IC,0,184712.4239725275,18287.576027472503
99105,0,143000.0,Master,M,6,48877,marketing,IC,0,IC,0,190104.69597924425,-47104.69597924425
27637,0,194000.0,Bachelor,M,2,88779,sales,IC,0,IC,0,196776.30656462905,-2776.306564629049
20378,0,66000.0,PhD,M,5,124994,HR,D,73,D,73,83455.44841269842,-17455.448412698417
142630,0,143000.0,PhD,F,13,171266,HR,MM,16,MM,16,120637.59451659452,22362.405483405484
71595,1,288000.0,PhD,M,19,55537,engineering,D,51,D,51,257975.91774891774,30024.08225108226
57105,0,219000.0,High_School,F,4,105395,engineering,IC,0,IC,0,241138.99966121474,-22138.999661214737
97647,0,102000.0,High_School,F,23,110464,marketing,VP,265,VP,265,196080.0,-94080.0
94667,0,104000.0,Master,F,3,149245,marketing,IC,0,IC,0,191708.4988256018,-87708.4988256018
133518,0,354000.0,Bachelor,M,5,119576,engineering,IC,0,IC,0,237543.49587850232,116456.50412149768
119964,0,70000.0,Bachelor,M,4,167223,marketing,MM,9,MM,9,184717.78860025472,-114717.78860025472
57078,0,193000.0,Bachelor,M,2,147783,sales,IC,0,IC,0,196776.30656462905,-3776.306564629049
10357,1,309000.0,Master,F,7,196484,marketing,MM,14,MM,14,247049.63319231235,61950.36680768765
96548,1,233000.0,High_School,F,5,162196,engineering,IC,0,IC,0,273416.1043534002,-40416.10435340018
198478,0,269000.0,Bachelor,M,4,198240,sales,IC,0,IC,0,193264.55968086384,75735.44031913616
150066,0,296000.0,PhD,M,2,51293,sales,IC,0,IC,0,201356.5442201449,94643.45577985511
177199,1,269000.0,High_School,M,2,109254,sales,IC,0,IC,0,197187.20652557365,71812.79347442635
156257,0,111000.0,High_School,F,2,22887,HR,IC,0,IC,0,84827.81499972833,26172.185000271667
52226,0,243000.0,PhD,M,2,110091,engineering,IC,0,IC,0,239738.82647541008,3261.173524589918
147111,0,151000.0,PhD,M,1,182777,marketing,IC,0,IC,0,195577.15476246577,-44577.15476246577
150206,0,68000.0,Bachelor,M,6,151696,HR,IC,0,IC,0,82309.25309772248,-14309.253097722481
112873,0,74000.0,Bachelor,F,3,43937,HR,IC,0,IC,0,83591.34611794354,-9591.34611794354
183262,0,81000.0,Bachelor,F,1,7095,HR,IC,0,IC,0,77771.4712925606,3228.5287074394
118232,0,163000.0,PhD,M,2,126368,sales,IC,0,IC,0,201356.5442201449,-38356.54422014489
86822,1,98000.0,Bachelor,F,2,20828,marketing,IC,0,IC,0,171278.59057555642,-73278.59057555642
134944,0,201000.0,Master,M,8,181201,sales,MM,13,MM,13,193293.68335501116,7706.316644988838
54273,0,294000.0,Master,M,2,40904,engineering,IC,0,IC,0,225404.836709512,68595.16329048801
87537,0,213000.0,Bachelor,M,4,191495,sales,IC,0,IC,0,193264.55968086384,19735.440319136163
166928,1,76000.0,Bachelor,F,3,189937,engineering,MM,13,MM,13,260815.75897398367,-184815.75897398367
76256,0,282000.0,Master,M,1,89837,marketing,IC,0,IC,0,195691.75019170734,86308.24980829266
114582,0,259000.0,Master,M,1,88779,sales,IC,0,IC,0,198051.2011472294,60948.79885277059
62867,0,281000.0,PhD,F,2,189222,engineering,IC,0,IC,0,245586.57159200107,35413.42840799893
102809,0,70000.0,High_School,F,1,94447,HR,IC,0,IC,0,84206.1973205254,-14206.197320525403
73133,0,301000.0,Bachelor,F,9,92765,engineering,IC,0,IC,0,229292.93938111764,71707.06061888236
12939,0,209000.0,High_School,M,3,177489,marketing,IC,0,IC,0,196140.8951932918,12859.104806708201
26468,1,338000.0,Master,F,4,189937,engineering,MM,12,MM,12,270126.3866047931,67873.61339520692
184993,0,171000.0,High_School,M,3,175361,sales,IC,0,IC,0,193926.29331709526,-22926.29331709526
38603,1,341000.0,Master,F,2,144219,engineering,IC,0,IC,0,253356.57931868994,87643.42068131006
36137,0,187000.0,Master,M,2,177772,marketing,IC,0,IC,0,189747.8553120937,-2747.855312093714
194519,1,159000.0,PhD,M,1,78215,sales,IC,0,IC,0,193940.69232599234,-34940.692325992335
178147,0,106000.0,Master,M,5,24681,HR,MM,10,MM,10,109672.41096135759,-3672.4109613575856
85438,1,297000.0,Master,F,4,75198,marketing,IC,0,IC,0,202198.159483039,94801.840516961
81559,1,80000.0,Master,M,3,198879,sales,IC,0,IC,0,188351.1977603531,-108351.1977603531
154897,0,247000.0,Master,M,19,34280,sales,D,71,D,71,228346.3224729519,18653.6775270481
15447,1,190000.0,High_School,M,6,92845,engineering,IC,0,IC,0,206043.43468483628,-16043.434684836277
84521,0,78000.0,Master,M,2,94447,HR,IC,0,IC,0,75830.80845334244,2169.1915466575592
151455,0,386000.0,Bachelor,F,5,55883,engineering,IC,0,IC,0,263857.73149032274,122142.26850967726
126176,0,166000.0,Bachelor,F,1,98419,marketing,IC,0,IC,0,216750.62192916207,-50750.621929162065
173518,0,112000.0,Bachelor,M,8,102026,sales,IC,0,IC,0,181827.5254596792,-69827.5254596792
90417,0,188000.0,Master,F,3,57938,engineering,IC,0,IC,0,238133.50270656022,-50133.50270656022
133107,1,112000.0,Bachelor,M,1,107493,engineering,IC,0,IC,0,241459.58846692662,-129459.58846692662
98558,0,338000.0,Master,M,10,145161,engineering,MM,12,MM,12,287096.6745578539,50903.3254421461
111951,0,78000.0,Bachelor,M,7,171461,HR,IC,0,IC,0,78143.12642095941,-143.12642095940828
61288,0,195000.0,High_School,M,3,143050,marketing,IC,0,IC,0,196140.8951932918,-1140.895193291799
126221,0,266000.0,PhD,M,3,110508,engineering,IC,0,IC,0,244594.82101961187,21405.178980388126
81788,0,125000.0,PhD,F,1,101901,engineering,IC,0,IC,0,245816.63079848664,-120816.63079848664
35799,0,152000.0,Bachelor,M,2,79193,sales,IC,0,IC,0,196776.30656462905,-44776.30656462905
58836,1,298000.0,High_School,M,4,155437,engineering,IC,0,IC,0,265464.78858191444,32535.211418085557
4421,0,216000.0,High_School,M,2,32510,sales,MM,9,MM,9,182083.33866876006,33916.66133123994
166367,1,270000.0,Bachelor,M,4,34134,sales,IC,0,IC,0,200945.03521904073,69054.96478095927
94013,0,196000.0,Master,F,2,5743,sales,IC,0,IC,0,192912.71319514548,3087.2868048545206
79807,1,231000.0,High_School,F,9,92567,engineering,MM,9,MM,9,299042.8789473684,-68042.87894736842
48069,1,246000.0,Bachelor,F,7,60489,marketing,IC,0,IC,0,196932.31348681715,49067.68651318285
179311,0,132000.0,Bachelor,M,4,123387,sales,IC,0,IC,0,193264.55968086384,-61264.55968086384
73034,0,163000.0,High_School,M,2,161284,engineering,MM,9,MM,9,183057.95092279822,-20057.95092279822
85780,1,338000.0,Bachelor,M,2,26468,engineering,IC,0,IC,0,242862.72183744767,95137.27816255233
175279,0,166000.0,High_School,M,3,148260,marketing,IC,0,IC,0,196140.8951932918,-30140.8951932918
71987,0,137000.0,Master,M,4,24015,HR,MM,10,MM,10,115490.75888199784,21509.24111800216
158654,0,292000.0,Bachelor,M,3,3260,engineering,IC,0,IC,0,244492.12806626968,47507.87193373032
69988,0,243000.0,PhD,F,3,165668,engineering,IC,0,IC,0,250494.2058762398,-7494.205876239808
4153,0,396000.0,Master,M,1,81111,engineering,IC,0,IC,0,253167.61103592915,142832.38896407085
153275,1,114000.0,High_School,M,2,198648,marketing,IC,0,IC,0,196899.97053999678,-82899.97053999678
13399,0,187000.0,Master,M,3,51293,sales,IC,0,IC,0,195369.80999597523,-8369.809995975229
15626,0,75000.0,Master,F,5,146111,HR,IC,0,IC,0,83499.17048362638,-8499.170483626382
64633,1,272000.0,Master,F,2,84828,engineering,IC,0,IC,0,253356.57931868994,18643.42068131006
188716,0,79000.0,Bachelor,M,1,126515,HR,IC,0,IC,0,85222.58767315086,-6222.5876731508615
43381,0,284000.0,Bachelor,F,3,1050,engineering,IC,0,IC,0,259876.0519044494,24123.948095550586
46196,0,142000.0,PhD,F,5,160618,sales,IC,0,IC,0,201521.88967796802,-59521.88967796802
38027,0,89000.0,Bachelor,M,1,191351,marketing,IC,0,IC,0,195298.98660263894,-106298.98660263894
118109,0,79000.0,High_School,M,2,73254,HR,IC,0,IC,0,84800.74930108206,-5800.749301082062
40277,0,277000.0,Master,M,3,5875,marketing,IC,0,IC,0,195418.4685635701,81581.53143642991
37480,0,153000.0,High_School,M,4,114011,engineering,IC,0,IC,0,250920.8991168643,-97920.89911686431
87660,0,205000.0,Bachelor,M,1,174122,engineering,IC,0,IC,0,253447.42674818967,-48447.42674818967
140697,0,159000.0,Bachelor,F,2,81644,engineering,IC,0,IC,0,241425.92290671106,-82425.92290671106
66514,0,117000.0,Bachelor,F,2,44056,HR,IC,0,IC,0,86599.55002878579,30400.449971214213
165921,0,274000.0,PhD,F,1,166729,marketing,IC,0,IC,0,167799.52370018433,106200.47629981567
2420,1,123000.0,Master,M,8,112245,sales,IC,0,IC,0,201595.65416309822,-78595.65416309822
102605,1,276000.0,Master,M,1,26505,marketing,IC,0,IC,0,165989.76505118783,110010.23494881217
146544,0,185000.0,Master,M,1,97878,sales,IC,0,IC,0,198051.2011472294,-13051.20114722941
129786,0,329000.0,Bachelor,M,4,73106,engineering,IC,0,IC,0,245313.12529643642,83686.87470356358
113887,1,313000.0,High_School,F,2,197206,marketing,IC,0,IC,0,195142.62269212652,117857.37730787348
148787,1,274000.0,PhD,F,5,153291,sales,IC,0,IC,0,201105.53032258726,72894.46967741274
39067,0,89000.0,Bachelor,M,7,26183,sales,IC,0,IC,0,194389.89332323067,-105389.89332323067
96569,0,287000.0,Master,F,2,180924,marketing,IC,0,IC,0,190948.4877860469,96051.5122139531
164530,1,123000.0,PhD,M,1,132283,engineering,IC,0,IC,0,238639.5918970931,-115639.59189709311
129908,0,66000.0,Bachelor,M,6,150290,HR,IC,0,IC,0,82309.25309772248,-16309.253097722481
58311,0,213000.0,PhD,M,3,177166,engineering,IC,0,IC,0,244594.82101961187,-31594.821019611874
24740,0,133000.0,Master,F,3,146220,marketing,IC,0,IC,0,191708.4988256018,-58708.4988256018
65382,1,90000.0,Master,M,4,90237,sales,IC,0,IC,0,193172.76047413386,-103172.76047413386
141419,0,146000.0,High_School,M,2,147016,sales,IC,0,IC,0,195986.4498613001,-49986.44986130009
97091,0,228000.0,Master,M,4,88779,sales,IC,0,IC,0,194695.32052053208,33304.679479467915
129748,0,221000.0,Bachelor,M,1,158609,sales,IC,0,IC,0,179465.38885958475,41534.61114041525
178243,0,61000.0,PhD,M,3,125114,HR,IC,0,IC,0,82709.4195275736,-21709.4195275736
55634,1,221000.0,High_School,M,3,30488,marketing,IC,0,IC,0,191326.7881611632,29673.21183883681
137159,0,187000.0,High_School,F,2,27704,sales,IC,0,IC,0,189874.31344501488,-2874.313445014879
190691,0,273000.0,Master,F,1,63077,sales,IC,0,IC,0,177865.95495298997,95134.04504701003
55279,1,187000.0,High_School,M,1,51288,engineering,IC,0,IC,0,201743.7749494076,-14743.774949407612
55948,0,62000.0,PhD,F,2,150189,HR,IC,0,IC,0,81889.77770686249,-19889.777706862486
129032,0,161000.0,Master,F,1,87884,engineering,IC,0,IC,0,251201.8322477962,-90201.8322477962
146954,1,369000.0,PhD,M,2,136147,sales,IC,0,IC,0,191180.20114872733,177819.79885127267
76679,0,196000.0,High_School,M,1,48742,engineering,IC,0,IC,0,231847.76096461926,-35847.76096461926
127677,1,325000.0,High_School,M,4,148418,engineering,IC,0,IC,0,265464.78858191444,59535.21141808556
64455,0,93000.0,Bachelor,F,3,39460,HR,IC,0,IC,0,83591.34611794354,9408.65388205646
38820,0,174000.0,PhD,M,1,103448,sales,IC,0,IC,0,198908.11730505654,-24908.11730505654
111896,0,177000.0,Bachelor,F,1,134671,sales,IC,0,IC,0,190803.3928173758,-13803.392817375803
115123,1,215000.0,PhD,M,2,154703,engineering,IC,0,IC,0,237027.23882378358,-22027.238823783584
147761,1,132000.0,Bachelor,F,5,150194,engineering,IC,0,IC,0,239305.37951119905,-107305.37951119905
21103,1,246000.0,Bachelor,F,8,182777,marketing,IC,0,IC,0,217351.26863030242,28648.731369697576
71324,0,216000.0,Bachelor,M,6,34134,sales,IC,0,IC,0,193558.3030501584,22441.6969498416
130025,0,165000.0,Bachelor,M,2,155437,engineering,IC,0,IC,0,238810.46474319053,-73810.46474319053
108019,0,95000.0,Master,F,4,147016,sales,IC,0,IC,0,198453.75863186418,-103453.75863186418
5605,0,229000.0,Master,M,2,128511,engineering,IC,0,IC,0,225404.836709512,3595.16329048801
113681,0,89000.0,Bachelor,M,1,17211,HR,IC,0,IC,0,85222.58767315086,3777.4123268491385
154008,0,209000.0,Bachelor,M,4,4394,marketing,IC,0,IC,0,192298.8865953424,16701.113404657604
50255,0,252000.0,Bachelor,M,1,113245,sales,IC,0,IC,0,179465.38885958475,72534.61114041525
74185,0,384000.0,PhD,M,4,75045,marketing,IC,0,IC,0,210382.93359964158,173617.06640035842
5408,1,393000.0,Master,F,1,167650,engineering,IC,0,IC,0,248653.7440354666,144346.2559645334
177703,0,91000.0,Master,M,5,138948,marketing,IC,0,IC,0,192239.89997562923,-101239.89997562923
175979,1,251000.0,PhD,M,4,142104,engineering,IC,0,IC,0,236378.21786726158,14621.782132738415
182728,0,200000.0,PhD,F,2,134728,marketing,IC,0,IC,0,202112.82741275989,-2112.827412759885
146198,0,254000.0,Bachelor,M,4,75198,marketing,IC,0,IC,0,192298.8865953424,61701.113404657604
198182,0,83000.0,Master,M,7,183824,engineering,IC,0,IC,0,239867.33568426527,-156867.33568426527
86379,0,329000.0,Master,F,1,165853,engineering,IC,0,IC,0,251201.8322477962,77798.1677522038
148807,0,95000.0,Master,F,7,43704,HR,IC,0,IC,0,80817.69872504385,14182.301274956146
118720,0,334000.0,PhD,M,3,7212,marketing,IC,0,IC,0,204409.410789578,129590.58921042201
30568,0,87000.0,Master,F,4,130135,HR,IC,0,IC,0,79232.74241669648,7767.257583303523
22104,1,373000.0,Bachelor,M,4,2644,sales,IC,0,IC,0,200945.03521904073,172054.96478095927
144064,0,151000.0,High_School,M,5,121419,engineering,IC,0,IC,0,243781.76916131607,-92781.76916131607
127007,0,158000.0,Master,F,8,46997,sales,IC,0,IC,0,178531.48602784384,-20531.486027843843
126515,0,79000.0,PhD,M,13,24681,HR,MM,16,MM,16,95150.20440670442,-16150.204406704419
139350,0,389000.0,PhD,F,1,119774,sales,IC,0,IC,0,184864.59303542023,204135.40696457977
66299,0,220000.0,High_School,M,1,43420,sales,IC,0,IC,0,186739.580228817,33260.41977118299
193621,1,221000.0,PhD,F,11,100942,sales,MM,8,MM,8,180591.3711544158,40408.6288455842
137751,0,199000.0,Master,F,3,134048,sales,IC,0,IC,0,191260.8810195265,7739.1189804734895
63309,0,132000.0,High_School,M,5,186283,engineering,IC,0,IC,0,243781.76916131607,-111781.76916131607
199903,0,206000.0,PhD,F,4,151005,marketing,IC,0,IC,0,215242.36812769604,-9242.368127696041
70499,1,398000.0,Master,F,3,112750,engineering,IC,0,IC,0,245150.29004286497,152849.70995713503
172353,0,311000.0,Bachelor,F,2,134536,engineering,IC,0,IC,0,241425.92290671106,69574.07709328894
135993,1,182000.0,Bachelor,M,4,49729,sales,IC,0,IC,0,200945.03521904073,-18945.03521904073
124159,1,324000.0,PhD,M,6,189038,engineering,IC,0,IC,0,225989.68999128733,98010.31000871267
26748,0,328000.0,Bachelor,F,4,34134,sales,IC,0,IC,0,199971.48280086013,128028.51719913987
148865,0,215000.0,Master,M,13,24691,sales,MM,12,MM,12,210385.25812076154,4614.741879238456
160422,0,297000.0,Bachelor,M,2,54136,marketing,IC,0,IC,0,196739.27564649528,100260.72435350472
154943,0,222000.0,Master,M,3,190065,marketing,IC,0,IC,0,195418.4685635701,26581.531436429912
92224,0,147000.0,Bachelor,M,2,138432,sales,IC,0,IC,0,196776.30656462905,-49776.30656462905
169372,0,140000.0,Master,F,3,149970,marketing,IC,0,IC,0,191708.4988256018,-51708.4988256018
182833,0,61000.0,Master,F,1,51121,HR,IC,0,IC,0,82364.56846565497,-21364.56846565497
94362,0,226000.0,Bachelor,F,18,34051,sales,D,101,D,101,215682.55792736675,10317.442072633246
9121,0,347000.0,Bachelor,M,1,128447,engineering,IC,0,IC,0,253447.42674818967,93552.57325181033
115276,0,60000.0,PhD,M,3,160169,sales,IC,0,IC,0,197202.7515403313,-137202.7515403313
74148,1,209000.0,Bachelor,M,4,12877,engineering,IC,0,IC,0,243628.2627138922,-34628.26271389221
908,0,64000.0,High_School,M,8,59327,HR,IC,0,IC,0,63413.77372722926,586.2262727707421
43442,0,80000.0,PhD,F,3,123154,HR,IC,0,IC,0,83843.8873054549,-3843.887305454904
11847,0,191000.0,PhD,M,6,111508,marketing,IC,0,IC,0,199498.14193409026,-8498.141934090265
30714,0,68000.0,PhD,M,3,41808,HR,IC,0,IC,0,82709.4195275736,-14709.419527573598
143977,0,107000.0,Bachelor,M,4,143317,sales,IC,0,IC,0,193264.55968086384,-86264.55968086384
62957,0,197000.0,PhD,M,1,174092,sales,IC,0,IC,0,198908.11730505654,-1908.1173050565412
56197,0,121000.0,Bachelor,M,4,131525,sales,IC,0,IC,0,193264.55968086384,-72264.55968086384
60831,0,99000.0,Master,F,6,1791,HR,IC,0,IC,0,86673.97573048914,12326.02426951086
85061,1,133000.0,PhD,M,4,132360,sales,IC,0,IC,0,200154.16277634335,-67154.16277634335
24681,0,116000.0,Master,F,18,124994,HR,D,91,D,91,126046.66666666666,-10046.666666666657
75198,0,196000.0,Bachelor,F,14,146600,marketing,MM,16,MM,16,200091.9511488626,-4091.9511488626013
121195,0,96000.0,PhD,F,1,198624,HR,IC,0,IC,0,87076.16641899414,8923.833581005863
49545,0,246000.0,PhD,M,3,29712,engineering,IC,0,IC,0,244594.82101961187,1405.1789803881256
170804,1,318000.0,High_School,M,2,40904,engineering,IC,0,IC,0,231965.8322813009,86034.16771869909
142051,0,212000.0,High_School,M,3,43420,sales,IC,0,IC,0,193926.29331709526,18073.70668290474
73106,1,362000.0,PhD,M,5,60121,engineering,MM,16,MM,16,292738.16509006126,69261.83490993874
180266,1,203000.0,Bachelor,M,2,10922,sales,IC,0,IC,0,198429.69040148894,4570.309598511056
23989,0,125000.0,Master,F,7,74818,sales,IC,0,IC,0,194228.1761660175,-69228.17616601751
52367,0,208000.0,Bachelor,F,4,9706,sales,IC,0,IC,0,199971.48280086013,8028.517199139867
92526,0,284000.0,PhD,M,8,182777,marketing,IC,0,IC,0,206079.79151268277,77920.20848731723
140026,0,354000.0,Master,M,7,166653,engineering,IC,0,IC,0,239867.33568426527,114132.66431573473
169653,1,187000.0,Master,M,1,126257,engineering,IC,0,IC,0,250966.59465767271,-63966.594657672715
149334,0,115000.0,Master,F,3,7966,sales,IC,0,IC,0,191260.8810195265,-76260.88101952651
86590,0,245000.0,Bachelor,F,2,38308,marketing,IC,0,IC,0,195854.82935350726,49145.17064649274
55431,0,330000.0,PhD,F,9,100942,sales,MM,9,MM,9,203652.3574910463,126347.6425089537
106449,0,73000.0,Bachelor,F,4,14465,HR,IC,0,IC,0,86004.53677464435,-13004.536774644352
54983,0,225000.0,PhD,M,1,85717,sales,IC,0,IC,0,198908.11730505654,26091.88269494346
161218,1,261000.0,Master,M,2,79237,marketing,IC,0,IC,0,179191.36560797412,81808.63439202588
194614,1,301000.0,High_School,M,7,154170,engineering,IC,0,IC,0,235656.8323084096,65343.16769159041
136635,0,191000.0,Bachelor,M,2,103448,sales,IC,0,IC,0,196776.30656462905,-5776.306564629049
64767,0,60000.0,PhD,M,3,742,HR,IC,0,IC,0,82709.4195275736,-22709.4195275736
114472,0,141000.0,Master,F,20,197876,sales,D,49,D,49,219888.496394803,-78888.49639480299
60319,1,162000.0,PhD,M,5,65174,sales,MM,6,MM,6,180140.17409037467,-18140.17409037467
114835,1,286000.0,High_School,M,2,74066,engineering,IC,0,IC,0,231965.8322813009,54034.167718699086
156577,0,165000.0,High_School,M,7,166729,marketing,IC,0,IC,0,194858.95220885216,-29858.952208852163
140333,0,224000.0,Bachelor,M,3,34714,sales,IC,0,IC,0,194528.5959929,29471.404007100005
75821,1,367000.0,Bachelor,M,4,133927,engineering,IC,0,IC,0,243628.2627138922,123371.73728610779
18928,0,294000.0,PhD,M,1,165717,sales,IC,0,IC,0,198908.11730505654,95091.88269494346
110575,0,63000.0,PhD,M,2,182556,sales,IC,0,IC,0,201356.5442201449,-138356.5442201449
60713,1,140000.0,Master,F,5,168742,sales,IC,0,IC,0,197527.31097026527,-57527.31097026527
192592,0,335000.0,Bachelor,M,2,43858,engineering,IC,0,IC,0,238810.46474319053,96189.53525680947
37951,0,165000.0,Master,M,7,107493,engineering,IC,0,IC,0,239867.33568426527,-74867.33568426527
125254,1,200000.0,Master,M,5,122567,engineering,IC,0,IC,0,228892.63088194563,-28892.63088194563
130903,1,83000.0,Master,M,2,180924,marketing,IC,0,IC,0,179191.36560797412,-96191.36560797412
41840,0,312000.0,PhD,M,4,153412,marketing,IC,0,IC,0,210382.93359964158,101617.06640035842
160011,1,356000.0,PhD,F,3,118769,engineering,IC,0,IC,0,266408.7034972524,89591.29650274757
20674,0,95000.0,High_School,F,5,57185,engineering,IC,0,IC,0,260725.3404371225,-165725.3404371225
139678,0,155000.0,PhD,M,2,12649,engineering,IC,0,IC,0,239738.82647541008,-84738.82647541008
38652,0,196000.0,High_School,M,4,96664,marketing,IC,0,IC,0,195051.7370391725,948.262960827502
128560,0,166000.0,Bachelor,M,8,119576,engineering,IC,0,IC,0,229476.58349799537,-63476.583497995365
144326,0,195000.0,Bachelor,F,2,78874,sales,IC,0,IC,0,190325.4138625573,4674.586137442704
174122,0,313000.0,Bachelor,M,3,152076,engineering,MM,11,MM,11,230741.99340100266,82258.00659899734
12954,0,78000.0,Bachelor,F,1,172948,HR,IC,0,IC,0,77771.4712925606,228.52870743940002
77883,1,145000.0,High_School,M,3,127266,marketing,IC,0,IC,0,191326.7881611632,-46326.78816116319
56375,0,223000.0,Master,F,5,9239,sales,IC,0,IC,0,199991.97931669242,23008.02068330758
191649,0,60000.0,PhD,M,7,94454,sales,MM,14,MM,14,155747.10657759669,-95747.10657759669
41510,1,141000.0,Bachelor,M,3,147715,sales,IC,0,IC,0,189257.1654400931,-48257.165440093086
165235,1,283000.0,PhD,M,3,198240,sales,IC,0,IC,0,182782.6484747099,100217.35152529011
182694,1,78000.0,Bachelor,M,2,53390,sales,IC,0,IC,0,198429.69040148894,-120429.69040148894
158156,0,86000.0,PhD,M,1,198424,marketing,IC,0,IC,0,195577.15476246577,-109577.15476246577
88008,0,162000.0,Master,M,3,175434,sales,IC,0,IC,0,195369.80999597523,-33369.80999597523
144177,1,107000.0,High_School,F,5,180930,sales,IC,0,IC,0,199248.5115740508,-92248.51157405079
20766,0,89000.0,Master,M,3,16445,HR,IC,0,IC,0,81611.19715433878,7388.802845661223
102058,0,122000.0,High_School,M,4,131525,sales,IC,0,IC,0,192668.28755272523,-70668.28755272523
9052,1,281000.0,Master,M,2,159098,engineering,IC,0,IC,0,233296.97305636574,47703.026943634264
13458,0,133000.0,PhD,M,2,159838,marketing,IC,0,IC,0,198900.55025181093,-65900.55025181093
1415,0,131000.0,High_School,F,1,9239,sales,IC,0,IC,0,184712.4239725275,-53712.4239725275
14886,0,226000.0,High_School,M,1,172250,marketing,IC,0,IC,0,181617.3790151326,44382.62098486739
148619,0,241000.0,PhD,M,7,14470,sales,IC,0,IC,0,195867.84805352206,45132.15194647794
185200,0,205000.0,High_School,M,3,14299,engineering,IC,0,IC,0,251988.4772456092,-46988.47724560919
70705,1,99000.0,Bachelor,F,9,102498,HR,IC,0,IC,0,91832.09509119818,7167.904908801822
79582,0,157000.0,PhD,M,4,60489,marketing,IC,0,IC,0,210382.93359964158,-53382.933599641576
104958,0,227000.0,Bachelor,M,2,2644,sales,IC,0,IC,0,196776.30656462905,30223.69343537095
93388,0,87000.0,Master,M,3,53826,HR,IC,0,IC,0,81611.19715433878,5388.802845661223
58212,1,205000.0,Master,M,2,94507,engineering,IC,0,IC,0,233296.97305636574,-28296.973056365736
54106,1,228000.0,Bachelor,M,2,134671,sales,IC,0,IC,0,198429.69040148894,29570.309598511056
145308,1,238000.0,Master,M,6,158056,engineering,IC,0,IC,0,229476.66225561104,8523.337744388962
197481,1,360000.0,PhD,F,6,73489,sales,IC,0,IC,0,196640.35002037467,163359.64997962533
156382,1,255000.0,Bachelor,M,2,133927,engineering,IC,0,IC,0,242862.72183744767,12137.278162552335
178499,1,70000.0,Master,M,1,75198,marketing,IC,0,IC,0,165989.76505118783,-95989.76505118783
98607,1,273000.0,Bachelor,F,1,57185,engineering,IC,0,IC,0,217588.1074776503,55411.89252234969
120480,1,125000.0,Bachelor,M,5,159906,sales,IC,0,IC,0,199879.9083933267,-74879.90839332671
29410,0,315000.0,PhD,M,14,145161,engineering,MM,12,MM,12,269713.6189195121,45286.38108048792
20032,0,203000.0,PhD,F,2,88779,sales,IC,0,IC,0,202419.4707253329,580.5292746670893
98707,0,212000.0,High_School,F,6,19424,engineering,IC,0,IC,0,253652.59672279534,-41652.59672279534
167790,0,160000.0,High_School,M,8,126330,engineering,IC,0,IC,0,238267.1345341716,-78267.13453417161
153321,0,165000.0,High_School,M,7,30640,engineering,IC,0,IC,0,269143.55240585585,-104143.55240585585
15405,0,172000.0,Master,M,6,148260,marketing,IC,0,IC,0,190104.69597924425,-18104.69597924425
112769,1,222000.0,PhD,M,1,189222,engineering,IC,0,IC,0,238639.5918970931,-16639.59189709311
44046,1,267000.0,PhD,M,1,94683,marketing,IC,0,IC,0,198010.52881550777,68989.47118449223
113026,1,203000.0,Bachelor,M,1,186283,engineering,IC,0,IC,0,241459.58846692662,-38459.58846692662
191289,1,278000.0,PhD,M,9,71595,engineering,MM,13,MM,13,231411.92025725407,46588.07974274593
158402,0,106000.0,Bachelor,F,4,15768,HR,IC,0,IC,0,86004.53677464435,19995.46322535565
21276,0,376000.0,Bachelor,M,4,144219,engineering,IC,0,IC,0,245313.12529643642,130686.87470356358
131301,0,72000.0,PhD,M,8,129778,HR,IC,0,IC,0,77217.56023676235,-5217.5602367623505
160121,0,249000.0,Master,F,3,75246,engineering,IC,0,IC,0,238133.50270656022,10866.497293439781
71500,0,169000.0,PhD,M,4,156010,engineering,IC,0,IC,0,241182.17333249372,-72182.17333249372
116154,0,306000.0,Bachelor,M,3,68821,engineering,IC,0,IC,0,244492.12806626968,61507.87193373032
190274,1,313000.0,PhD,M,1,4440,marketing,IC,0,IC,0,198010.52881550777,114989.47118449223
196637,0,290000.0,PhD,F,13,189937,engineering,MM,4,MM,4,297128.8696479569,-7128.869647956919
87330,1,104000.0,Bachelor,F,3,91654,engineering,MM,13,MM,13,260815.75897398367,-156815.75897398367
112743,0,364000.0,High_School,F,2,122567,engineering,IC,0,IC,0,249980.76471078486,114019.23528921514
52322,1,210000.0,Bachelor,M,5,77613,sales,IC,0,IC,0,199879.9083933267,10120.09160667329
198824,0,160000.0,PhD,F,1,69200,sales,IC,0,IC,0,184864.59303542023,-24864.59303542023
30639,0,112000.0,PhD,M,5,52319,sales,IC,0,IC,0,192559.0137282462,-80559.01372824621
59218,1,148000.0,Bachelor,M,3,121419,engineering,IC,0,IC,0,238207.9962027491,-90207.99620274911
81849,0,88000.0,Master,F,4,123154,HR,IC,0,IC,0,79232.74241669648,8767.257583303523
80289,0,78000.0,Bachelor,M,4,88370,HR,IC,0,IC,0,85853.00043622433,-7853.000436224334
17149,0,249000.0,High_School,M,5,94507,engineering,IC,0,IC,0,243781.76916131607,5218.230838683929
119897,0,89000.0,High_School,M,6,67522,sales,IC,0,IC,0,190398.68369662002,-101398.68369662002
192132,0,146000.0,High_School,M,12,37154,marketing,MM,7,MM,7,168073.517794349,-22073.517794348998
147845,1,136000.0,Bachelor,F,4,51923,HR,IC,0,IC,0,83055.65916338643,52944.34083661357
79070,0,61000.0,Bachelor,M,1,31063,HR,IC,0,IC,0,85222.58767315086,-24222.58767315086
85081,1,280000.0,Bachelor,M,2,41991,sales,IC,0,IC,0,198429.69040148894,81570.30959851106
192105,1,217000.0,Master,M,4,101901,engineering,IC,0,IC,0,235272.1286071889,-18272.128607188904
92320,0,127000.0,PhD,F,1,188118,sales,IC,0,IC,0,184864.59303542023,-57864.59303542023
19057,0,201000.0,Bachelor,F,3,132026,marketing,IC,0,IC,0,193135.262713467,7864.737286532996
181394,0,323000.0,Bachelor,M,6,171940,marketing,IC,0,IC,0,189453.14893188572,133546.85106811428
124641,1,134000.0,Bachelor,F,2,182038,sales,IC,0,IC,0,192222.09002881806,-58222.09002881806
116417,1,175000.0,PhD,F,4,25934,engineering,IC,0,IC,0,230933.5124355746,-55933.51243557461
170710,0,301000.0,Bachelor,M,2,179929,sales,IC,0,IC,0,196776.30656462905,104223.69343537095
52498,1,181000.0,Master,M,5,182777,marketing,IC,0,IC,0,191923.89872502946,-10923.89872502946
189516,1,193000.0,Master,F,2,160618,sales,IC,0,IC,0,198517.56692485747,-5517.56692485747
30050,0,82000.0,Master,M,4,119231,HR,IC,0,IC,0,85034.65160610934,-3034.6516061093425
130780,0,174000.0,Bachelor,M,1,80728,engineering,IC,0,IC,0,253447.42674818967,-79447.42674818967
133343,1,62000.0,PhD,M,4,150189,HR,IC,0,IC,0,73663.81206474909,-11663.812064749087
99589,0,360000.0,Master,F,1,131063,marketing,IC,0,IC,0,191328.91733028728,168671.08266971272
116714,1,289000.0,Bachelor,F,3,148418,engineering,IC,0,IC,0,249465.5655649748,39534.43443502521
44967,0,62000.0,Bachelor,M,4,8812,HR,IC,0,IC,0,85853.00043622433,-23853.000436224334
71499,0,359000.0,PhD,M,26,110464,marketing,VP,111,VP,111,314611.8331550802,44388.16684491979
42576,0,201000.0,Bachelor,M,3,24979,marketing,IC,0,IC,0,195837.03111956886,5162.9688804311445
11423,0,189000.0,Master,M,2,124014,sales,IC,0,IC,0,196044.60399481485,-7044.603994814854
100854,1,88000.0,Master,M,3,73106,engineering,IC,0,IC,0,243469.85093906373,-155469.85093906373
128446,1,341000.0,Bachelor,M,4,53374,sales,IC,0,IC,0,200945.03521904073,140054.96478095927
165072,0,194000.0,High_School,F,7,148032,sales,IC,0,IC,0,194001.4593275081,-1.459327508113347
154381,0,327000.0,PhD,M,5,66090,sales,MM,8,MM,8,196058.28689124493,130941.71310875507
181340,0,94000.0,PhD,M,7,81490,sales,IC,0,IC,0,195867.84805352206,-101867.84805352206
469,0,79000.0,Master,M,1,21470,marketing,IC,0,IC,0,195691.75019170734,-116691.75019170734
192911,0,166000.0,Master,F,3,164439,marketing,IC,0,IC,0,191708.4988256018,-25708.498825601797
109804,1,199000.0,PhD,M,24,51535,engineering,VP,344,VP,344,230154.8701298701,-31154.870129870105
128522,0,74000.0,Bachelor,F,6,39460,HR,IC,0,IC,0,83463.54288976562,-9463.542889765624
63303,0,92000.0,PhD,F,1,44056,HR,IC,0,IC,0,87076.16641899414,4923.833581005863
187931,0,181000.0,Bachelor,M,1,134658,sales,IC,0,IC,0,179465.38885958475,1534.611140415247
89731,0,159000.0,Bachelor,M,2,186086,engineering,IC,0,IC,0,238810.46474319053,-79810.46474319053
76859,1,125000.0,Bachelor,M,3,52923,sales,IC,0,IC,0,189257.1654400931,-64257.165440093086
143473,0,75000.0,Master,F,7,59566,HR,MM,7,MM,7,75600.76981255217,-600.7698125521711
183718,0,379000.0,PhD,F,2,92845,engineering,IC,0,IC,0,245586.57159200107,133413.42840799893
130834,1,360000.0,PhD,F,13,98225,engineering,MM,7,MM,7,311270.4046078191,48729.5953921809
191485,0,322000.0,PhD,M,11,89002,sales,MM,12,MM,12,204660.04215345078,117339.95784654922
159974,1,168000.0,High_School,F,2,162035,sales,IC,0,IC,0,195457.00986642178,-27457.00986642178
82591,1,290000.0,Bachelor,M,5,87884,engineering,IC,0,IC,0,249070.2644405276,40929.73555947241
141849,0,82000.0,Bachelor,F,4,119302,HR,IC,0,IC,0,86004.53677464435,-4004.5367746443517
32959,0,95000.0,Bachelor,M,2,142276,HR,IC,0,IC,0,83618.18616664072,11381.81383335928
148599,0,244000.0,High_School,M,4,21470,marketing,IC,0,IC,0,195051.7370391725,48948.2629608275
24913,0,173000.0,Bachelor,M,5,66160,sales,IC,0,IC,0,195038.08580704563,-22038.08580704563
97381,0,68000.0,Master,F,6,172717,HR,IC,0,IC,0,86673.97573048914,-18673.97573048914
67211,1,173000.0,High_School,M,5,48690,sales,IC,0,IC,0,196471.22445234368,-23471.224452343682
86787,1,91000.0,Bachelor,M,8,168942,HR,IC,0,IC,0,87394.71154720642,3605.288452793582
10768,0,188000.0,PhD,M,1,87733,sales,IC,0,IC,0,198908.11730505654,-10908.117305056541
152748,1,207000.0,PhD,M,3,175434,sales,IC,0,IC,0,182782.6484747099,24217.351525290112
133748,1,205000.0,PhD,M,3,127544,sales,IC,0,IC,0,182782.6484747099,22217.351525290112
13395,0,211000.0,Master,M,4,109254,sales,IC,0,IC,0,194695.32052053208,16304.679479467915
106349,0,78000.0,PhD,M,3,22977,HR,IC,0,IC,0,82709.4195275736,-4709.419527573598
121739,0,222000.0,Master,M,3,181787,marketing,IC,0,IC,0,195418.4685635701,26581.531436429912
77212,0,281000.0,PhD,M,5,29547,engineering,IC,0,IC,0,243058.35787352896,37941.64212647104
156450,1,218000.0,Master,M,2,92845,engineering,IC,0,IC,0,233296.97305636574,-15296.973056365736
97932,0,281000.0,High_School,M,3,135846,sales,IC,0,IC,0,193926.29331709526,87073.70668290474
5374,0,171000.0,Master,M,4,167941,sales,MM,17,MM,17,245494.8335289185,-74494.8335289185
110310,0,114000.0,Bachelor,M,5,75705,HR,IC,0,IC,0,83388.6198347678,30611.3801652322
196291,1,202000.0,Bachelor,F,5,29712,engineering,IC,0,IC,0,239305.37951119905,-37305.37951119905
54808,1,344000.0,PhD,M,8,163049,sales,MM,10,MM,10,192441.4156417121,151558.5843582879
196513,0,395000.0,High_School,F,1,52525,engineering,IC,0,IC,0,256554.63123786892,138445.36876213108
119763,0,89000.0,Bachelor,M,3,52313,sales,IC,0,IC,0,194528.5959929,-105528.5959929
76649,0,149000.0,Bachelor,F,2,5374,sales,IC,0,IC,0,190325.4138625573,-41325.413862557296
178516,0,63000.0,Bachelor,M,3,129734,engineering,IC,0,IC,0,244492.12806626968,-181492.12806626968
1349,1,123000.0,PhD,M,3,134658,sales,IC,0,IC,0,182782.6484747099,-59782.64847470989
28435,0,174000.0,Bachelor,M,6,20828,marketing,IC,0,IC,0,189453.14893188572,-15453.14893188572
1628,0,159000.0,Bachelor,M,3,53109,sales,IC,0,IC,0,194528.5959929,-35528.595992899995
62816,1,188000.0,PhD,M,1,95169,sales,IC,0,IC,0,193940.69232599234,-5940.692325992335
133826,1,115000.0,High_School,M,3,87762,sales,IC,0,IC,0,184716.40600900303,-69716.40600900303
149492,1,273000.0,Bachelor,M,6,40904,engineering,IC,0,IC,0,254868.05476583744,18131.94523416256
34868,1,213000.0,High_School,F,6,77670,sales,IC,0,IC,0,196975.62894127017,16024.371058729826
160478,0,60000.0,Master,M,7,123502,HR,IC,0,IC,0,78571.49998326687,-18571.49998326687
97504,1,168000.0,Master,M,1,76073,engineering,IC,0,IC,0,250966.59465767271,-82966.59465767271
7725,1,277000.0,Bachelor,M,5,90,engineering,IC,0,IC,0,249070.2644405276,27929.735559472407
133388,0,398000.0,Master,M,6,67151,engineering,IC,0,IC,0,250298.06490293815,147701.93509706185
70987,1,221000.0,PhD,M,2,4394,marketing,IC,0,IC,0,180493.22465190728,40506.77534809272
127825,0,70000.0,Master,F,4,189742,HR,IC,0,IC,0,79232.74241669648,-9232.742416696477
100495,0,193000.0,PhD,F,2,103448,sales,IC,0,IC,0,202419.4707253329,-9419.47072533291
174518,0,196000.0,Master,M,4,79934,engineering,IC,0,IC,0,241830.84919374806,-45830.84919374806
30717,1,186000.0,Master,M,1,138948,marketing,IC,0,IC,0,165989.76505118783,20010.23494881217
198933,0,172000.0,Master,M,2,144219,engineering,IC,0,IC,0,225404.836709512,-53404.83670951199
18501,1,172000.0,Master,F,2,19424,engineering,IC,0,IC,0,253356.57931868994,-81356.57931868994
22956,0,231000.0,Bachelor,M,6,132309,sales,IC,0,IC,0,193558.3030501584,37441.6969498416
127356,0,70000.0,Master,M,5,184885,HR,IC,0,IC,0,79443.02078272104,-9443.02078272104
21022,1,124000.0,PhD,F,1,192145,sales,IC,0,IC,0,177727.6568266361,-53727.656826636114
58296,0,316000.0,Master,M,2,59555,marketing,IC,0,IC,0,189747.8553120937,126252.14468790629
53548,0,180000.0,PhD,M,6,102712,sales,IC,0,IC,0,194022.9025924341,-14022.902592434111
136594,0,186000.0,Bachelor,M,5,51288,engineering,IC,0,IC,0,237543.49587850232,-51543.49587850232
152500,0,112000.0,Master,M,19,93708,HR,VP,183,VP,183,141520.0,-29520.0
18968,0,86000.0,PhD,F,1,11507,HR,IC,0,IC,0,87076.16641899414,-1076.1664189941366
108284,0,323000.0,Master,M,4,75242,engineering,IC,0,IC,0,241830.84919374806,81169.15080625194
15039,0,338000.0,PhD,M,5,175558,engineering,IC,0,IC,0,243058.35787352896,94941.64212647104
134049,0,128000.0,PhD,F,2,19806,sales,IC,0,IC,0,202419.4707253329,-74419.47072533291
61706,0,104000.0,Master,F,8,82657,sales,IC,0,IC,0,178531.48602784384,-74531.48602784384
108033,0,86000.0,High_School,M,4,104759,HR,IC,0,IC,0,87030.10157120656,-1030.1015712065564
162487,1,328000.0,High_School,M,1,84828,engineering,IC,0,IC,0,201743.7749494076,126256.22505059239
159581,0,104000.0,PhD,F,5,97422,HR,IC,0,IC,0,81307.52954187465,22692.470458125346
108494,1,171000.0,PhD,M,3,198879,sales,IC,0,IC,0,182782.6484747099,-11782.648474709888
139370,0,96000.0,Master,M,7,32572,marketing,IC,0,IC,0,184687.5348280426,-88687.53482804261
19815,1,108000.0,High_School,F,3,4421,sales,IC,0,IC,0,206475.92737872282,-98475.92737872282
158371,0,358000.0,Bachelor,M,3,7255,engineering,IC,0,IC,0,244492.12806626968,113507.87193373032
107840,0,89000.0,Master,M,2,138772,sales,IC,0,IC,0,196044.60399481485,-107044.60399481485
199397,0,274000.0,Bachelor,M,1,199184,sales,IC,0,IC,0,179465.38885958475,94534.61114041525
101394,0,77000.0,High_School,M,6,91979,HR,IC,0,IC,0,77257.7937290835,-257.79372908349615
49533,1,177000.0,PhD,M,5,134671,sales,IC,0,IC,0,191458.68923493737,-14458.689234937367
184393,1,135000.0,Master,M,3,48120,engineering,IC,0,IC,0,243469.85093906373,-108469.85093906373
165874,0,297000.0,Bachelor,M,2,40904,engineering,IC,0,IC,0,238810.46474319053,58189.53525680947
79384,1,224000.0,Master,M,1,162518,sales,IC,0,IC,0,194883.36343501264,29116.636564987362
65355,0,272000.0,Bachelor,F,3,66306,engineering,IC,0,IC,0,259876.0519044494,12123.948095550586
62873,0,90000.0,PhD,F,2,102727,marketing,IC,0,IC,0,202112.82741275989,-112112.82741275989
17615,1,348000.0,PhD,M,3,116180,engineering,IC,0,IC,0,246707.47890110445,101292.52109889555
97583,1,352000.0,Bachelor,M,2,198814,marketing,IC,0,IC,0,188339.52808760988,163660.47191239012
195702,0,140000.0,Bachelor,F,3,5743,sales,IC,0,IC,0,194461.09812463698,-54461.09812463698
97126,0,76000.0,High_School,F,4,77866,marketing,IC,0,IC,0,201724.40649176008,-125724.40649176008
108439,0,258000.0,Bachelor,M,4,142685,sales,IC,0,IC,0,193264.55968086384,64735.44031913616
161031,0,154000.0,High_School,F,3,10357,marketing,IC,0,IC,0,188217.89882621306,-34217.89882621306
138249,0,234000.0,PhD,M,1,90834,sales,IC,0,IC,0,198908.11730505654,35091.88269494346
175073,0,172000.0,PhD,M,3,118329,sales,IC,0,IC,0,197202.7515403313,-25202.751540331286
148724,1,288000.0,Master,F,4,199282,marketing,IC,0,IC,0,202198.159483039,85801.840516961
14379,0,94000.0,High_School,F,2,73254,HR,IC,0,IC,0,84827.81499972833,9172.185000271667
171697,0,152000.0,Bachelor,M,2,90065,engineering,IC,0,IC,0,238810.46474319053,-86810.46474319053
182534,0,305000.0,PhD,M,2,23100,engineering,IC,0,IC,0,239738.82647541008,65261.17352458992
38291,1,130000.0,Master,M,5,122145,engineering,IC,0,IC,0,228892.63088194563,-98892.63088194563
174657,1,98000.0,Master,M,3,74264,marketing,IC,0,IC,0,189367.86484762578,-91367.86484762578
86114,1,168000.0,Master,M,4,186283,engineering,IC,0,IC,0,235272.1286071889,-67272.1286071889
27406,0,212000.0,Bachelor,M,4,19806,sales,IC,0,IC,0,193264.55968086384,18735.440319136163
187003,1,174000.0,Master,M,1,118329,sales,IC,0,IC,0,194883.36343501264,-20883.363435012638
174993,0,71000.0,Master,F,1,43937,HR,IC,0,IC,0,82364.56846565497,-11364.568465654971
29742,0,100000.0,Bachelor,M,2,76641,engineering,IC,0,IC,0,238810.46474319053,-138810.46474319053
176330,0,62000.0,High_School,F,3,182996,sales,IC,0,IC,0,191417.9608666185,-129417.9608666185
58136,0,73000.0,Master,F,5,24287,HR,IC,0,IC,0,83499.17048362638,-10499.170483626382
104460,1,93000.0,High_School,M,1,62081,sales,IC,0,IC,0,182145.5554433057,-89145.5554433057
191207,0,268000.0,Master,F,2,150300,marketing,IC,0,IC,0,190948.4877860469,77051.5122139531
46994,1,128000.0,Master,M,4,169223,engineering,IC,0,IC,0,235272.1286071889,-107272.1286071889
49927,1,273000.0,High_School,F,2,87707,sales,IC,0,IC,0,195457.00986642178,77542.99013357822
71308,1,206000.0,PhD,M,3,116289,engineering,IC,0,IC,0,246707.47890110445,-40707.47890110445
124433,0,341000.0,High_School,M,8,176415,engineering,IC,0,IC,0,238267.1345341716,102732.86546582839
154456,0,166000.0,PhD,M,2,62081,sales,IC,0,IC,0,201356.5442201449,-35356.54422014489
39020,1,126000.0,PhD,M,4,90,engineering,IC,0,IC,0,236378.21786726158,-110378.21786726158
136561,0,156000.0,High_School,M,1,60319,sales,IC,0,IC,0,186739.580228817,-30739.58022881701
167061,1,324000.0,Bachelor,F,1,87762,sales,IC,0,IC,0,188276.224715987,135723.775284013
60028,1,246000.0,Master,M,6,66591,sales,IC,0,IC,0,193447.7320829517,52552.2679170483
12804,0,71000.0,Bachelor,F,2,168415,HR,IC,0,IC,0,86599.55002878579,-15599.550028785787
163136,1,367000.0,Bachelor,F,2,30468,engineering,IC,0,IC,0,209125.3162083094,157874.6837916906
24371,1,68000.0,PhD,F,3,172541,HR,IC,0,IC,0,76930.77304190416,-8930.773041904162
123263,0,119000.0,PhD,M,11,21604,HR,MM,11,MM,11,112632.55315139564,6367.4468486043625
29749,0,84000.0,PhD,M,4,39785,HR,MM,9,MM,9,82107.1104903537,1892.8895096462948
75282,1,387000.0,PhD,F,1,115694,engineering,IC,0,IC,0,263712.13522253255,123287.86477746745
26505,1,118000.0,Master,F,2,121233,marketing,MM,10,MM,10,225659.22629650641,-107659.22629650641
45966,1,211000.0,Master,F,4,90,engineering,IC,0,IC,0,254657.44241884115,-43657.44241884115
129538,0,311000.0,Master,M,4,67151,engineering,IC,0,IC,0,241830.84919374806,69169.15080625194
52102,0,201000.0,Bachelor,M,5,159996,sales,IC,0,IC,0,195038.08580704563,5961.914192954369
118243,0,186000.0,High_School,F,5,98419,marketing,IC,0,IC,0,196285.1315942073,-10285.131594207312
64112,0,65000.0,Master,F,3,199950,HR,IC,0,IC,0,83947.66681572703,-18947.666815727032
134338,1,168000.0,Master,M,1,77866,marketing,IC,0,IC,0,165989.76505118783,2010.234948812169
3780,0,207000.0,PhD,M,4,1808,engineering,IC,0,IC,0,241182.17333249372,-34182.17333249372
146629,0,205000.0,PhD,M,19,190801,engineering,D,82,D,82,231931.97619047618,-26931.976190476184
117117,1,76000.0,Bachelor,M,5,175365,marketing,IC,0,IC,0,193996.92968217094,-117996.92968217094
61403,0,228000.0,PhD,M,12,69728,engineering,D,66,D,66,246191.99099511598,-18191.99099511598
5425,1,156000.0,Bachelor,F,4,77866,marketing,IC,0,IC,0,207278.65164912542,-51278.651649125415
81245,0,79000.0,High_School,F,2,33665,HR,IC,0,IC,0,84827.81499972833,-5827.814999728333
96981,0,253000.0,Bachelor,M,1,168905,engineering,IC,0,IC,0,253447.42674818967,-447.4267481896677
80456,0,97000.0,PhD,M,3,76435,sales,IC,0,IC,0,197202.7515403313,-100202.75154033129
99499,0,101000.0,Master,M,2,51738,engineering,IC,0,IC,0,225404.836709512,-124404.83670951199
91139,1,110000.0,Bachelor,M,3,145126,sales,IC,0,IC,0,189257.1654400931,-79257.16544009309
170172,0,224000.0,PhD,M,1,19524,marketing,IC,0,IC,0,195577.15476246577,28422.84523753423
110336,0,173000.0,High_School,M,2,110878,engineering,IC,0,IC,0,226878.35789292358,-53878.35789292358
42884,1,100000.0,PhD,M,3,102684,sales,IC,0,IC,0,182782.6484747099,-82782.64847470989
4730,0,60000.0,Master,M,7,158777,marketing,IC,0,IC,0,184687.5348280426,-124687.53482804261
113771,0,140000.0,Master,M,5,51738,engineering,IC,0,IC,0,241342.61319268073,-101342.61319268073
147824,0,195000.0,Master,M,3,168564,sales,IC,0,IC,0,195369.80999597523,-369.80999597522896
45969,0,136000.0,Bachelor,F,17,26053,HR,D,52,D,52,139980.0,-3980.0
16073,0,241000.0,PhD,F,6,139507,marketing,MM,13,MM,13,213165.603076746,27834.39692325401
107119,0,103000.0,High_School,F,3,25805,sales,IC,0,IC,0,191417.9608666185,-88417.9608666185
47755,1,295000.0,Master,F,5,154041,sales,D,75,D,75,265573.713952497,29426.286047503003
82089,0,306000.0,Bachelor,M,4,127266,marketing,IC,0,IC,0,192298.8865953424,113701.1134046576
180228,0,130000.0,PhD,M,3,181886,sales,IC,0,IC,0,197202.7515403313,-67202.75154033129
142022,0,314000.0,Master,F,5,116289,engineering,IC,0,IC,0,237036.2608257125,76963.7391742875
91192,0,126000.0,PhD,M,1,109102,sales,IC,0,IC,0,198908.11730505654,-72908.11730505654
181566,1,205000.0,PhD,M,22,97647,marketing,D,45,D,45,201133.53369622707,3866.4663037729333
117708,0,236000.0,PhD,M,3,179929,sales,IC,0,IC,0,197202.7515403313,38797.24845966871
57917,0,217000.0,PhD,F,1,113245,sales,IC,0,IC,0,184864.59303542023,32135.40696457977
128055,0,356000.0,PhD,M,1,159098,engineering,IC,0,IC,0,245381.45541854406,110618.54458145594
47954,0,173000.0,Bachelor,F,7,29410,engineering,IC,0,IC,0,231671.65697249785,-58671.65697249785
34577,1,155000.0,Bachelor,M,6,170076,engineering,IC,0,IC,0,254868.05476583744,-99868.05476583744
102109,0,215000.0,High_School,M,3,87613,engineering,IC,0,IC,0,251988.4772456092,-36988.47724560919
39236,1,183000.0,Master,F,7,181886,sales,IC,0,IC,0,195354.41435062292,-12354.414350622916
73436,1,160000.0,Master,M,4,79,sales,IC,0,IC,0,193172.76047413386,-33172.76047413386
156333,1,197000.0,High_School,M,1,195165,engineering,IC,0,IC,0,201743.7749494076,-4743.774949407612
29455,1,135000.0,High_School,F,1,8711,marketing,IC,0,IC,0,152342.72348095477,-17342.723480954766
125806,1,132000.0,PhD,F,3,108428,engineering,IC,0,IC,0,266408.7034972524,-134408.70349725243
167354,0,167000.0,PhD,F,4,95609,sales,IC,0,IC,0,200837.55383701346,-33837.55383701346
165668,0,392000.0,PhD,M,11,140317,engineering,MM,3,MM,3,307951.76946792984,84048.23053207016
116613,1,249000.0,PhD,F,2,134658,sales,IC,0,IC,0,186910.43460369,62089.565396310005
80089,0,203000.0,Master,F,7,150408,engineering,IC,0,IC,0,249076.55984268046,-46076.559842680464
94964,1,342000.0,Master,M,3,157931,engineering,IC,0,IC,0,243469.85093906373,98530.14906093627
6881,1,196000.0,Master,F,2,167921,engineering,IC,0,IC,0,253356.57931868994,-57356.57931868994
65437,1,223000.0,PhD,F,5,134982,sales,IC,0,IC,0,201105.53032258726,21894.469677412737
20012,0,123000.0,Master,M,2,159996,sales,IC,0,IC,0,196044.60399481485,-73044.60399481485
176424,0,191000.0,Master,M,15,110464,marketing,VP,206,VP,206,233751.93613739204,-42751.93613739204
59539,0,263000.0,Bachelor,M,1,22145,sales,IC,0,IC,0,179465.38885958475,83534.61114041525
55972,1,95000.0,Master,M,8,59566,HR,MM,12,MM,12,85657.84608646003,9342.153913539965
174126,1,97000.0,High_School,M,1,18939,sales,IC,0,IC,0,182145.5554433057,-85145.5554433057
184555,0,85000.0,Bachelor,M,5,77556,HR,IC,0,IC,0,83388.6198347678,1611.3801652322
38402,0,114000.0,High_School,M,3,75045,marketing,IC,0,IC,0,196140.8951932918,-82140.8951932918
127223,1,304000.0,High_School,M,5,55431,sales,IC,0,IC,0,196471.22445234368,107528.77554765632
66184,1,232000.0,PhD,M,1,196660,sales,IC,0,IC,0,193940.69232599234,38059.307674007665
182556,0,217000.0,High_School,M,4,107049,sales,MM,12,MM,12,203298.63019450143,13701.369805498573
68557,1,216000.0,Master,M,1,62990,sales,IC,0,IC,0,194883.36343501264,21116.636564987362
181836,0,120000.0,High_School,M,2,119302,HR,IC,0,IC,0,84800.74930108206,35199.25069891794
94480,0,118000.0,High_School,F,1,110089,HR,IC,0,IC,0,84206.1973205254,33793.8026794746
59862,0,352000.0,Bachelor,M,7,145161,engineering,MM,9,MM,9,273348.1792223599,78651.8207776401
114790,0,98000.0,High_School,M,7,2644,sales,IC,0,IC,0,187723.0207662197,-89723.0207662197
97067,0,200000.0,Master,M,5,62990,sales,IC,0,IC,0,196414.1583420818,3585.8416579182085
136025,1,311000.0,Bachelor,M,2,171940,marketing,IC,0,IC,0,188339.52808760988,122660.47191239012
97719,0,100000.0,Bachelor,M,1,98419,marketing,IC,0,IC,0,195298.98660263894,-95298.98660263894
132005,0,86000.0,Master,M,5,182028,engineering,IC,0,IC,0,241342.61319268073,-155342.61319268073
21602,0,140000.0,High_School,F,2,41808,HR,IC,0,IC,0,84827.81499972833,55172.18500027167
134168,1,363000.0,Master,F,5,26183,sales,IC,0,IC,0,197527.31097026527,165472.68902973473
69252,1,249000.0,PhD,M,4,131525,sales,IC,0,IC,0,200154.16277634335,48845.83722365665
127450,0,186000.0,Bachelor,M,2,25367,marketing,IC,0,IC,0,196739.27564649528,-10739.275646495284
141542,0,66000.0,Bachelor,F,3,185285,HR,IC,0,IC,0,83591.34611794354,-17591.34611794354
137256,0,249000.0,Bachelor,F,1,134982,sales,IC,0,IC,0,190803.3928173758,58196.6071826242
122831,0,62000.0,Bachelor,M,4,17291,sales,IC,0,IC,0,193264.55968086384,-131264.55968086384
81154,1,148000.0,PhD,F,8,14241,marketing,IC,0,IC,0,204128.31500605814,-56128.31500605814
79304,0,138000.0,Bachelor,M,6,48730,marketing,IC,0,IC,0,189453.14893188572,-51453.14893188572
155901,1,344000.0,PhD,M,4,83032,marketing,IC,0,IC,0,206647.66908106598,137352.33091893402
88303,0,97000.0,Bachelor,M,10,3235,sales,MM,11,MM,11,155187.35819634135,-58187.358196341345
179149,0,70000.0,Master,F,9,21604,HR,MM,8,MM,8,69663.50794951775,336.4920504822512
133091,1,94000.0,PhD,M,7,103421,engineering,IC,0,IC,0,230586.0962906435,-136586.0962906435
71348,0,65000.0,PhD,F,2,61517,HR,IC,0,IC,0,81889.77770686249,-16889.777706862486
40,0,71000.0,Master,F,3,123502,HR,IC,0,IC,0,83947.66681572703,-12947.666815727032
77301,1,155000.0,PhD,F,6,87707,sales,IC,0,IC,0,196640.35002037467,-41640.350020374666
82743,1,105000.0,Bachelor,M,2,196058,marketing,IC,0,IC,0,188339.52808760988,-83339.52808760988
140181,0,103000.0,Bachelor,F,1,136861,sales,IC,0,IC,0,190803.3928173758,-87803.3928173758
47553,0,356000.0,Master,M,6,69728,engineering,D,68,D,68,300891.7465867466,55108.253413253406
142031,0,293000.0,Master,M,3,79934,engineering,IC,0,IC,0,244073.52979870792,48926.470201292075
135124,0,246000.0,PhD,M,2,6335,sales,IC,0,IC,0,201356.5442201449,44643.45577985511
120266,0,242000.0,Bachelor,M,4,151005,marketing,IC,0,IC,0,192298.8865953424,49701.113404657604
106374,0,220000.0,PhD,M,4,74264,marketing,IC,0,IC,0,210382.93359964158,9617.066400358424
76855,0,63000.0,Bachelor,M,4,184998,sales,IC,0,IC,0,193264.55968086384,-130264.55968086384
109027,0,67000.0,Master,F,2,143473,HR,IC,0,IC,0,82960.55864883834,-15960.558648838341
178686,0,69000.0,High_School,M,2,14299,engineering,IC,0,IC,0,226878.35789292358,-157878.35789292358
171907,0,326000.0,Bachelor,M,7,142146,sales,D,103,D,103,288677.15476190473,37322.845238095266
122102,0,322000.0,Bachelor,F,5,58522,engineering,IC,0,IC,0,263857.73149032274,58142.26850967726
71205,0,229000.0,Master,M,1,168564,sales,IC,0,IC,0,198051.2011472294,30948.79885277059
107510,0,198000.0,High_School,M,4,1872,engineering,IC,0,IC,0,250920.8991168643,-52920.89911686431
129591,0,208000.0,High_School,M,3,164638,sales,IC,0,IC,0,193926.29331709526,14073.70668290474
99404,0,303000.0,Bachelor,F,1,181219,marketing,IC,0,IC,0,216750.62192916207,86249.37807083793
58902,0,384000.0,PhD,F,6,41335,engineering,IC,0,IC,0,250524.0699823515,133475.9300176485
39366,0,69000.0,Bachelor,F,4,104539,HR,IC,0,IC,0,86004.53677464435,-17004.53677464435
69390,0,333000.0,Master,M,1,87733,sales,IC,0,IC,0,198051.2011472294,134948.7988527706
84007,1,97000.0,Bachelor,F,3,51288,engineering,IC,0,IC,0,249465.5655649748,-152465.5655649748
37081,0,314000.0,Bachelor,M,7,181886,sales,IC,0,IC,0,194389.89332323067,119610.10667676933
36437,0,220000.0,Master,F,4,191454,marketing,IC,0,IC,0,198018.38231216176,21981.61768783824
133448,0,179000.0,PhD,F,1,158888,sales,IC,0,IC,0,184864.59303542023,-5864.593035420228
51134,1,205000.0,High_School,M,7,101981,sales,IC,0,IC,0,188482.87643989455,16517.12356010545
129977,0,62000.0,Master,F,2,130342,HR,IC,0,IC,0,82960.55864883834,-20960.55864883834
12075,0,172000.0,Bachelor,M,3,43420,sales,IC,0,IC,0,194528.5959929,-22528.595992899995
71833,0,362000.0,Master,M,4,10357,marketing,IC,0,IC,0,194518.27840682067,167481.72159317933
111068,0,194000.0,High_School,M,4,87847,sales,IC,0,IC,0,192668.28755272523,1331.7124472747673
54633,0,84000.0,High_School,M,5,47748,HR,IC,0,IC,0,79935.7666218699,4064.2333781300986
91114,1,250000.0,Bachelor,F,2,132399,sales,IC,0,IC,0,192222.09002881806,57777.90997118194
116791,1,253000.0,Bachelor,F,5,22090,marketing,IC,0,IC,0,197496.99209800735,55503.00790199265
129870,1,267000.0,PhD,F,1,132026,marketing,IC,0,IC,0,183636.80504243038,83363.19495756962
71817,0,314000.0,Master,M,3,41080,sales,IC,0,IC,0,195369.80999597523,118630.19000402477
36255,1,88000.0,Bachelor,F,5,132187,engineering,IC,0,IC,0,239305.37951119905,-151305.37951119905
67726,0,293000.0,PhD,F,2,190566,marketing,IC,0,IC,0,202112.82741275989,90887.17258724011
63104,0,69000.0,PhD,F,2,53826,HR,IC,0,IC,0,81889.77770686249,-12889.777706862486
15020,0,195000.0,PhD,F,9,181219,marketing,IC,0,IC,0,259277.46261761535,-64277.462617615354
2659,0,353000.0,Master,M,2,115694,engineering,IC,0,IC,0,225404.836709512,127595.16329048801
152884,0,362000.0,Bachelor,F,1,132187,engineering,IC,0,IC,0,221439.98962197226,140560.01037802774
23778,1,267000.0,PhD,M,4,198814,marketing,IC,0,IC,0,206647.66908106598,60352.33091893402
181390,0,184000.0,Master,M,6,105542,marketing,IC,0,IC,0,190104.69597924425,-6104.69597924425
55029,0,239000.0,Master,M,3,135848,marketing,IC,0,IC,0,195418.4685635701,43581.53143642991
69120,0,65000.0,Master,F,3,44056,HR,IC,0,IC,0,83947.66681572703,-18947.666815727032
167398,0,60000.0,PhD,M,2,130135,HR,IC,0,IC,0,76157.36192109241,-16157.361921092408
4606,0,283000.0,High_School,M,6,68821,engineering,IC,0,IC,0,264491.40438673896,18508.595613261044
66324,1,102000.0,High_School,M,3,1610,engineering,IC,0,IC,0,246261.9865189567,-144261.9865189567
97891,0,113000.0,Bachelor,F,1,77866,marketing,IC,0,IC,0,216750.62192916207,-103750.62192916207
16144,0,180000.0,PhD,F,4,178954,engineering,IC,0,IC,0,246324.63278111335,-66324.63278111335
138338,0,268000.0,Bachelor,M,5,63785,engineering,IC,0,IC,0,237543.49587850232,30456.50412149768
198494,0,140000.0,High_School,M,3,120381,sales,IC,0,IC,0,193926.29331709526,-53926.29331709526
120302,0,260000.0,PhD,M,3,149245,marketing,IC,0,IC,0,204409.410789578,55590.58921042201
182531,1,232000.0,Bachelor,M,13,47127,sales,MM,13,MM,13,218365.04061347994,13634.959386520059
111431,0,207000.0,PhD,F,2,175593,sales,IC,0,IC,0,202419.4707253329,4580.529274667089
94491,0,233000.0,PhD,M,4,122567,engineering,IC,0,IC,0,241182.17333249372,-8182.173332493723
52476,0,278000.0,High_School,F,5,60373,marketing,IC,0,IC,0,196285.1315942073,81714.86840579269
152022,0,140000.0,Bachelor,F,2,92765,engineering,IC,0,IC,0,241425.92290671106,-101425.92290671106
100211,1,176000.0,Master,M,3,170076,engineering,IC,0,IC,0,243469.85093906373,-67469.85093906373
23295,0,194000.0,Master,M,1,75860,engineering,IC,0,IC,0,253167.61103592915,-59167.61103592915
88966,1,206000.0,Bachelor,M,3,172321,sales,IC,0,IC,0,189257.1654400931,16742.834559906914
64750,1,341000.0,Master,M,6,183869,engineering,MM,16,MM,16,200234.49212824024,140765.50787175976
118656,1,84000.0,Master,F,4,138772,sales,IC,0,IC,0,196357.1254950726,-112357.1254950726
65913,1,197000.0,PhD,M,1,14299,engineering,IC,0,IC,0,238639.5918970931,-41639.59189709311
134658,0,137000.0,Master,F,8,65522,sales,MM,10,MM,10,174855.36577233917,-37855.365772339166
161132,1,153000.0,PhD,M,8,114137,marketing,MM,13,MM,13,148382.47184785083,4617.528152149171
160532,0,320000.0,PhD,F,4,185982,sales,IC,0,IC,0,200837.55383701346,119162.44616298654
166793,1,392000.0,Master,M,3,183045,engineering,IC,0,IC,0,243469.85093906373,148530.14906093627
109693,0,72000.0,PhD,F,4,59327,HR,IC,0,IC,0,82462.33964853613,-10462.33964853613
1305,0,165000.0,PhD,M,8,73846,sales,IC,0,IC,0,166448.08693168403,-1448.0869316840253
20620,0,114000.0,PhD,F,5,73106,engineering,IC,0,IC,0,253630.17097182493,-139630.17097182493
88960,1,149000.0,Bachelor,F,3,198032,sales,IC,0,IC,0,194975.3755380346,-45975.3755380346
68439,0,163000.0,Master,M,4,79237,marketing,IC,0,IC,0,194518.27840682067,-31518.278406820667
97405,0,76000.0,PhD,F,7,117376,HR,IC,0,IC,0,77724.75714311065,-1724.757143110648
75313,1,273000.0,Master,M,3,63785,engineering,IC,0,IC,0,243469.85093906373,29530.149060936266
37789,0,292000.0,Master,M,4,69345,sales,IC,0,IC,0,194695.32052053208,97304.67947946792
96761,1,255000.0,Bachelor,F,3,48730,marketing,IC,0,IC,0,184164.0051782409,70835.99482175909
62244,1,153000.0,Bachelor,F,3,162518,sales,IC,0,IC,0,194975.3755380346,-41975.3755380346
111974,1,301000.0,PhD,F,10,192589,engineering,MM,10,MM,10,280869.3556472767,20130.64435272332
64239,0,277000.0,PhD,F,4,164547,sales,IC,0,IC,0,200837.55383701346,76162.44616298654
113744,0,382000.0,PhD,F,2,63785,engineering,IC,0,IC,0,245586.57159200107,136413.42840799893
20234,0,153000.0,High_School,F,5,77766,marketing,IC,0,IC,0,196285.1315942073,-43285.13159420731
55687,0,80000.0,PhD,M,1,177772,marketing,IC,0,IC,0,195577.15476246577,-115577.15476246577
144685,0,181000.0,Bachelor,M,3,131063,marketing,IC,0,IC,0,195837.03111956886,-14837.031119568856
79365,0,174000.0,PhD,F,3,188118,sales,IC,0,IC,0,195546.71190949707,-21546.71190949707
105408,1,243000.0,PhD,M,3,137776,engineering,IC,0,IC,0,246707.47890110445,-3707.4789011044486
89740,1,347000.0,PhD,M,3,116774,engineering,IC,0,IC,0,246707.47890110445,100292.52109889555
128474,0,138000.0,Master,M,4,124014,sales,IC,0,IC,0,194695.32052053208,-56695.320520532085
187301,0,66000.0,Bachelor,F,3,14465,HR,IC,0,IC,0,83591.34611794354,-17591.34611794354
170745,0,160000.0,High_School,M,7,114011,engineering,IC,0,IC,0,269143.55240585585,-109143.55240585585
24605,0,90000.0,High_School,M,4,16445,HR,IC,0,IC,0,87030.10157120656,2969.8984287934436
86931,0,154000.0,PhD,F,5,16073,marketing,IC,0,IC,0,207892.75710233356,-53892.75710233356
132598,0,220000.0,PhD,M,1,4440,marketing,IC,0,IC,0,195577.15476246577,24422.84523753423
54137,0,336000.0,High_School,M,3,122197,engineering,IC,0,IC,0,251988.4772456092,84011.52275439081
41304,1,178000.0,High_School,M,2,175593,sales,IC,0,IC,0,197187.20652557365,-19187.206525573652
151403,1,336000.0,Master,M,6,99121,marketing,IC,0,IC,0,193951.43666003481,142048.56333996519
179334,1,124000.0,Master,F,5,124186,marketing,IC,0,IC,0,196759.7701332858,-72759.77013328581
188088,0,77000.0,Bachelor,M,3,16445,HR,IC,0,IC,0,77553.46065381975,-553.460653819755
110742,0,214000.0,Bachelor,M,1,54315,sales,IC,0,IC,0,179465.38885958475,34534.61114041525
160261,1,340000.0,PhD,M,4,23830,marketing,MM,10,MM,10,203921.80794281603,136078.19205718397
40958,1,276000.0,Bachelor,F,1,132187,engineering,IC,0,IC,0,217588.1074776503,58411.89252234969
108473,0,121000.0,PhD,F,6,175548,HR,IC,0,IC,0,80224.81814815088,40775.18185184912
3164,0,94000.0,PhD,M,2,164501,HR,IC,0,IC,0,76157.36192109241,17842.638078907592
69504,0,91000.0,Master,F,3,66420,HR,IC,0,IC,0,83947.66681572703,7052.333184272968
101583,1,152000.0,Master,F,6,132026,marketing,IC,0,IC,0,198522.20829073165,-46522.20829073165
57701,1,123000.0,PhD,M,11,77857,HR,MM,5,MM,5,127880.0,-4880.0
6072,0,70000.0,Master,F,2,123263,HR,IC,0,IC,0,82960.55864883834,-12960.558648838341
189611,1,105000.0,PhD,M,1,55883,engineering,IC,0,IC,0,238639.5918970931,-133639.5918970931
88152,1,83000.0,Bachelor,M,2,43858,engineering,IC,0,IC,0,242862.72183744767,-159862.72183744767
171947,0,82000.0,PhD,F,4,252,HR,IC,0,IC,0,82462.33964853613,-462.33964853612997
41756,0,224000.0,High_School,M,3,58365,marketing,IC,0,IC,0,196140.8951932918,27859.1048067082
24382,0,110000.0,Master,F,1,84230,marketing,IC,0,IC,0,191328.91733028728,-81328.91733028728
23476,0,134000.0,Bachelor,F,1,131063,marketing,IC,0,IC,0,216750.62192916207,-82750.62192916207
82874,0,163000.0,Bachelor,F,5,62081,sales,IC,0,IC,0,201703.6417993344,-38703.64179933441
13261,1,248000.0,PhD,M,4,119991,engineering,IC,0,IC,0,236378.21786726158,11621.782132738415
180909,0,70000.0,High_School,F,5,10786,HR,IC,0,IC,0,82936.4626631867,-12936.4626631867
45200,0,68000.0,High_School,F,4,29733,HR,IC,0,IC,0,77198.66979097077,-9198.669790970773
58476,0,361000.0,Master,M,9,198875,engineering,IC,0,IC,0,295618.88369852403,65381.116301475966
103709,0,129000.0,High_School,F,7,122762,sales,IC,0,IC,0,194001.4593275081,-65001.45932750811
21681,0,260000.0,PhD,M,4,48877,marketing,IC,0,IC,0,210382.93359964158,49617.066400358424
114529,0,157000.0,PhD,M,2,102043,marketing,IC,0,IC,0,198900.55025181093,-41900.55025181093
8665,0,269000.0,Master,F,13,34051,sales,D,51,D,51,235436.32410193293,33563.67589806707
161262,0,72000.0,Master,F,2,51923,HR,IC,0,IC,0,82960.55864883834,-10960.558648838341
175204,1,126000.0,Bachelor,M,4,115856,sales,IC,0,IC,0,200945.03521904073,-74945.03521904073
138914,1,121000.0,Master,M,1,90237,sales,IC,0,IC,0,194883.36343501264,-73883.36343501264
59327,0,74000.0,High_School,F,11,24681,HR,MM,9,MM,9,73271.59495938844,728.4050406115566
85532,0,258000.0,Bachelor,M,3,172321,sales,IC,0,IC,0,194528.5959929,63471.404007100005
19258,0,256000.0,PhD,M,1,103448,sales,IC,0,IC,0,198908.11730505654,57091.88269494346
140829,0,72000.0,PhD,F,3,39231,HR,IC,0,IC,0,83843.8873054549,-11843.887305454904
48039,0,247000.0,PhD,M,3,154891,engineering,IC,0,IC,0,244594.82101961187,2405.1789803881256
35227,1,178000.0,PhD,M,1,148418,engineering,IC,0,IC,0,238639.5918970931,-60639.59189709311
178954,1,202000.0,PhD,M,9,189937,engineering,MM,11,MM,11,218862.3448897902,-16862.344889790198
84,0,131000.0,PhD,F,7,182038,sales,IC,0,IC,0,200481.71279382356,-69481.71279382356
16462,0,89000.0,PhD,F,3,29508,HR,IC,0,IC,0,83843.8873054549,5156.112694545096
134105,1,194000.0,Master,M,1,111363,sales,IC,0,IC,0,194883.36343501264,-883.3634350126376
79938,1,68000.0,PhD,M,5,742,HR,IC,0,IC,0,80478.00437538898,-12478.004375388977
5214,0,64000.0,PhD,M,2,178147,HR,IC,0,IC,0,76157.36192109241,-12157.361921092408
11672,0,237000.0,Master,F,7,151838,sales,IC,0,IC,0,194228.1761660175,42771.82383398249
157831,0,192000.0,Bachelor,M,5,48690,sales,IC,0,IC,0,195038.08580704563,-3038.0858070456306
57724,1,346000.0,High_School,M,4,141079,engineering,IC,0,IC,0,265464.78858191444,80535.21141808556
118583,0,225000.0,PhD,M,1,71757,marketing,IC,0,IC,0,195577.15476246577,29422.84523753423
130992,0,153000.0,Master,F,1,52796,sales,IC,0,IC,0,177865.95495298997,-24865.954952989967
19528,0,395000.0,Master,F,2,132683,engineering,IC,0,IC,0,260023.70872319196,134976.29127680804
143437,0,144000.0,Bachelor,M,11,71499,marketing,D,55,D,55,161267.8181123206,-17267.818112320587
41335,1,381000.0,Bachelor,M,4,33814,engineering,MM,15,MM,15,316987.4653111601,64012.53468883992
75638,0,72000.0,PhD,M,5,61443,HR,IC,0,IC,0,82276.80041619591,-10276.80041619591
57443,0,64000.0,High_School,F,2,8812,HR,IC,0,IC,0,84827.81499972833,-20827.814999728333
72627,0,62000.0,PhD,M,5,51923,HR,IC,0,IC,0,82276.80041619591,-20276.80041619591
103932,0,64000.0,PhD,F,1,67178,HR,IC,0,IC,0,87076.16641899414,-23076.166418994137
115450,1,246000.0,PhD,M,2,186086,engineering,IC,0,IC,0,237027.23882378358,8972.761176216416
21046,1,65000.0,Bachelor,F,1,66420,HR,IC,0,IC,0,76312.6750285779,-11312.675028577898
68413,1,229000.0,High_School,M,1,119964,marketing,IC,0,IC,0,201774.6310184148,27225.368981585198
135028,0,237000.0,Bachelor,M,6,196660,sales,IC,0,IC,0,193558.3030501584,43441.6969498416
54260,1,259000.0,High_School,F,9,16073,marketing,IC,0,IC,0,234498.89537827586,24501.10462172414
176748,0,173000.0,High_School,M,1,182531,sales,IC,0,IC,0,186739.580228817,-13739.580228817009
100299,1,213000.0,Bachelor,M,3,87613,engineering,IC,0,IC,0,238207.9962027491,-25207.996202749113
149973,0,126000.0,Master,M,2,130204,marketing,IC,0,IC,0,189747.8553120937,-63747.855312093714
17120,0,69000.0,Bachelor,M,3,103421,engineering,IC,0,IC,0,244492.12806626968,-175492.12806626968
3739,0,155000.0,Master,M,2,76641,engineering,IC,0,IC,0,225404.836709512,-70404.83670951199
37731,0,320000.0,Master,M,2,143317,sales,IC,0,IC,0,196044.60399481485,123955.39600518515
195188,0,139000.0,Bachelor,M,2,165717,sales,IC,0,IC,0,196776.30656462905,-57776.30656462905
159095,1,357000.0,Bachelor,M,1,52319,sales,IC,0,IC,0,180018.0883550749,176981.9116449251
186587,1,210000.0,Master,M,3,148646,engineering,IC,0,IC,0,243469.85093906373,-33469.850939063734
9432,1,82000.0,PhD,M,2,34977,sales,IC,0,IC,0,191180.20114872733,-109180.20114872733
137323,0,100000.0,Bachelor,M,6,41808,HR,IC,0,IC,0,82309.25309772248,17690.74690227752
186465,0,76000.0,Bachelor,F,4,61443,HR,IC,0,IC,0,86004.53677464435,-10004.536774644352
102815,1,187000.0,PhD,F,3,79285,sales,MM,10,MM,10,194903.38956643056,-7903.38956643056
123947,1,391000.0,Master,M,1,61988,engineering,IC,0,IC,0,250966.59465767271,140033.40534232729
117599,0,154000.0,Bachelor,F,3,23565,sales,IC,0,IC,0,194461.09812463698,-40461.09812463698
172311,1,280000.0,Bachelor,M,2,119658,engineering,IC,0,IC,0,242862.72183744767,37137.278162552335
135099,0,206000.0,Master,M,3,52313,sales,IC,0,IC,0,195369.80999597523,10630.190004024771
64163,1,250000.0,Master,M,3,63832,marketing,IC,0,IC,0,189367.86484762578,60632.13515237422
127350,1,220000.0,High_School,M,1,110508,engineering,IC,0,IC,0,201743.7749494076,18256.225050592388
12934,0,100000.0,Master,M,4,134944,sales,IC,0,IC,0,194695.32052053208,-94695.32052053208
69793,0,60000.0,PhD,F,1,4384,HR,IC,0,IC,0,87076.16641899414,-27076.166418994137
43229,1,134000.0,Bachelor,M,1,63785,engineering,IC,0,IC,0,241459.58846692662,-107459.58846692662
55874,1,60000.0,Bachelor,M,1,172541,HR,IC,0,IC,0,88511.26038412712,-28511.26038412712
175619,0,74000.0,PhD,F,7,142630,HR,IC,0,IC,0,77724.75714311065,-3724.757143110648
155225,0,215000.0,Bachelor,M,1,154292,engineering,IC,0,IC,0,253447.42674818967,-38447.42674818967
112833,1,237000.0,Master,M,3,139180,marketing,IC,0,IC,0,189367.86484762578,47632.13515237422
31843,0,63000.0,Bachelor,M,2,91979,HR,IC,0,IC,0,83618.18616664072,-20618.18616664072
171598,0,109000.0,High_School,F,6,29508,HR,IC,0,IC,0,85934.09298729662,23065.907012703377
49063,1,268000.0,High_School,M,1,148418,engineering,IC,0,IC,0,201743.7749494076,66256.22505059239
31371,0,136000.0,PhD,M,6,103912,sales,IC,0,IC,0,194022.9025924341,-58022.90259243411
128518,0,237000.0,PhD,M,2,155437,engineering,IC,0,IC,0,239738.82647541008,-2738.826475410082
55744,0,133000.0,Master,F,2,54136,marketing,IC,0,IC,0,190948.4877860469,-57948.4877860469
24903,0,89000.0,Master,M,3,75705,HR,IC,0,IC,0,81611.19715433878,7388.802845661223
68994,0,92000.0,High_School,F,2,197896,HR,IC,0,IC,0,84827.81499972833,7172.185000271667
77361,0,106000.0,Master,F,4,175361,sales,IC,0,IC,0,198453.75863186418,-92453.75863186418
106652,0,81000.0,PhD,M,1,185285,HR,IC,0,IC,0,77565.84484314994,3434.155156850058
82137,0,302000.0,PhD,F,3,127769,engineering,IC,0,IC,0,250494.2058762398,51505.79412376019
56714,0,118000.0,PhD,F,2,18627,marketing,IC,0,IC,0,202112.82741275989,-84112.82741275989
42381,0,136000.0,Master,M,5,182556,sales,IC,0,IC,0,196414.1583420818,-60414.15834208179
87570,1,141000.0,High_School,M,2,153412,marketing,IC,0,IC,0,196899.97053999678,-55899.97053999678
186926,0,138000.0,Bachelor,M,1,88007,sales,IC,0,IC,0,179465.38885958475,-41465.38885958475
112948,1,291000.0,Master,F,2,98558,engineering,IC,0,IC,0,253356.57931868994,37643.42068131006
8419,0,63000.0,Bachelor,F,1,8812,HR,IC,0,IC,0,77771.4712925606,-14771.4712925606
108132,0,176000.0,Bachelor,M,1,16785,engineering,IC,0,IC,0,253447.42674818967,-77447.42674818967
101223,0,149000.0,Master,M,2,4440,marketing,IC,0,IC,0,189747.8553120937,-40747.855312093714
102262,1,280000.0,PhD,M,2,1610,engineering,IC,0,IC,0,237027.23882378358,42972.761176216416
5127,0,141000.0,Bachelor,M,6,101484,engineering,IC,0,IC,0,252047.32944780047,-111047.32944780047
62047,0,157000.0,PhD,F,1,68998,marketing,IC,0,IC,0,167799.52370018433,-10799.523700184334
196583,1,138000.0,Master,M,1,130204,marketing,IC,0,IC,0,165989.76505118783,-27989.76505118783
85791,0,76000.0,PhD,M,4,134865,sales,MM,11,MM,11,185366.987188199,-109366.98718819901
108661,0,238000.0,Bachelor,M,1,7966,sales,IC,0,IC,0,179465.38885958475,58534.61114041525
4440,0,272000.0,Bachelor,M,7,155485,marketing,MM,13,MM,13,245328.07316681213,26671.92683318787
74179,0,300000.0,Bachelor,F,2,60489,marketing,IC,0,IC,0,195854.82935350726,104145.17064649274
189934,0,133000.0,Bachelor,F,4,121527,marketing,IC,0,IC,0,198300.07769298556,-65300.077692985564
131776,1,209000.0,Master,F,3,144927,sales,IC,0,IC,0,192638.1102185486,16361.889781451406
88872,1,268000.0,Master,M,4,175558,engineering,IC,0,IC,0,235272.1286071889,32727.871392811096
45311,0,283000.0,Bachelor,M,6,193621,sales,IC,0,IC,0,193558.3030501584,89441.6969498416
84485,0,269000.0,Master,M,1,113124,sales,IC,0,IC,0,198051.2011472294,70948.79885277059
109374,1,355000.0,High_School,F,1,115591,sales,IC,0,IC,0,175018.73009809814,179981.26990190186
26830,0,200000.0,Master,F,3,159906,sales,IC,0,IC,0,191260.8810195265,8739.11898047349
127278,0,91000.0,Master,M,5,94447,HR,IC,0,IC,0,79443.02078272104,11556.97921727896
42200,0,184000.0,Master,M,4,160618,sales,IC,0,IC,0,194695.32052053208,-10695.320520532085
123387,0,276000.0,PhD,F,14,66090,sales,MM,8,MM,8,243038.61958918546,32961.38041081454
7605,0,78000.0,High_School,M,3,17211,HR,IC,0,IC,0,86712.65576828775,-8712.655768287746
189412,1,61000.0,Master,M,5,87884,engineering,IC,0,IC,0,228892.63088194563,-167892.63088194563
48341,0,259000.0,PhD,F,8,198875,engineering,IC,0,IC,0,276087.51702335564,-17087.517023355642
4495,1,376000.0,High_School,M,5,41335,engineering,IC,0,IC,0,236496.90072376418,139503.09927623582
72524,0,80000.0,Master,M,2,25367,marketing,IC,0,IC,0,189747.8553120937,-109747.85531209371
159982,0,119000.0,High_School,M,3,192145,sales,IC,0,IC,0,193926.29331709526,-74926.29331709526
56254,0,238000.0,PhD,M,1,182116,sales,IC,0,IC,0,198908.11730505654,39091.88269494346
144622,0,168000.0,PhD,M,2,165853,engineering,IC,0,IC,0,239738.82647541008,-71738.82647541008
115929,0,158000.0,PhD,M,1,45803,sales,IC,0,IC,0,198908.11730505654,-40908.11730505654
160170,0,60000.0,Master,F,3,139278,HR,IC,0,IC,0,83947.66681572703,-23947.666815727032
182807,0,61000.0,PhD,M,2,85426,HR,IC,0,IC,0,76157.36192109241,-15157.361921092408
115684,0,71000.0,High_School,F,2,57701,HR,IC,0,IC,0,84827.81499972833,-13827.814999728333
35982,0,65000.0,Bachelor,F,3,126515,HR,IC,0,IC,0,83591.34611794354,-18591.34611794354
88112,0,290000.0,High_School,M,2,73893,sales,IC,0,IC,0,195986.4498613001,94013.55013869991
43813,0,316000.0,Master,M,3,79237,marketing,IC,0,IC,0,195418.4685635701,120581.53143642991
96360,1,119000.0,PhD,M,2,101819,engineering,IC,0,IC,0,237027.23882378358,-118027.23882378358
182928,0,82000.0,PhD,F,4,169833,HR,IC,0,IC,0,82462.33964853613,-462.33964853612997
148687,0,218000.0,Master,M,5,125755,marketing,IC,0,IC,0,192239.89997562923,25760.100024370768
33513,0,78000.0,Bachelor,M,2,39460,HR,IC,0,IC,0,83618.18616664072,-5618.18616664072
57344,0,222000.0,PhD,M,2,83032,marketing,IC,0,IC,0,198900.55025181093,23099.449748189072
23266,0,253000.0,Master,M,1,142685,sales,IC,0,IC,0,198051.2011472294,54948.79885277059
105578,0,185000.0,Master,M,7,148984,sales,IC,0,IC,0,189796.9743375098,-4796.974337509804
85515,0,62000.0,PhD,F,3,61443,HR,IC,0,IC,0,83843.8873054549,-21843.887305454904
175548,0,133000.0,Master,M,11,116660,HR,MM,11,MM,11,115175.25113276207,17824.748867237926
190778,1,159000.0,PhD,M,8,155485,marketing,MM,7,MM,7,172375.97494289745,-13375.974942897446
36852,1,386000.0,Bachelor,M,4,161727,engineering,IC,0,IC,0,243628.2627138922,142371.7372861078
160762,1,136000.0,Master,M,4,95609,sales,IC,0,IC,0,193172.76047413386,-57172.76047413386
153576,0,242000.0,PhD,F,2,195165,engineering,IC,0,IC,0,245586.57159200107,-3586.57159200107
118739,1,204000.0,Bachelor,F,2,75246,engineering,IC,0,IC,0,209125.3162083094,-5125.316208309407
44025,1,149000.0,Bachelor,M,4,160289,sales,IC,0,IC,0,200945.03521904073,-51945.03521904073
120710,0,188000.0,PhD,M,6,193920,sales,IC,0,IC,0,194022.9025924341,-6022.902592434111
101162,0,170000.0,PhD,M,8,113578,marketing,IC,0,IC,0,206079.79151268277,-36079.79151268277
115740,1,148000.0,Master,F,5,6536,marketing,IC,0,IC,0,196759.7701332858,-48759.77013328581
72914,1,208000.0,High_School,M,7,88007,sales,IC,0,IC,0,188482.87643989455,19517.12356010545
166615,1,72000.0,Master,M,2,67931,engineering,IC,0,IC,0,233296.97305636574,-161296.97305636574
54819,0,249000.0,Master,F,6,182038,sales,IC,0,IC,0,195325.24825658792,53674.75174341208
79086,1,128000.0,Bachelor,M,6,76135,marketing,IC,0,IC,0,189734.3170658435,-61734.3170658435
35055,0,274000.0,PhD,M,2,166928,engineering,IC,0,IC,0,239738.82647541008,34261.17352458992
2652,1,160000.0,Master,F,5,182531,sales,IC,0,IC,0,197527.31097026527,-37527.31097026527
137105,0,169000.0,Bachelor,M,2,41991,sales,IC,0,IC,0,196776.30656462905,-27776.30656462905
103753,1,195000.0,Bachelor,M,1,157966,marketing,IC,0,IC,0,169925.83131011992,25074.168689880084
109671,1,281000.0,Bachelor,M,6,191391,marketing,MM,9,MM,9,204673.5011244682,76326.4988755318
185166,0,66000.0,High_School,M,6,177495,HR,IC,0,IC,0,77257.7937290835,-11257.793729083496
155179,1,300000.0,Bachelor,F,1,197832,marketing,IC,0,IC,0,200189.67771152535,99810.32228847465
100565,0,96000.0,Master,M,3,107694,HR,IC,0,IC,0,81611.19715433878,14388.802845661223
109999,0,285000.0,PhD,M,1,96664,marketing,IC,0,IC,0,195577.15476246577,89422.84523753423
2206,1,146000.0,High_School,M,3,142104,engineering,IC,0,IC,0,246261.9865189567,-100261.98651895669
53918,1,180000.0,Master,M,4,126330,engineering,IC,0,IC,0,235272.1286071889,-55272.128607188904
140892,0,207000.0,Master,M,2,123387,sales,IC,0,IC,0,196044.60399481485,10955.396005185146
24287,0,71000.0,Bachelor,M,9,192056,HR,MM,7,MM,7,81405.47745084658,-10405.477450846578
171232,0,311000.0,Master,F,3,89523,sales,IC,0,IC,0,191260.8810195265,119739.11898047349
79552,1,103000.0,Master,F,4,111508,marketing,IC,0,IC,0,202198.159483039,-99198.159483039
59513,1,113000.0,Bachelor,F,5,149245,marketing,IC,0,IC,0,197496.99209800735,-84496.99209800735
56500,1,199000.0,High_School,F,1,155437,engineering,IC,0,IC,0,216804.56625324997,-17804.56625324997
150518,0,199000.0,Master,M,7,193763,engineering,IC,0,IC,0,239867.33568426527,-40867.33568426527
182119,1,246000.0,Bachelor,M,3,164547,sales,IC,0,IC,0,189257.1654400931,56742.834559906914
74771,1,95000.0,High_School,F,6,84193,marketing,IC,0,IC,0,188677.08312394857,-93677.08312394857
73553,0,189000.0,High_School,M,5,102815,sales,IC,0,IC,0,190414.06772590298,-1414.0677259029762
138434,0,128000.0,PhD,M,2,55476,marketing,IC,0,IC,0,198900.55025181093,-70900.55025181093
84948,1,175000.0,High_School,M,3,182531,sales,IC,0,IC,0,184716.40600900303,-9716.406009003025
124824,0,145000.0,Master,M,1,41991,sales,IC,0,IC,0,198051.2011472294,-53051.20114722941
82152,0,75000.0,Master,M,5,189148,HR,IC,0,IC,0,79443.02078272104,-4443.02078272104
56854,1,111000.0,Master,F,3,6536,marketing,IC,0,IC,0,173192.14355952016,-62192.14355952016
79718,0,315000.0,PhD,M,6,103421,engineering,IC,0,IC,0,247728.11200962216,67271.88799037784
187839,1,146000.0,Bachelor,M,5,134982,sales,IC,0,IC,0,199879.9083933267,-53879.90839332671
70518,0,225000.0,PhD,M,5,166591,sales,IC,0,IC,0,192559.0137282462,32440.98627175379
149950,1,327000.0,PhD,M,2,26183,sales,IC,0,IC,0,191180.20114872733,135819.79885127267
182719,0,269000.0,High_School,F,1,20901,engineering,IC,0,IC,0,256554.63123786892,12445.368762131082
65316,0,80000.0,Master,F,2,168415,HR,IC,0,IC,0,82960.55864883834,-2960.5586488383415
150115,1,142000.0,PhD,M,2,168797,marketing,IC,0,IC,0,180493.22465190728,-38493.22465190728
144976,0,185000.0,PhD,M,3,145667,sales,MM,12,MM,12,195721.0871681242,-10721.087168124213
179769,1,213000.0,Master,M,1,73893,sales,IC,0,IC,0,194883.36343501264,18116.636564987362
176250,1,288000.0,PhD,M,1,59555,marketing,IC,0,IC,0,198010.52881550777,89989.47118449223
147201,0,201000.0,Bachelor,M,1,83032,marketing,IC,0,IC,0,195298.98660263894,5701.013397361065
51416,0,67000.0,Bachelor,M,1,91345,sales,IC,0,IC,0,179465.38885958475,-112465.38885958475
93864,0,262000.0,Bachelor,F,5,190566,marketing,IC,0,IC,0,197905.0051527127,64094.99484728731
160658,0,110000.0,Master,F,5,53856,HR,IC,0,IC,0,83499.17048362638,26500.82951637362
169271,0,225000.0,Master,M,4,146600,marketing,MM,5,MM,5,196938.59074248688,28061.40925751312
178622,0,84000.0,Master,M,7,115765,HR,IC,0,IC,0,78571.49998326687,5428.500016733131
21432,0,171000.0,PhD,F,2,72965,sales,IC,0,IC,0,202419.4707253329,-31419.47072533291
139397,1,194000.0,PhD,F,2,21470,marketing,IC,0,IC,0,178705.9724548009,15294.02754519909
189890,0,280000.0,Master,F,14,171351,engineering,MM,15,MM,15,243784.98934612278,36215.01065387722
178363,1,379000.0,Bachelor,M,5,122145,engineering,IC,0,IC,0,249070.2644405276,129929.7355594724
65548,1,183000.0,PhD,F,1,85717,sales,IC,0,IC,0,177727.6568266361,5272.343173363886
10745,1,145000.0,Master,M,3,95522,marketing,IC,0,IC,0,189367.86484762578,-44367.86484762578
37423,0,168000.0,High_School,M,3,134048,sales,IC,0,IC,0,193926.29331709526,-25926.29331709526
118389,0,213000.0,Bachelor,F,2,167389,sales,IC,0,IC,0,190325.4138625573,22674.586137442704
101149,0,92000.0,High_School,M,3,116750,engineering,IC,0,IC,0,251988.4772456092,-159988.4772456092
34711,1,203000.0,High_School,M,4,150722,marketing,IC,0,IC,0,183760.25765752327,19239.742342476733
26474,1,282000.0,PhD,F,4,59862,engineering,IC,0,IC,0,230933.5124355746,51066.48756442539
135848,1,217000.0,High_School,M,3,121096,marketing,MM,13,MM,13,189852.4314640112,27147.5685359888
172580,0,75000.0,Master,M,7,177495,HR,IC,0,IC,0,78571.49998326687,-3571.499983266869
148359,1,179000.0,Bachelor,F,3,4110,sales,IC,0,IC,0,194975.3755380346,-15975.375538034597
175929,0,117000.0,PhD,M,7,195165,engineering,IC,0,IC,0,243957.16219824034,-126957.16219824034
168545,0,257000.0,Bachelor,M,8,176424,marketing,D,26,D,26,222939.58689323682,34060.41310676318
163398,0,254000.0,High_School,F,6,24979,marketing,IC,0,IC,0,194352.66130487705,59647.33869512295
184291,0,348000.0,Bachelor,M,2,66692,sales,IC,0,IC,0,196776.30656462905,151223.69343537095
157982,1,299000.0,PhD,F,7,196660,sales,IC,0,IC,0,197975.7907995876,101024.20920041241
120041,1,294000.0,Master,M,2,32938,engineering,IC,0,IC,0,233296.97305636574,60703.026943634264
98958,0,153000.0,PhD,M,1,177772,marketing,IC,0,IC,0,195577.15476246577,-42577.15476246577
92593,1,86000.0,PhD,M,3,133420,sales,IC,0,IC,0,182782.6484747099,-96782.64847470989
92023,0,253000.0,PhD,M,3,27704,sales,IC,0,IC,0,197202.7515403313,55797.24845966871
165154,0,298000.0,Bachelor,M,2,103912,sales,IC,0,IC,0,196776.30656462905,101223.69343537095
144725,0,226000.0,Master,M,3,2644,sales,IC,0,IC,0,195369.80999597523,30630.19000402477
61708,1,248000.0,Master,M,9,81111,engineering,IC,0,IC,0,221746.95067497008,26253.04932502992
143281,0,265000.0,PhD,M,3,46957,sales,IC,0,IC,0,197202.7515403313,67797.24845966871
130887,1,213000.0,PhD,M,1,91254,marketing,IC,0,IC,0,198010.52881550777,14989.471184492228
152368,1,166000.0,Master,M,2,46957,sales,IC,0,IC,0,195747.7721196565,-29747.772119656496
142245,1,99000.0,Bachelor,M,3,113124,sales,IC,0,IC,0,189257.1654400931,-90257.16544009309
167563,0,399000.0,Master,M,5,109102,sales,IC,0,IC,0,196414.1583420818,202585.8416579182
128997,1,78000.0,Master,F,3,146473,marketing,IC,0,IC,0,173192.14355952016,-95192.14355952016
130619,0,193000.0,PhD,M,1,164326,sales,IC,0,IC,0,198908.11730505654,-5908.117305056541
164250,0,162000.0,Master,F,5,20901,engineering,IC,0,IC,0,237036.2608257125,-75036.2608257125
44346,0,307000.0,Bachelor,F,7,90834,sales,IC,0,IC,0,202931.0713209912,104068.9286790088
188509,1,347000.0,High_School,M,4,101484,engineering,IC,0,IC,0,265464.78858191444,81535.21141808556
20025,1,145000.0,Bachelor,F,2,157931,engineering,IC,0,IC,0,209125.3162083094,-64125.31620830941
153987,0,187000.0,PhD,M,1,153551,sales,IC,0,IC,0,198908.11730505654,-11908.117305056541
146538,1,325000.0,Master,M,2,109254,sales,IC,0,IC,0,195747.7721196565,129252.2278803435
83252,0,98000.0,Bachelor,F,2,61443,HR,IC,0,IC,0,86599.55002878579,11400.449971214213
187749,1,159000.0,PhD,M,2,95841,engineering,IC,0,IC,0,237027.23882378358,-78027.23882378358
42044,0,98000.0,High_School,M,2,146473,marketing,IC,0,IC,0,195512.34328319496,-97512.34328319496
93828,1,124000.0,High_School,F,6,92585,marketing,IC,0,IC,0,188677.08312394857,-64677.08312394857
79,0,96000.0,Master,M,4,65174,sales,MM,9,MM,9,187253.84613793512,-91253.84613793512
136431,0,106000.0,Bachelor,F,4,64087,HR,IC,0,IC,0,86004.53677464435,19995.46322535565
99226,1,87000.0,Master,F,2,111082,sales,IC,0,IC,0,198517.56692485747,-111517.56692485747
132652,0,113000.0,PhD,F,2,742,HR,IC,0,IC,0,81889.77770686249,31110.222293137514
94165,1,160000.0,Bachelor,F,1,110091,engineering,IC,0,IC,0,217588.1074776503,-57588.10747765031
121034,0,137000.0,Master,M,1,197206,marketing,IC,0,IC,0,195691.75019170734,-58691.75019170734
125912,1,182000.0,Bachelor,F,21,107658,marketing,D,101,D,101,209877.14597004306,-27877.145970043057
126662,0,158000.0,PhD,M,2,76135,marketing,IC,0,IC,0,198900.55025181093,-40900.55025181093
59617,0,75000.0,Bachelor,F,2,159638,HR,IC,0,IC,0,86599.55002878579,-11599.550028785787
67957,0,201000.0,High_School,M,3,171499,engineering,IC,0,IC,0,251988.4772456092,-50988.47724560919
112663,1,259000.0,Master,M,4,24071,engineering,IC,0,IC,0,235272.1286071889,23727.871392811096
45965,0,207000.0,Master,M,1,69379,sales,IC,0,IC,0,198051.2011472294,8948.79885277059
92266,0,140000.0,Master,M,2,165853,engineering,IC,0,IC,0,225404.836709512,-85404.83670951199
2829,0,217000.0,Master,M,3,46957,sales,IC,0,IC,0,195369.80999597523,21630.19000402477
80198,0,337000.0,PhD,M,2,168905,engineering,IC,0,IC,0,239738.82647541008,97261.17352458992
94152,0,168000.0,Bachelor,M,3,193621,sales,IC,0,IC,0,194528.5959929,-26528.595992899995
29996,0,150000.0,Bachelor,M,3,197832,marketing,IC,0,IC,0,195837.03111956886,-45837.031119568856
153913,1,144000.0,High_School,M,7,93223,engineering,IC,0,IC,0,235656.8323084096,-91656.83230840959
1904,0,103000.0,PhD,M,6,129734,engineering,IC,0,IC,0,247728.11200962216,-144728.11200962216
49803,1,81000.0,PhD,F,3,33665,HR,IC,0,IC,0,76930.77304190416,4069.226958095838
65910,1,383000.0,Master,M,1,12649,engineering,IC,0,IC,0,250966.59465767271,132033.40534232729
110508,0,175000.0,Bachelor,M,4,183869,engineering,MM,13,MM,13,228158.8169136623,-53158.816913662304
36705,0,66000.0,Master,F,7,61443,HR,IC,0,IC,0,80817.69872504385,-14817.698725043854
172989,0,83000.0,Master,M,11,34051,sales,D,81,D,81,130394.90239411607,-47394.90239411607
128450,0,335000.0,High_School,M,3,10922,sales,IC,0,IC,0,193926.29331709526,141073.70668290474
84629,0,94000.0,High_School,M,2,81421,HR,IC,0,IC,0,84800.74930108206,9199.250698917938
29009,0,281000.0,High_School,M,3,167650,engineering,IC,0,IC,0,251988.4772456092,29011.52275439081
34773,0,199000.0,Bachelor,M,8,71757,marketing,IC,0,IC,0,190835.4442587671,8164.555741232907
128752,1,219000.0,PhD,M,5,196058,marketing,IC,0,IC,0,198245.7378544605,20754.262145539513
153075,0,203000.0,Master,M,2,159906,sales,IC,0,IC,0,196044.60399481485,6955.396005185146
47821,0,295000.0,PhD,M,2,62081,sales,IC,0,IC,0,201356.5442201449,93643.45577985511
151101,0,264000.0,Master,M,6,147783,sales,IC,0,IC,0,192430.58157034806,71569.41842965194
124491,0,266000.0,Master,M,2,148032,sales,IC,0,IC,0,196044.60399481485,69955.39600518515
39396,1,120000.0,PhD,F,1,33266,marketing,IC,0,IC,0,183636.80504243038,-63636.80504243038
158936,1,366000.0,High_School,M,4,189038,engineering,IC,0,IC,0,265464.78858191444,100535.21141808556
117368,0,199000.0,PhD,M,3,162035,sales,IC,0,IC,0,197202.7515403313,1797.2484596687136
188925,1,261000.0,PhD,M,2,52313,sales,IC,0,IC,0,191180.20114872733,69819.79885127267
19937,1,213000.0,PhD,F,3,7212,marketing,IC,0,IC,0,185493.86852960358,27506.131470396416
190315,1,80000.0,Bachelor,F,4,24287,HR,IC,0,IC,0,83055.65916338643,-3055.65916338643
64256,1,212000.0,PhD,M,6,29960,marketing,IC,0,IC,0,194897.30397634246,17102.69602365754
167143,1,88000.0,High_School,M,5,197832,marketing,IC,0,IC,0,182313.43331827148,-94313.43331827148
198783,0,81000.0,Bachelor,M,2,97422,HR,IC,0,IC,0,83618.18616664072,-2618.1861666407203
62105,1,173000.0,Master,F,2,98419,marketing,IC,0,IC,0,173888.25401291758,-888.2540129175759
112152,0,68000.0,Bachelor,F,1,185285,HR,IC,0,IC,0,77771.4712925606,-9771.4712925606
43174,0,71000.0,Master,F,2,185285,HR,IC,0,IC,0,82960.55864883834,-11960.558648838341
168222,1,133000.0,High_School,M,2,71945,engineering,IC,0,IC,0,231965.8322813009,-98965.83228130091
92863,1,211000.0,PhD,M,4,105542,marketing,IC,0,IC,0,206647.66908106598,4352.330918934022
180841,0,205000.0,PhD,M,4,123387,sales,IC,0,IC,0,194705.84234154952,10294.15765845048
42096,0,207000.0,Master,M,3,89002,sales,MM,11,MM,11,191662.38298403803,15337.617015961965
85245,1,246000.0,High_School,M,5,93223,engineering,IC,0,IC,0,236496.90072376418,9503.099276235822
116151,1,272000.0,Bachelor,M,3,89837,marketing,IC,0,IC,0,188192.39140789176,83807.60859210824
112055,1,192000.0,High_School,M,1,137369,sales,IC,0,IC,0,182145.5554433057,9854.444556694303
149987,0,86000.0,Bachelor,F,1,125114,HR,IC,0,IC,0,77771.4712925606,8228.5287074394
110437,0,108000.0,PhD,M,2,73846,sales,IC,0,IC,0,201356.5442201449,-93356.54422014489
163275,0,127000.0,PhD,M,8,149970,marketing,IC,0,IC,0,206079.79151268277,-79079.79151268277
34447,0,217000.0,High_School,M,1,140393,engineering,IC,0,IC,0,231847.76096461926,-14847.760964619258
151214,0,76000.0,Bachelor,M,1,164501,HR,IC,0,IC,0,85222.58767315086,-9222.587673150862
126402,1,290000.0,Master,M,2,116750,engineering,IC,0,IC,0,233296.97305636574,56703.026943634264
73223,1,218000.0,Master,M,2,185982,sales,IC,0,IC,0,195747.7721196565,22252.227880343504
34977,1,325000.0,Master,M,11,94362,sales,MM,15,MM,15,244595.2717388677,80404.72826113229
664,1,134000.0,PhD,M,6,147819,sales,IC,0,IC,0,188866.9788219157,-54866.97882191569
66591,0,257000.0,Master,M,4,78493,sales,MM,10,MM,10,206756.87635537225,50243.12364462775
17907,1,136000.0,Master,F,1,168742,sales,IC,0,IC,0,162567.59691448012,-26567.59691448012
199568,1,124000.0,High_School,M,1,123000,sales,IC,0,IC,0,182145.5554433057,-58145.5554433057
117226,1,203000.0,Bachelor,M,1,159996,sales,IC,0,IC,0,180018.0883550749,22981.9116449251
106521,0,286000.0,Master,M,2,75242,engineering,IC,0,IC,0,225404.836709512,60595.16329048801
97130,0,328000.0,Bachelor,F,3,101819,engineering,IC,0,IC,0,259876.0519044494,68123.94809555059
195905,0,74000.0,Master,F,3,102043,marketing,IC,0,IC,0,191708.4988256018,-117708.4988256018
113218,0,86000.0,High_School,F,5,10786,HR,IC,0,IC,0,82936.4626631867,3063.5373368133005
197863,0,246000.0,PhD,M,3,149970,marketing,IC,0,IC,0,204409.410789578,41590.58921042201
166665,1,201000.0,Master,M,3,70406,marketing,IC,0,IC,0,189367.86484762578,11632.13515237422
3430,1,93000.0,Master,F,3,172541,HR,IC,0,IC,0,81565.62322861952,11434.376771380485
150626,0,111000.0,PhD,M,5,21086,HR,IC,0,IC,0,82276.80041619591,28723.19958380409
194161,0,216000.0,PhD,F,5,127266,marketing,IC,0,IC,0,207892.75710233356,8107.242897666438
22142,0,159000.0,High_School,M,5,94039,sales,IC,0,IC,0,190414.06772590298,-31414.067725902976
112601,0,137000.0,High_School,F,3,87847,sales,IC,0,IC,0,191417.9608666185,-54417.960866618494
91654,0,395000.0,PhD,M,10,109804,engineering,D,44,D,44,307064.89377289376,87935.10622710624
108138,1,195000.0,Bachelor,M,2,82463,marketing,IC,0,IC,0,188339.52808760988,6660.471912390116
84840,1,164000.0,Master,M,3,76135,marketing,IC,0,IC,0,189367.86484762578,-25367.86484762578
59745,0,74000.0,Master,F,1,115765,HR,IC,0,IC,0,82364.56846565497,-8364.568465654971
62863,1,375000.0,Master,M,4,73663,marketing,IC,0,IC,0,200024.3248884556,174975.6751115444
67227,1,70000.0,PhD,M,5,115765,HR,IC,0,IC,0,80478.00437538898,-10478.004375388977
44429,1,109000.0,Master,M,7,93223,engineering,IC,0,IC,0,225125.6637037776,-116125.6637037776
141317,1,246000.0,Master,M,10,24691,sales,MM,13,MM,13,206861.19470878527,39138.805291214725
139979,0,146000.0,PhD,M,4,87847,sales,IC,0,IC,0,194705.84234154952,-48705.84234154952
64435,0,118000.0,Master,F,2,198875,engineering,IC,0,IC,0,260023.70872319196,-142023.70872319196
77283,1,266000.0,Bachelor,F,4,115694,engineering,IC,0,IC,0,250652.48560468346,15347.514395316539
107152,1,99000.0,PhD,F,13,51535,engineering,VP,174,VP,174,142233.6666666667,-43233.666666666686
130557,0,89000.0,PhD,M,3,143473,HR,IC,0,IC,0,82709.4195275736,6290.580472426402
193759,0,87000.0,Bachelor,M,5,154375,HR,IC,0,IC,0,83388.6198347678,3611.3801652322
112375,0,180000.0,High_School,M,5,184998,sales,IC,0,IC,0,190414.06772590298,-10414.067725902976
60066,0,176000.0,Master,M,3,141317,sales,IC,0,IC,0,195369.80999597523,-19369.80999597523
135238,0,164000.0,High_School,M,19,84011,sales,D,46,D,46,210406.02948344636,-46406.02948344636
50966,0,274000.0,High_School,M,3,194078,marketing,IC,0,IC,0,196140.8951932918,77859.1048067082
61556,0,169000.0,PhD,M,3,148032,sales,IC,0,IC,0,197202.7515403313,-28202.751540331286
36209,0,314000.0,Master,M,2,7966,sales,IC,0,IC,0,196044.60399481485,117955.39600518515
27127,1,110000.0,Master,M,4,92585,marketing,IC,0,IC,0,200024.3248884556,-90024.3248884556
3152,1,215000.0,High_School,M,4,95169,sales,IC,0,IC,0,195764.89920874953,19235.100791250472
35602,1,162000.0,High_School,M,7,77670,sales,IC,0,IC,0,188482.87643989455,-26482.87643989455
12009,1,165000.0,Master,M,1,9239,sales,IC,0,IC,0,194883.36343501264,-29883.363435012638
16537,0,226000.0,High_School,M,4,99139,sales,IC,0,IC,0,192668.28755272523,33331.71244727477
74588,0,307000.0,PhD,M,2,182038,sales,IC,0,IC,0,201356.5442201449,105643.45577985511
156901,1,119000.0,High_School,M,1,144219,engineering,IC,0,IC,0,201743.7749494076,-82743.77494940761
76531,1,143000.0,Bachelor,M,4,182028,engineering,IC,0,IC,0,243628.2627138922,-100628.26271389221
76296,0,219000.0,High_School,F,4,6536,marketing,IC,0,IC,0,201724.40649176008,17275.593508239923
50760,0,360000.0,Master,M,3,94611,engineering,IC,0,IC,0,244073.52979870792,115926.47020129208
115678,0,231000.0,High_School,F,2,193920,sales,IC,0,IC,0,189874.31344501488,41125.68655498512
49753,0,185000.0,PhD,F,3,113618,marketing,IC,0,IC,0,211839.30129742634,-26839.30129742634
151987,0,60000.0,PhD,F,1,73254,HR,IC,0,IC,0,87076.16641899414,-27076.166418994137
41553,0,232000.0,PhD,M,1,198424,marketing,IC,0,IC,0,195577.15476246577,36422.84523753423
60642,0,164000.0,High_School,M,3,79237,marketing,IC,0,IC,0,196140.8951932918,-32140.8951932918
169330,0,111000.0,High_School,M,1,167877,sales,IC,0,IC,0,186739.580228817,-75739.58022881701
117914,1,301000.0,High_School,M,2,176415,engineering,IC,0,IC,0,231965.8322813009,69034.16771869909
7953,0,105000.0,Master,M,1,190249,marketing,IC,0,IC,0,195691.75019170734,-90691.75019170734
134950,0,360000.0,PhD,M,1,81860,engineering,IC,0,IC,0,245381.45541854406,114618.54458145594
12718,1,348000.0,High_School,M,5,178954,engineering,IC,0,IC,0,236496.90072376418,111503.09927623582
107634,0,201000.0,Master,M,8,98419,marketing,IC,0,IC,0,186214.25947897293,14785.740521027066
135915,1,331000.0,High_School,F,3,159098,engineering,IC,0,IC,0,268785.44577182253,62214.55422817747
79996,0,227000.0,Bachelor,M,3,81644,engineering,IC,0,IC,0,244492.12806626968,-17492.12806626968
20100,0,60000.0,Bachelor,F,2,126515,HR,IC,0,IC,0,86599.55002878579,-26599.550028785787
47929,0,75000.0,PhD,F,5,151696,HR,IC,0,IC,0,81307.52954187465,-6307.529541874654
41524,0,251000.0,Master,M,3,73846,sales,IC,0,IC,0,195369.80999597523,55630.19000402477
156917,1,378000.0,High_School,M,1,75860,engineering,IC,0,IC,0,201743.7749494076,176256.2250505924
16592,0,209000.0,Bachelor,M,2,129000,marketing,IC,0,IC,0,196739.27564649528,12260.724353504716
117199,0,142000.0,Bachelor,M,2,144219,engineering,IC,0,IC,0,238810.46474319053,-96810.46474319053
42444,0,119000.0,Master,M,4,162381,engineering,IC,0,IC,0,241830.84919374806,-122830.84919374806
55253,0,145000.0,PhD,M,4,160511,marketing,IC,0,IC,0,210382.93359964158,-65382.933599641576
14897,0,86000.0,High_School,M,2,56451,sales,IC,0,IC,0,195986.4498613001,-109986.44986130009
53096,0,201000.0,High_School,M,5,69943,sales,IC,0,IC,0,190414.06772590298,10585.932274097024
85430,0,113000.0,High_School,M,1,79193,sales,IC,0,IC,0,186739.580228817,-73739.58022881701
109947,1,356000.0,Bachelor,M,4,92765,engineering,IC,0,IC,0,243628.2627138922,112371.73728610779
67140,0,124000.0,Master,M,4,136147,sales,IC,0,IC,0,194695.32052053208,-70695.32052053208
20667,1,163000.0,PhD,M,1,116289,engineering,IC,0,IC,0,238639.5918970931,-75639.59189709311
188062,0,262000.0,Master,M,3,70406,marketing,IC,0,IC,0,195418.4685635701,66581.53143642991
150184,0,115000.0,Bachelor,M,6,102727,marketing,IC,0,IC,0,189453.14893188572,-74453.14893188572
195823,0,198000.0,PhD,M,4,1872,engineering,IC,0,IC,0,241182.17333249372,-43182.17333249372
1446,0,199000.0,High_School,F,4,8193,engineering,IC,0,IC,0,241138.99966121474,-42138.99966121474
22981,1,104000.0,High_School,M,1,165668,engineering,IC,0,IC,0,201743.7749494076,-97743.77494940761
63090,0,371000.0,PhD,M,2,128065,engineering,IC,0,IC,0,239738.82647541008,131261.17352458992
58685,0,214000.0,Bachelor,M,2,192145,sales,IC,0,IC,0,196776.30656462905,17223.69343537095
93492,0,77000.0,Bachelor,M,8,91979,HR,IC,0,IC,0,77539.25640521076,-539.2564052107628
142276,0,108000.0,Master,F,6,185138,HR,MM,9,MM,9,76648.82937681586,31351.170623184138
6335,0,138000.0,Bachelor,M,8,91117,sales,MM,10,MM,10,169784.78163343566,-31784.78163343566
73916,0,381000.0,Bachelor,M,3,26468,engineering,IC,0,IC,0,244492.12806626968,136507.87193373032
135398,0,61000.0,PhD,F,2,75705,HR,IC,0,IC,0,81889.77770686249,-20889.777706862486
193919,0,210000.0,Bachelor,F,7,94507,engineering,IC,0,IC,0,231671.65697249785,-21671.656972497847
162151,1,296000.0,High_School,F,6,5222,sales,IC,0,IC,0,196975.62894127017,99024.37105872983
63724,0,91000.0,Master,F,4,53826,HR,IC,0,IC,0,79232.74241669648,11767.257583303523
197538,0,87000.0,PhD,F,7,21086,HR,IC,0,IC,0,77724.75714311065,9275.242856889352
184654,0,139000.0,Bachelor,M,1,187183,marketing,IC,0,IC,0,195298.98660263894,-56298.986602638935
118492,0,63000.0,High_School,F,2,754,HR,IC,0,IC,0,84827.81499972833,-21827.814999728333
69903,0,173000.0,Master,M,3,17837,engineering,MM,8,MM,8,230993.49459877255,-57993.49459877255
111937,1,285000.0,Bachelor,F,6,21470,marketing,IC,0,IC,0,193151.6601728633,91848.33982713669
49131,0,310000.0,PhD,M,3,119576,engineering,IC,0,IC,0,244594.82101961187,65405.178980388126
59354,0,93000.0,PhD,F,6,51121,HR,IC,0,IC,0,80224.81814815088,12775.18185184912
128511,0,73000.0,High_School,M,4,57693,engineering,MM,7,MM,7,222431.6947229023,-149431.6947229023
53852,1,306000.0,PhD,F,4,102026,sales,IC,0,IC,0,201771.61572670785,104228.38427329215
74066,0,185000.0,Master,M,7,61403,engineering,MM,8,MM,8,233493.09594570397,-48493.09594570397
123807,0,329000.0,PhD,F,3,164326,sales,IC,0,IC,0,195546.71190949707,133453.28809050293
190630,0,229000.0,Bachelor,M,2,1050,engineering,IC,0,IC,0,238810.46474319053,-9810.464743190532
65602,1,69000.0,High_School,M,4,91002,marketing,IC,0,IC,0,183760.25765752327,-114760.25765752327
47127,0,295000.0,High_School,M,7,84011,sales,D,51,D,51,264536.4322129624,30463.56778703758
142562,1,207000.0,Master,F,1,167389,sales,IC,0,IC,0,162567.59691448012,44432.40308551988
124994,0,181000.0,High_School,F,18,93708,HR,VP,354,VP,354,198260.0,-17260.0
199064,1,224000.0,High_School,M,3,119576,engineering,IC,0,IC,0,246261.9865189567,-22261.98651895669
90752,1,114000.0,PhD,M,5,77556,HR,IC,0,IC,0,80478.00437538898,33521.99562461102
58956,1,104000.0,Bachelor,M,7,26757,marketing,IC,0,IC,0,192972.9433536886,-88972.9433536886
7170,1,78000.0,Master,M,1,97422,HR,IC,0,IC,0,86856.88175625405,-8856.88175625405
54319,1,152000.0,PhD,M,1,192414,sales,IC,0,IC,0,193940.69232599234,-41940.692325992335
101530,0,184000.0,Master,M,5,25805,sales,IC,0,IC,0,196414.1583420818,-12414.158342081791
22941,0,372000.0,Bachelor,M,2,198778,engineering,IC,0,IC,0,238810.46474319053,133189.53525680947
108063,0,276000.0,Bachelor,F,3,87733,sales,IC,0,IC,0,194461.09812463698,81538.90187536302
27868,0,321000.0,Master,F,2,62043,engineering,IC,0,IC,0,260023.70872319196,60976.29127680804
44118,0,284000.0,PhD,F,7,57185,engineering,IC,0,IC,0,276247.6199559844,7752.38004401559
7558,1,268000.0,Master,F,16,69728,engineering,D,32,D,32,236380.88888888888,31619.111111111124
2371,1,219000.0,Master,M,5,119658,engineering,IC,0,IC,0,228892.63088194563,-9892.630881945632
119072,1,199000.0,Master,F,1,154891,engineering,IC,0,IC,0,248653.7440354666,-49653.7440354666
118396,0,101000.0,PhD,M,5,52923,sales,IC,0,IC,0,192559.0137282462,-91559.01372824621
19286,0,149000.0,PhD,M,5,88303,sales,IC,0,IC,0,192559.0137282462,-43559.01372824621
46850,0,384000.0,PhD,M,3,29410,engineering,IC,0,IC,0,244594.82101961187,139405.17898038813
111817,0,105000.0,Bachelor,M,1,22977,HR,IC,0,IC,0,85222.58767315086,19777.41232684914
114435,0,74000.0,PhD,M,8,103884,HR,IC,0,IC,0,77217.56023676235,-3217.5602367623505
78140,0,76000.0,Master,F,2,123154,HR,IC,0,IC,0,82960.55864883834,-6960.5586488383415
45308,0,140000.0,Bachelor,F,1,137369,sales,IC,0,IC,0,190803.3928173758,-50803.3928173758
39815,1,166000.0,High_School,M,2,141079,engineering,IC,0,IC,0,231965.8322813009,-65965.83228130091
191073,0,295000.0,Master,M,9,181201,sales,MM,17,MM,17,217770.53143349782,77229.46856650218
127346,0,97000.0,Bachelor,F,4,193818,HR,IC,0,IC,0,86004.53677464435,10995.463225355648
166325,0,394000.0,Bachelor,M,1,43602,engineering,IC,0,IC,0,253447.42674818967,140552.57325181033
127397,0,365000.0,Bachelor,F,1,76135,marketing,IC,0,IC,0,216750.62192916207,148249.37807083793
195653,1,73000.0,PhD,M,4,76310,engineering,IC,0,IC,0,236378.21786726158,-163378.21786726158
20211,1,383000.0,PhD,M,5,180037,sales,IC,0,IC,0,191458.68923493737,191541.31076506263
124530,1,207000.0,Master,M,2,84230,marketing,IC,0,IC,0,179191.36560797412,27808.63439202588
97792,0,94000.0,High_School,F,3,159638,HR,IC,0,IC,0,85386.80778186422,8613.19221813578
194784,0,83000.0,High_School,M,4,59327,HR,IC,0,IC,0,87030.10157120656,-4030.1015712065564
126223,0,334000.0,Master,F,2,73034,engineering,IC,0,IC,0,260023.70872319196,73976.29127680804
141962,0,107000.0,Master,F,3,72965,sales,IC,0,IC,0,191260.8810195265,-84260.88101952651
72034,0,305000.0,Bachelor,M,6,114011,engineering,IC,0,IC,0,252047.32944780047,52952.67055219953
67008,1,166000.0,Bachelor,M,4,132283,engineering,IC,0,IC,0,243628.2627138922,-77628.26271389221
46428,1,143000.0,High_School,M,3,167389,sales,IC,0,IC,0,184716.40600900303,-41716.406009003025
18627,0,278000.0,Master,M,8,115907,marketing,MM,9,MM,9,201895.6958896438,76104.3041103562
144384,0,171000.0,Master,M,2,181772,sales,IC,0,IC,0,196044.60399481485,-25044.603994814854
39748,0,345000.0,PhD,M,1,75246,engineering,IC,0,IC,0,245381.45541854406,99618.54458145594
100091,1,245000.0,Bachelor,M,2,69903,engineering,IC,0,IC,0,242862.72183744767,2137.278162552335
55681,0,140000.0,PhD,F,4,162518,sales,IC,0,IC,0,200837.55383701346,-60837.55383701346
104174,0,70000.0,High_School,F,4,64858,HR,IC,0,IC,0,77198.66979097077,-7198.669790970773
135385,0,276000.0,Master,M,1,1808,engineering,IC,0,IC,0,253167.61103592915,22832.38896407085
98886,0,137000.0,High_School,F,1,83032,marketing,IC,0,IC,0,186565.31241750674,-49565.312417506735
1491,0,183000.0,Master,M,2,109671,marketing,IC,0,IC,0,189747.8553120937,-6747.855312093714
18525,1,224000.0,PhD,F,3,87929,sales,IC,0,IC,0,187415.0410806651,36584.958919334895
8876,0,81000.0,Bachelor,M,3,142276,HR,IC,0,IC,0,77553.46065381975,3446.539346180245
40624,0,239000.0,Bachelor,M,1,51738,engineering,IC,0,IC,0,253447.42674818967,-14447.426748189668
153693,0,165000.0,Master,M,3,73663,marketing,IC,0,IC,0,195418.4685635701,-30418.468563570088
149144,0,109000.0,Bachelor,M,2,192414,sales,IC,0,IC,0,196776.30656462905,-87776.30656462905
34261,1,97000.0,PhD,M,1,29712,engineering,IC,0,IC,0,238639.5918970931,-141639.5918970931
162196,1,243000.0,High_School,M,14,39726,engineering,MM,10,MM,10,230724.81356143855,12275.186438561446
152811,0,331000.0,PhD,M,5,14299,engineering,IC,0,IC,0,243058.35787352896,87941.64212647104
133267,0,264000.0,Master,M,2,154891,engineering,IC,0,IC,0,225404.836709512,38595.16329048801
58903,1,78000.0,PhD,M,5,150290,HR,IC,0,IC,0,80478.00437538898,-2478.0043753889768
63585,1,306000.0,PhD,M,5,155437,engineering,IC,0,IC,0,234389.674076652,71610.32592334799
71466,0,377000.0,High_School,F,1,170922,sales,IC,0,IC,0,184712.4239725275,192287.5760274725
185512,0,69000.0,Bachelor,F,1,85426,HR,IC,0,IC,0,77771.4712925606,-8771.4712925606
88163,0,219000.0,PhD,M,4,181787,marketing,IC,0,IC,0,210382.93359964158,8617.066400358424
180026,0,275000.0,Bachelor,M,1,71115,engineering,IC,0,IC,0,253447.42674818967,21552.573251810332
188663,0,107000.0,Master,M,1,27018,HR,IC,0,IC,0,77429.4837578407,29570.516242159298
18007,1,176000.0,Master,M,2,5222,sales,IC,0,IC,0,195747.7721196565,-19747.772119656496
187512,0,127000.0,PhD,M,3,198403,sales,IC,0,IC,0,197202.7515403313,-70202.75154033129
55554,0,330000.0,Bachelor,F,4,32938,engineering,IC,0,IC,0,249423.6982508049,80576.30174919509
82929,0,157000.0,PhD,M,5,41175,engineering,IC,0,IC,0,243058.35787352896,-86058.35787352896
104276,0,157000.0,PhD,M,3,41175,engineering,IC,0,IC,0,244594.82101961187,-87594.82101961187
102979,0,289000.0,Bachelor,F,4,161132,marketing,IC,0,IC,0,198300.07769298556,90699.92230701444
190715,0,225000.0,Master,M,9,8663,sales,IC,0,IC,0,179119.77160184595,45880.22839815405
68448,0,243000.0,PhD,F,1,118329,sales,IC,0,IC,0,184864.59303542023,58135.40696457977
196149,1,141000.0,PhD,M,4,198032,sales,IC,0,IC,0,200154.16277634335,-59154.16277634335
44143,0,320000.0,Bachelor,M,2,164638,sales,IC,0,IC,0,196776.30656462905,123223.69343537095
113574,1,268000.0,Bachelor,M,7,148865,sales,IC,0,IC,0,200472.12741168198,67527.87258831802
190039,0,108000.0,PhD,M,1,22090,marketing,IC,0,IC,0,195577.15476246577,-87577.15476246577
162272,0,182000.0,PhD,M,8,182038,sales,IC,0,IC,0,166448.08693168403,15551.913068315975
14487,0,70000.0,Bachelor,F,1,33665,HR,IC,0,IC,0,77771.4712925606,-7771.4712925606
80717,0,248000.0,Bachelor,M,4,113566,engineering,IC,0,IC,0,245313.12529643642,2686.874703563575
8975,1,271000.0,Master,F,6,30488,marketing,IC,0,IC,0,198522.20829073165,72477.79170926835
169237,0,65000.0,Master,M,3,71987,HR,IC,0,IC,0,81611.19715433878,-16611.197154338777
189038,0,105000.0,High_School,M,8,87379,engineering,MM,9,MM,9,179319.43430075716,-74319.43430075716
30921,0,319000.0,PhD,M,3,161727,engineering,IC,0,IC,0,244594.82101961187,74405.17898038813
32412,0,337000.0,Bachelor,M,3,48912,engineering,IC,0,IC,0,244492.12806626968,92507.87193373032
54998,0,160000.0,PhD,M,2,198875,engineering,IC,0,IC,0,239738.82647541008,-79738.82647541008
109550,0,63000.0,Bachelor,M,3,146111,HR,IC,0,IC,0,77553.46065381975,-14553.460653819755
139621,0,144000.0,Master,M,4,80128,sales,IC,0,IC,0,194695.32052053208,-50695.320520532085
94022,0,67000.0,Master,M,3,171461,HR,IC,0,IC,0,81611.19715433878,-14611.197154338777
75503,0,183000.0,Master,M,5,121527,marketing,IC,0,IC,0,192239.89997562923,-9239.899975629232
141211,0,60000.0,High_School,M,9,116660,HR,MM,7,MM,7,75321.92132867133,-15321.921328671335
28336,0,232000.0,Master,M,2,52313,sales,IC,0,IC,0,196044.60399481485,35955.396005185146
23903,1,297000.0,Master,M,4,164439,marketing,IC,0,IC,0,200024.3248884556,96975.6751115444
35659,1,91000.0,High_School,M,5,41808,HR,IC,0,IC,0,80188.10560333978,10811.894396660224
17877,0,282000.0,Bachelor,F,3,112750,engineering,IC,0,IC,0,259876.0519044494,22123.948095550586
85865,0,125000.0,Bachelor,M,2,64724,marketing,IC,0,IC,0,196739.27564649528,-71739.27564649528
45088,0,248000.0,PhD,M,2,75860,engineering,IC,0,IC,0,239738.82647541008,8261.173524589918
94583,1,173000.0,High_School,M,2,81490,sales,IC,0,IC,0,197187.20652557365,-24187.206525573652
62057,0,345000.0,High_School,M,5,79735,engineering,IC,0,IC,0,243781.76916131607,101218.23083868393
50576,0,187000.0,High_School,M,3,66692,sales,IC,0,IC,0,193926.29331709526,-6926.29331709526
122830,0,397000.0,Bachelor,F,5,101484,engineering,IC,0,IC,0,263857.73149032274,133142.26850967726
102157,0,182000.0,High_School,F,3,24071,engineering,IC,0,IC,0,253399.05649762868,-71399.05649762868
154546,0,105000.0,Bachelor,M,4,68998,marketing,IC,0,IC,0,192298.8865953424,-87298.8865953424
177142,0,102000.0,Bachelor,M,1,7349,marketing,IC,0,IC,0,195298.98660263894,-93298.98660263894
103953,1,142000.0,Master,M,1,192132,marketing,IC,0,IC,0,165989.76505118783,-23989.76505118783
79399,0,196000.0,Master,F,5,134671,sales,IC,0,IC,0,199991.97931669242,-3991.979316692421
79151,1,255000.0,PhD,M,3,8182,sales,IC,0,IC,0,182782.6484747099,72217.35152529011
131965,0,137000.0,Master,M,4,54315,sales,IC,0,IC,0,194695.32052053208,-57695.320520532085
45741,0,118000.0,Bachelor,F,2,8812,HR,IC,0,IC,0,86599.55002878579,31400.449971214213
43420,0,180000.0,Master,M,13,24691,sales,MM,17,MM,17,170800.61170910246,9199.388290897536
33261,1,187000.0,PhD,F,3,198814,marketing,IC,0,IC,0,185493.86852960358,1506.1314703964163
153669,0,61000.0,Bachelor,F,2,47748,HR,IC,0,IC,0,86599.55002878579,-25599.550028785787
70578,0,241000.0,PhD,F,4,151005,marketing,IC,0,IC,0,215242.36812769604,25757.63187230396
5093,0,179000.0,PhD,M,4,54315,sales,IC,0,IC,0,194705.84234154952,-15705.84234154952
38210,0,69000.0,Bachelor,M,4,84828,engineering,IC,0,IC,0,245313.12529643642,-176313.12529643642
103689,0,73000.0,High_School,M,3,19806,sales,IC,0,IC,0,193926.29331709526,-120926.29331709526
151303,0,68000.0,Bachelor,M,2,48912,engineering,IC,0,IC,0,238810.46474319053,-170810.46474319053
124164,0,116000.0,Master,F,1,115593,HR,IC,0,IC,0,82364.56846565497,33635.43153434503
47902,1,179000.0,Master,M,4,108428,engineering,IC,0,IC,0,235272.1286071889,-56272.128607188904
110649,0,201000.0,Master,M,2,143050,marketing,IC,0,IC,0,189747.8553120937,11252.144687906286
83098,0,92000.0,PhD,F,6,67178,HR,IC,0,IC,0,80224.81814815088,11775.18185184912
183030,0,96000.0,Bachelor,F,7,23100,engineering,IC,0,IC,0,231671.65697249785,-135671.65697249785
199683,1,256000.0,Master,M,1,198875,engineering,IC,0,IC,0,250966.59465767271,5033.405342327285
156938,0,222000.0,Bachelor,F,1,74818,sales,IC,0,IC,0,190803.3928173758,31196.607182624197
36609,0,62000.0,Master,F,2,39388,sales,IC,0,IC,0,192912.71319514548,-130912.71319514548
126330,0,345000.0,PhD,M,2,119481,engineering,MM,11,MM,11,290378.2736617842,54621.72633821581
47830,1,211000.0,Master,F,2,24071,engineering,IC,0,IC,0,253356.57931868994,-42356.57931868994
154051,1,189000.0,Master,M,2,1610,engineering,IC,0,IC,0,233296.97305636574,-44296.973056365736
123497,0,298000.0,High_School,M,3,34163,sales,IC,0,IC,0,193926.29331709526,104073.70668290474
80691,0,67000.0,PhD,F,3,39231,HR,IC,0,IC,0,83843.8873054549,-16843.887305454904
166680,0,153000.0,High_School,M,4,57185,engineering,IC,0,IC,0,250920.8991168643,-97920.89911686431
70379,1,280000.0,Master,M,1,81111,engineering,IC,0,IC,0,250966.59465767271,29033.405342327285
109391,0,66000.0,Master,F,8,171461,HR,IC,0,IC,0,76675.9929422252,-10675.992942225203
144211,0,329000.0,Master,M,9,194121,engineering,MM,8,MM,8,269982.39913156984,59017.60086843016
77766,1,95000.0,PhD,M,9,6027,marketing,MM,12,MM,12,139598.28081900903,-44598.28081900903
87949,1,300000.0,Bachelor,M,1,162381,engineering,IC,0,IC,0,241459.58846692662,58540.41153307338
98274,0,70000.0,Master,M,1,29508,HR,IC,0,IC,0,77429.4837578407,-7429.483757840702
41024,1,389000.0,Bachelor,M,5,26757,marketing,IC,0,IC,0,193996.92968217094,195003.07031782906
155978,1,175000.0,PhD,M,1,3260,engineering,IC,0,IC,0,238639.5918970931,-63639.59189709311
153511,0,83000.0,Bachelor,F,6,71987,HR,IC,0,IC,0,83463.54288976562,-463.54288976562384
83885,0,285000.0,Bachelor,M,1,150408,engineering,IC,0,IC,0,253447.42674818967,31552.573251810332
76507,0,219000.0,Bachelor,M,1,168791,engineering,IC,0,IC,0,253447.42674818967,-34447.42674818967
176782,0,137000.0,PhD,M,2,8193,engineering,IC,0,IC,0,239738.82647541008,-102738.82647541008
50921,0,103000.0,Master,F,2,71152,HR,IC,0,IC,0,82960.55864883834,20039.44135116166
158457,0,147000.0,Master,M,1,84230,marketing,IC,0,IC,0,195691.75019170734,-48691.75019170734
97705,0,181000.0,Master,M,2,47618,marketing,IC,0,IC,0,189747.8553120937,-8747.855312093714
5699,0,100000.0,PhD,F,3,169833,HR,IC,0,IC,0,83843.8873054549,16156.112694545096
153206,1,202000.0,Master,M,4,151838,sales,IC,0,IC,0,193172.76047413386,8827.239525866142
103093,1,141000.0,High_School,F,1,189890,engineering,IC,0,IC,0,216804.56625324997,-75804.56625324997
157733,0,71000.0,Bachelor,F,2,172246,sales,IC,0,IC,0,190325.4138625573,-119325.4138625573
142171,1,163000.0,PhD,F,2,7255,engineering,IC,0,IC,0,285728.9021753286,-122728.90217532858
46528,0,139000.0,High_School,M,1,150300,marketing,IC,0,IC,0,181617.3790151326,-42617.37901513261
73247,0,344000.0,High_School,F,2,52796,sales,IC,0,IC,0,189874.31344501488,154125.68655498512
198648,1,245000.0,Master,M,12,114137,marketing,MM,10,MM,10,189563.69055354394,55436.309446456056
182866,1,289000.0,Bachelor,M,4,1808,engineering,IC,0,IC,0,243628.2627138922,45371.73728610779
143877,1,199000.0,Bachelor,M,4,43420,sales,IC,0,IC,0,200945.03521904073,-1945.0352190407284
143914,0,114000.0,Master,F,4,183283,HR,IC,0,IC,0,79232.74241669648,34767.25758330352
98678,0,226000.0,PhD,M,2,68821,engineering,IC,0,IC,0,239738.82647541008,-13738.826475410082
158691,0,114000.0,Bachelor,M,7,77766,marketing,IC,0,IC,0,193088.13778393113,-79088.13778393113
161113,0,73000.0,Master,F,3,55636,HR,IC,0,IC,0,83947.66681572703,-10947.666815727032
13426,1,214000.0,Master,M,1,165853,engineering,IC,0,IC,0,250966.59465767271,-36966.594657672715
10241,0,207000.0,Master,M,9,82657,sales,IC,0,IC,0,179119.77160184595,27880.228398154053
64176,0,61000.0,Master,F,1,22887,HR,IC,0,IC,0,82364.56846565497,-21364.56846565497
188816,0,115000.0,Master,M,5,33266,marketing,IC,0,IC,0,192239.89997562923,-77239.89997562923
82791,0,72000.0,Master,M,1,15768,HR,IC,0,IC,0,77429.4837578407,-5429.483757840702
42645,1,180000.0,High_School,M,3,115591,sales,IC,0,IC,0,184716.40600900303,-4716.406009003025
129007,0,203000.0,High_School,M,5,196058,marketing,IC,0,IC,0,190498.8311588766,12501.168841123406
120585,0,81000.0,High_School,F,4,81421,HR,IC,0,IC,0,77198.66979097077,3801.3302090292273
46896,0,100000.0,PhD,F,1,4384,HR,IC,0,IC,0,87076.16641899414,12923.833581005863
103650,1,78000.0,Master,F,1,70547,marketing,IC,0,IC,0,153071.42070149296,-75071.42070149296
11953,1,60000.0,PhD,F,4,53677,HR,IC,0,IC,0,77517.26291450021,-17517.262914500214
170476,0,378000.0,PhD,M,4,169574,marketing,IC,0,IC,0,210382.93359964158,167617.06640035842
64641,0,235000.0,Master,M,3,98931,marketing,IC,0,IC,0,195418.4685635701,39581.53143642991
152919,1,382000.0,Bachelor,M,9,154292,engineering,IC,0,IC,0,268995.0987675698,113004.90123243019
87753,0,198000.0,Bachelor,F,1,199282,marketing,IC,0,IC,0,216750.62192916207,-18750.621929162065
61023,0,197000.0,Master,F,4,69345,sales,IC,0,IC,0,198453.75863186418,-1453.7586318641843
174389,0,122000.0,PhD,F,2,104539,HR,IC,0,IC,0,81889.77770686249,40110.222293137514
145287,0,102000.0,Bachelor,F,4,125114,HR,IC,0,IC,0,86004.53677464435,15995.463225355648
148646,1,367000.0,Master,M,8,47553,engineering,MM,5,MM,5,293663.8625989056,73336.13740109443
100213,1,133000.0,Bachelor,F,2,158056,engineering,IC,0,IC,0,209125.3162083094,-76125.3162083094
155296,0,99000.0,Master,F,1,193621,sales,IC,0,IC,0,177865.95495298997,-78865.95495298997
64724,1,253000.0,Master,F,9,37154,marketing,MM,15,MM,15,241890.24591554544,11109.754084454558
168744,0,191000.0,Bachelor,M,3,18627,marketing,IC,0,IC,0,195837.03111956886,-4837.0311195688555
127313,0,260000.0,Master,F,3,125775,marketing,IC,0,IC,0,191708.4988256018,68291.5011743982
81860,1,258000.0,Master,M,6,49002,engineering,MM,12,MM,12,235686.38881673047,22313.61118326953
51239,0,259000.0,PhD,F,4,110091,engineering,IC,0,IC,0,246324.63278111335,12675.367218886648
52796,0,85000.0,Bachelor,M,3,135238,sales,MM,12,MM,12,203594.42906989128,-118594.42906989128
13411,1,258000.0,Master,M,2,191495,sales,IC,0,IC,0,195747.7721196565,62252.227880343504
175611,0,181000.0,PhD,M,2,144211,engineering,IC,0,IC,0,239738.82647541008,-58738.82647541008
49236,0,258000.0,Bachelor,M,3,193621,sales,IC,0,IC,0,194528.5959929,63471.404007100005
96261,0,309000.0,PhD,F,5,17291,sales,IC,0,IC,0,201521.88967796802,107478.11032203198
193969,0,321000.0,Bachelor,M,9,154292,engineering,IC,0,IC,0,251333.33129772596,69666.66870227404
157995,1,230000.0,Bachelor,F,4,29960,marketing,IC,0,IC,0,207278.65164912542,22721.348350874585
13631,0,147000.0,PhD,F,5,139180,marketing,IC,0,IC,0,207892.75710233356,-60892.75710233356
122469,0,240000.0,Bachelor,F,4,105395,engineering,IC,0,IC,0,249423.6982508049,-9423.698250804911
21656,0,227000.0,Master,M,4,61988,engineering,IC,0,IC,0,241830.84919374806,-14830.849193748058
13212,0,236000.0,Bachelor,F,1,189627,sales,IC,0,IC,0,190803.3928173758,45196.6071826242
135363,0,74000.0,PhD,F,1,2644,sales,IC,0,IC,0,184864.59303542023,-110864.59303542023
151712,0,80000.0,High_School,M,5,173939,marketing,IC,0,IC,0,190498.8311588766,-110498.8311588766
70819,0,257000.0,PhD,M,8,161284,engineering,MM,14,MM,14,267287.2608558471,-10287.260855847097
54723,0,94000.0,Bachelor,F,1,88370,HR,IC,0,IC,0,77771.4712925606,16228.5287074394
94131,0,95000.0,PhD,F,5,8711,marketing,IC,0,IC,0,207892.75710233356,-112892.75710233356
186001,0,192000.0,PhD,M,2,84230,marketing,IC,0,IC,0,198900.55025181093,-6900.550251810928
28657,0,73000.0,PhD,F,5,75705,HR,IC,0,IC,0,81307.52954187465,-8307.529541874654
154292,0,377000.0,Bachelor,M,9,72243,engineering,MM,13,MM,13,304393.3403779128,72606.6596220872
180863,0,324000.0,PhD,M,5,75246,engineering,IC,0,IC,0,243058.35787352896,80941.64212647104
187183,0,271000.0,Bachelor,M,5,143437,marketing,MM,13,MM,13,228891.63016438886,42108.36983561114
18825,0,181000.0,PhD,M,5,180930,sales,IC,0,IC,0,192559.0137282462,-11559.01372824621
187387,0,71000.0,Bachelor,F,2,198624,HR,IC,0,IC,0,86599.55002878579,-15599.550028785787
93431,1,335000.0,High_School,M,4,176415,engineering,IC,0,IC,0,265464.78858191444,69535.21141808556
33483,0,64000.0,Master,M,2,142630,HR,IC,0,IC,0,75830.80845334244,-11830.80845334244
111284,1,216000.0,Bachelor,F,3,118769,engineering,IC,0,IC,0,249465.5655649748,-33465.56556497479
194179,1,116000.0,Master,M,2,34163,sales,IC,0,IC,0,195747.7721196565,-79747.7721196565
131820,0,310000.0,Bachelor,F,3,149696,sales,IC,0,IC,0,194461.09812463698,115538.90187536302
44737,1,83000.0,Master,F,7,191495,sales,IC,0,IC,0,195354.41435062292,-112354.41435062292
131556,0,202000.0,Master,M,2,53012,marketing,IC,0,IC,0,189747.8553120937,12252.144687906286
179230,1,89000.0,Bachelor,F,3,150189,HR,IC,0,IC,0,76970.02324908353,12029.976750916467
69223,0,85000.0,Bachelor,F,6,100373,HR,IC,0,IC,0,83463.54288976562,1536.4571102343762
111007,0,204000.0,PhD,F,2,87613,engineering,IC,0,IC,0,245586.57159200107,-41586.57159200107
189888,1,247000.0,High_School,M,3,148865,sales,IC,0,IC,0,184716.40600900303,62283.593990996975
182113,1,167000.0,PhD,F,2,148032,sales,IC,0,IC,0,186910.43460369,-19910.434603689995
147327,0,87000.0,PhD,F,1,16445,HR,IC,0,IC,0,87076.16641899414,-76.16641899413662
190825,0,286000.0,Bachelor,M,4,130449,sales,IC,0,IC,0,193264.55968086384,92735.44031913616
195956,1,173000.0,PhD,M,1,7212,marketing,IC,0,IC,0,198010.52881550777,-25010.528815507772
139712,0,340000.0,High_School,M,7,176415,engineering,IC,0,IC,0,269143.55240585585,70856.44759414415
154040,0,144000.0,PhD,F,3,103981,marketing,IC,0,IC,0,211839.30129742634,-67839.30129742634
68998,0,311000.0,Master,M,12,70434,marketing,MM,13,MM,13,245562.35514051572,65437.64485948428
108176,0,319000.0,Bachelor,M,4,55481,engineering,IC,0,IC,0,245313.12529643642,73686.87470356358
47779,0,67000.0,Master,M,1,123263,HR,IC,0,IC,0,77429.4837578407,-10429.483757840702
146110,0,122000.0,Master,M,4,94611,engineering,IC,0,IC,0,241830.84919374806,-119830.84919374806
101371,1,157000.0,Bachelor,M,2,78874,sales,IC,0,IC,0,198429.69040148894,-41429.690401488944
197122,0,137000.0,PhD,F,3,119964,marketing,IC,0,IC,0,211839.30129742634,-74839.30129742634
152844,0,190000.0,Master,F,5,4110,sales,IC,0,IC,0,199991.97931669242,-9991.979316692421
133064,1,138000.0,High_School,M,2,5222,sales,IC,0,IC,0,197187.20652557365,-59187.20652557365
48800,1,188000.0,High_School,F,9,121527,marketing,IC,0,IC,0,234498.89537827586,-46498.89537827586
162889,0,308000.0,PhD,F,16,109308,marketing,D,63,D,63,253984.2664884136,54015.73351158641
152155,1,243000.0,Master,M,1,187053,engineering,IC,0,IC,0,250966.59465767271,-7966.594657672715
183065,0,278000.0,Bachelor,M,7,8207,engineering,MM,9,MM,9,273348.1792223599,4651.820777640096
29796,1,243000.0,High_School,M,1,98419,marketing,IC,0,IC,0,201774.6310184148,41225.3689815852
177560,0,174000.0,PhD,M,9,198814,marketing,IC,0,IC,0,226125.5163500461,-52125.51635004609
84892,0,308000.0,Bachelor,F,5,43858,engineering,IC,0,IC,0,263857.73149032274,44142.26850967726
58369,0,127000.0,Bachelor,M,4,114011,engineering,IC,0,IC,0,245313.12529643642,-118313.12529643642
178177,0,171000.0,Bachelor,F,3,90237,sales,IC,0,IC,0,194461.09812463698,-23461.098124636977
126615,0,215000.0,Master,F,4,114572,marketing,IC,0,IC,0,198018.38231216176,16981.61768783824
166962,0,120000.0,Master,M,1,138772,sales,IC,0,IC,0,198051.2011472294,-78051.20114722941
150290,0,106000.0,PhD,F,3,185138,HR,MM,12,MM,12,97554.00901290559,8445.99098709441
180273,0,193000.0,PhD,M,6,60609,sales,IC,0,IC,0,194022.9025924341,-1022.9025924341113
11772,1,295000.0,Master,F,2,142685,sales,IC,0,IC,0,198517.56692485747,96482.43307514253
26093,0,208000.0,PhD,M,1,81811,sales,IC,0,IC,0,198908.11730505654,9091.882694943459
27823,0,309000.0,High_School,M,3,146404,marketing,IC,0,IC,0,196140.8951932918,112859.1048067082
63196,1,139000.0,Bachelor,M,1,1651,engineering,IC,0,IC,0,241459.58846692662,-102459.58846692662
63515,0,158000.0,Bachelor,F,4,28979,sales,IC,0,IC,0,199971.48280086013,-41971.48280086013
191418,0,154000.0,Master,F,10,36075,sales,D,53,D,53,164383.87464694295,-10383.874646942946
148926,0,280000.0,Bachelor,M,7,159098,engineering,IC,0,IC,0,241492.8631037237,38507.13689627629
114459,0,74000.0,Bachelor,F,5,135804,HR,IC,0,IC,0,85695.75736501839,-11695.757365018391
174376,0,338000.0,PhD,M,2,132283,engineering,IC,0,IC,0,239738.82647541008,98261.17352458992
81217,0,81000.0,Master,M,5,160261,marketing,IC,0,IC,0,192239.89997562923,-111239.89997562923
52296,1,322000.0,PhD,M,4,73034,engineering,IC,0,IC,0,236378.21786726158,85621.78213273842
1379,1,205000.0,PhD,M,4,150194,engineering,IC,0,IC,0,236378.21786726158,-31378.217867261585
157548,0,87000.0,Bachelor,F,1,14465,HR,IC,0,IC,0,77771.4712925606,9228.5287074394
80545,0,228000.0,High_School,M,2,158777,marketing,IC,0,IC,0,195512.34328319496,32487.65671680504
11623,1,224000.0,High_School,M,8,12877,engineering,IC,0,IC,0,231969.1797696025,-7969.179769602488
33343,0,180000.0,Bachelor,M,8,149696,sales,IC,0,IC,0,181827.5254596792,-1827.5254596791929
53953,0,145000.0,Bachelor,M,8,132309,sales,IC,0,IC,0,181827.5254596792,-36827.52545967919
28522,0,250000.0,Bachelor,M,3,122762,sales,IC,0,IC,0,194528.5959929,55471.404007100005
100889,0,274000.0,Bachelor,M,5,12679,sales,IC,0,IC,0,195038.08580704563,78961.91419295437
49745,0,278000.0,Master,M,4,158777,marketing,IC,0,IC,0,194518.27840682067,83481.72159317933
154905,1,214000.0,High_School,M,5,95841,engineering,IC,0,IC,0,236496.90072376418,-22496.900723764178
166034,1,379000.0,Master,M,6,116750,engineering,IC,0,IC,0,229476.66225561104,149523.33774438896
6583,0,140000.0,Master,F,6,156927,marketing,IC,0,IC,0,191657.88654472306,-51657.886544723064
172204,1,92000.0,High_School,M,2,27018,HR,IC,0,IC,0,82889.00517393328,9110.994826066715
125202,0,88000.0,Master,F,2,126515,HR,IC,0,IC,0,82960.55864883834,5039.4413511616585
109882,0,247000.0,Bachelor,M,3,65856,sales,IC,0,IC,0,194528.5959929,52471.404007100005
186313,0,73000.0,Bachelor,F,3,151696,HR,IC,0,IC,0,83591.34611794354,-10591.34611794354
24632,0,300000.0,Master,M,1,52796,sales,IC,0,IC,0,198051.2011472294,101948.79885277059
119967,1,350000.0,Master,F,4,150408,engineering,IC,0,IC,0,254657.44241884115,95342.55758115885
129092,0,151000.0,Bachelor,M,2,9706,sales,IC,0,IC,0,196776.30656462905,-45776.30656462905
143770,0,177000.0,Master,M,3,103421,engineering,IC,0,IC,0,244073.52979870792,-67073.52979870792
171774,0,163000.0,Bachelor,M,2,30749,engineering,IC,0,IC,0,238810.46474319053,-75810.46474319053
54334,0,362000.0,Bachelor,M,5,57938,engineering,IC,0,IC,0,237543.49587850232,124456.50412149768
20965,0,64000.0,Bachelor,F,3,5889,HR,IC,0,IC,0,83591.34611794354,-19591.34611794354
12065,0,286000.0,Master,M,6,90065,engineering,IC,0,IC,0,250298.06490293815,35701.935097061854
168660,1,190000.0,PhD,F,4,121419,engineering,IC,0,IC,0,230933.5124355746,-40933.51243557461
2733,1,203000.0,Master,F,5,134944,sales,IC,0,IC,0,197527.31097026527,5472.689029734727
102337,0,197000.0,PhD,M,3,87929,sales,IC,0,IC,0,197202.7515403313,-202.75154033128638
9480,0,154000.0,Bachelor,M,2,92403,sales,IC,0,IC,0,196776.30656462905,-42776.30656462905
60434,0,185000.0,Bachelor,F,2,189627,sales,IC,0,IC,0,190325.4138625573,-5325.413862557296
116033,0,345000.0,Bachelor,M,2,166729,marketing,IC,0,IC,0,196739.27564649528,148260.72435350472
49928,0,175000.0,Bachelor,F,2,199184,sales,IC,0,IC,0,190325.4138625573,-15325.413862557296
105286,0,198000.0,PhD,M,3,63077,sales,IC,0,IC,0,197202.7515403313,797.2484596687136
46651,1,136000.0,Master,F,3,54808,sales,IC,0,IC,0,192638.1102185486,-56638.110218548594
35031,0,201000.0,Master,F,1,158888,sales,IC,0,IC,0,177865.95495298997,23134.045047010033
180734,0,262000.0,Bachelor,M,1,160169,sales,IC,0,IC,0,179465.38885958475,82534.61114041525
51253,1,182000.0,PhD,M,5,102632,marketing,IC,0,IC,0,198245.7378544605,-16245.737854460487
20451,0,272000.0,Bachelor,M,3,77844,sales,IC,0,IC,0,194528.5959929,77471.4040071
37699,0,381000.0,Bachelor,M,4,186086,engineering,IC,0,IC,0,245313.12529643642,135686.87470356358
30287,0,182000.0,Master,M,1,2644,sales,IC,0,IC,0,198051.2011472294,-16051.20114722941
115208,0,201000.0,Bachelor,M,2,175361,sales,IC,0,IC,0,196776.30656462905,4223.693435370951
163206,0,298000.0,PhD,F,2,5374,sales,IC,0,IC,0,202419.4707253329,95580.52927466709
5332,1,289000.0,Master,M,4,103981,marketing,IC,0,IC,0,200024.3248884556,88975.6751115444
188233,0,292000.0,High_School,M,2,167650,engineering,IC,0,IC,0,226878.35789292358,65121.64210707642
168791,1,370000.0,Master,F,8,5342,engineering,MM,6,MM,6,325116.23599740484,44883.764002595155
180428,0,144000.0,Bachelor,M,7,8182,sales,IC,0,IC,0,194389.89332323067,-50389.89332323067
128148,0,81000.0,High_School,M,1,195795,sales,IC,0,IC,0,186739.580228817,-105739.58022881701
4111,0,113000.0,Master,M,1,77670,sales,IC,0,IC,0,198051.2011472294,-85051.20114722941
132306,0,171000.0,Master,M,1,75045,marketing,IC,0,IC,0,195691.75019170734,-24691.75019170734
96322,0,174000.0,Master,M,5,34977,sales,IC,0,IC,0,196414.1583420818,-22414.15834208179
185101,1,296000.0,Master,M,6,197206,marketing,IC,0,IC,0,193951.43666003481,102048.56333996519
131999,1,84000.0,Master,F,1,95522,marketing,IC,0,IC,0,153071.42070149296,-69071.42070149296
165415,0,143000.0,Master,F,3,148032,sales,IC,0,IC,0,191260.8810195265,-48260.88101952651
161631,1,218000.0,Master,M,4,73846,sales,IC,0,IC,0,193172.76047413386,24827.23952586614
136704,0,176000.0,Bachelor,M,5,198879,sales,IC,0,IC,0,195038.08580704563,-19038.08580704563
147374,1,86000.0,Master,M,2,18627,marketing,IC,0,IC,0,179191.36560797412,-93191.36560797412
71087,0,109000.0,PhD,M,1,23565,sales,IC,0,IC,0,198908.11730505654,-89908.11730505654
192691,0,142000.0,PhD,F,3,172889,sales,IC,0,IC,0,195546.71190949707,-53546.71190949707
185358,1,286000.0,High_School,M,2,68821,engineering,IC,0,IC,0,231965.8322813009,54034.167718699086
110210,1,153000.0,PhD,M,1,7255,engineering,IC,0,IC,0,238639.5918970931,-85639.59189709311
8014,1,136000.0,Bachelor,M,3,155437,engineering,IC,0,IC,0,238207.9962027491,-102207.99620274911
133403,0,108000.0,Bachelor,M,4,139180,marketing,IC,0,IC,0,192298.8865953424,-84298.8865953424
50570,1,95000.0,Master,F,5,92403,sales,IC,0,IC,0,197527.31097026527,-102527.31097026527
38245,1,178000.0,Master,M,1,147103,engineering,IC,0,IC,0,250966.59465767271,-72966.59465767271
135266,0,247000.0,Master,M,5,138772,sales,IC,0,IC,0,196414.1583420818,50585.84165791821
194894,0,130000.0,Master,M,5,57316,sales,IC,0,IC,0,196414.1583420818,-66414.15834208179
117564,0,210000.0,Bachelor,M,2,39388,sales,IC,0,IC,0,196776.30656462905,13223.693435370951
45026,0,280000.0,Bachelor,M,3,197206,marketing,IC,0,IC,0,195837.03111956886,84162.96888043114
72812,0,94000.0,High_School,M,1,129626,marketing,IC,0,IC,0,181617.3790151326,-87617.37901513261
171138,0,72000.0,Master,F,3,172541,HR,IC,0,IC,0,83947.66681572703,-11947.666815727032
66140,0,108000.0,Bachelor,F,2,193818,HR,IC,0,IC,0,86599.55002878579,21400.449971214213
164354,0,321000.0,PhD,F,2,180930,sales,IC,0,IC,0,202419.4707253329,118580.52927466709
160213,0,213000.0,Master,M,1,45803,sales,IC,0,IC,0,198051.2011472294,14948.79885277059
53677,0,89000.0,Master,M,12,41533,HR,MM,8,MM,8,86170.6608324043,2829.3391675956955
9703,0,124000.0,Master,F,6,180037,sales,IC,0,IC,0,195325.24825658792,-71325.24825658792
194847,0,237000.0,Bachelor,M,4,102632,marketing,IC,0,IC,0,192298.8865953424,44701.113404657604
74079,0,138000.0,Bachelor,F,2,134728,marketing,IC,0,IC,0,195854.82935350726,-57854.82935350726
132713,1,275000.0,Bachelor,M,5,131525,sales,IC,0,IC,0,199879.9083933267,75120.09160667329
69463,1,158000.0,High_School,M,5,91869,marketing,MM,6,MM,6,175281.41654495895,-17281.41654495895
146258,1,69000.0,Bachelor,M,3,52319,sales,IC,0,IC,0,189257.1654400931,-120257.16544009309
32405,0,66000.0,Master,M,10,24681,HR,MM,12,MM,12,80551.40341126085,-14551.40341126085
176306,0,329000.0,Master,M,1,14299,engineering,IC,0,IC,0,253167.61103592915,75832.38896407085
140777,0,72000.0,Bachelor,F,9,22977,HR,IC,0,IC,0,82790.3593952471,-10790.359395247098
79323,0,324000.0,PhD,M,1,64750,engineering,IC,0,IC,0,245381.45541854406,78618.54458145594
33160,0,251000.0,PhD,M,3,189222,engineering,IC,0,IC,0,244594.82101961187,6405.178980388126
196927,0,94000.0,Bachelor,M,2,52319,sales,IC,0,IC,0,196776.30656462905,-102776.30656462905
169565,0,113000.0,PhD,M,3,88007,sales,IC,0,IC,0,197202.7515403313,-84202.75154033129
145892,0,131000.0,Bachelor,F,9,132309,sales,IC,0,IC,0,170266.74041539893,-39266.740415398934
196551,1,208000.0,Master,M,4,90639,marketing,IC,0,IC,0,200024.3248884556,7975.675111544406
80192,1,148000.0,Master,M,6,146220,marketing,IC,0,IC,0,193951.43666003481,-45951.436660034815
113979,1,156000.0,High_School,F,1,111363,sales,IC,0,IC,0,175018.73009809814,-19018.730098098138
34777,1,113000.0,Master,F,1,159838,marketing,IC,0,IC,0,153071.42070149296,-40071.420701492956
38123,0,102000.0,Master,F,3,102498,HR,IC,0,IC,0,83947.66681572703,18052.333184272968
85596,1,262000.0,Bachelor,M,2,21470,marketing,IC,0,IC,0,188339.52808760988,73660.47191239012
23801,0,211000.0,PhD,M,3,54136,marketing,IC,0,IC,0,204409.410789578,6590.589210422011
52096,1,91000.0,Bachelor,M,1,141317,sales,IC,0,IC,0,180018.0883550749,-89018.0883550749
113336,0,132000.0,PhD,M,2,135848,marketing,IC,0,IC,0,198900.55025181093,-66900.55025181093
19517,1,314000.0,PhD,M,6,138948,marketing,IC,0,IC,0,194897.30397634246,119102.69602365754
113980,0,283000.0,High_School,M,4,129626,marketing,IC,0,IC,0,195051.7370391725,87948.2629608275
169856,0,301000.0,High_School,M,2,165853,engineering,IC,0,IC,0,226878.35789292358,74121.64210707642
194968,0,71000.0,PhD,M,1,104759,HR,IC,0,IC,0,77565.84484314994,-6565.844843149942
173223,0,159000.0,PhD,M,2,164547,sales,IC,0,IC,0,201356.5442201449,-42356.54422014489
43568,0,215000.0,Bachelor,F,3,98419,marketing,IC,0,IC,0,193135.262713467,21864.737286532996
171867,0,199000.0,PhD,M,6,37434,sales,IC,0,IC,0,194022.9025924341,4977.097407565889
80532,0,319000.0,High_School,F,3,122197,engineering,IC,0,IC,0,253399.05649762868,65600.94350237132
132159,0,309000.0,Bachelor,M,6,126330,engineering,IC,0,IC,0,252047.32944780047,56952.67055219953
149611,0,202000.0,Master,M,4,64724,marketing,IC,0,IC,0,194518.27840682067,7481.721593179333
119835,1,359000.0,Bachelor,M,4,168797,marketing,IC,0,IC,0,200432.63893380418,158567.36106619582
185940,1,330000.0,Bachelor,M,3,80728,engineering,IC,0,IC,0,238207.9962027491,91792.00379725089
63781,1,60000.0,PhD,M,3,83032,marketing,IC,0,IC,0,184507.95041214005,-124507.95041214005
41278,1,90000.0,High_School,M,7,57316,sales,IC,0,IC,0,188482.87643989455,-98482.87643989455
113215,0,198000.0,High_School,M,4,129410,sales,IC,0,IC,0,192668.28755272523,5331.712447274767
136301,1,100000.0,Bachelor,M,1,191495,sales,IC,0,IC,0,180018.0883550749,-80018.0883550749
144396,0,91000.0,Bachelor,M,1,150290,HR,IC,0,IC,0,85222.58767315086,5777.4123268491385
192253,0,98000.0,PhD,M,3,158609,sales,IC,0,IC,0,197202.7515403313,-99202.75154033129
17820,0,203000.0,Bachelor,M,5,16073,marketing,IC,0,IC,0,192321.90017747923,10678.099822520773
143444,0,236000.0,Bachelor,M,4,146404,marketing,IC,0,IC,0,192298.8865953424,43701.113404657604
143019,0,110000.0,PhD,M,4,116180,engineering,IC,0,IC,0,241182.17333249372,-131182.17333249372
110838,0,267000.0,PhD,M,4,52920,sales,IC,0,IC,0,194705.84234154952,72294.15765845048
154134,0,119000.0,High_School,F,3,32405,HR,IC,0,IC,0,85386.80778186422,33613.19221813578
116536,0,168000.0,Bachelor,F,3,20828,marketing,IC,0,IC,0,193135.262713467,-25135.262713467004
1258,0,134000.0,PhD,M,1,127266,marketing,IC,0,IC,0,195577.15476246577,-61577.15476246577
165575,0,273000.0,Master,M,3,41335,engineering,IC,0,IC,0,244073.52979870792,28926.470201292075
42030,0,78000.0,PhD,F,2,53856,HR,IC,0,IC,0,81889.77770686249,-3889.7777068624855
37254,0,86000.0,PhD,M,1,107694,HR,IC,0,IC,0,77565.84484314994,8434.155156850058
85573,1,207000.0,Master,M,5,132283,engineering,IC,0,IC,0,228892.63088194563,-21892.63088194563
29523,0,98000.0,Master,M,7,95169,sales,IC,0,IC,0,189796.9743375098,-91796.9743375098
195948,0,62000.0,Master,M,4,14226,HR,IC,0,IC,0,85034.65160610934,-23034.651606109343
163494,0,145000.0,High_School,F,2,139180,marketing,IC,0,IC,0,191544.59382960657,-46544.59382960657
53489,0,148000.0,High_School,M,1,122762,sales,IC,0,IC,0,186739.580228817,-38739.58022881701
138933,0,337000.0,Master,F,3,1808,engineering,IC,0,IC,0,238133.50270656022,98866.49729343978
193381,0,175000.0,PhD,M,1,183065,engineering,IC,0,IC,0,245381.45541854406,-70381.45541854406
33169,0,270000.0,High_School,M,2,68201,sales,IC,0,IC,0,195986.4498613001,74013.55013869991
35499,1,94000.0,High_School,M,5,134865,sales,MM,12,MM,12,167870.1293759647,-73870.1293759647
103890,0,143000.0,Master,M,1,121527,marketing,IC,0,IC,0,195691.75019170734,-52691.75019170734
174254,0,90000.0,Master,M,3,118506,HR,IC,0,IC,0,81611.19715433878,8388.802845661223
26183,0,258000.0,Master,M,12,145667,sales,MM,14,MM,14,194406.85174525873,63593.148254741274
156417,0,127000.0,PhD,M,4,21377,sales,IC,0,IC,0,194705.84234154952,-67705.84234154952
123410,1,165000.0,PhD,M,3,111363,sales,IC,0,IC,0,182782.6484747099,-17782.648474709888
14103,0,126000.0,Bachelor,M,5,111363,sales,IC,0,IC,0,195038.08580704563,-69038.08580704563
26266,0,113000.0,Bachelor,M,5,1610,engineering,IC,0,IC,0,237543.49587850232,-124543.49587850232
158806,0,327000.0,High_School,M,4,81644,engineering,IC,0,IC,0,250920.8991168643,76079.10088313569
60314,0,359000.0,Bachelor,F,1,76310,engineering,IC,0,IC,0,221439.98962197226,137560.01037802774
37343,0,128000.0,Bachelor,M,4,105542,marketing,IC,0,IC,0,192298.8865953424,-64298.886595342396
116361,1,274000.0,PhD,F,4,8663,sales,IC,0,IC,0,201771.61572670785,72228.38427329215
13325,0,211000.0,Master,F,3,49729,sales,IC,0,IC,0,191260.8810195265,19739.11898047349
132762,0,83000.0,Master,M,7,38308,marketing,IC,0,IC,0,184687.5348280426,-101687.53482804261
77988,1,146000.0,Bachelor,M,1,187053,engineering,IC,0,IC,0,241459.58846692662,-95459.58846692662
52245,0,64000.0,Bachelor,M,2,140838,HR,IC,0,IC,0,83618.18616664072,-19618.18616664072
47889,1,265000.0,Bachelor,M,2,74818,sales,IC,0,IC,0,198429.69040148894,66570.30959851106
172992,0,280000.0,PhD,F,2,34977,sales,IC,0,IC,0,202419.4707253329,77580.52927466709
147200,0,93000.0,High_School,M,5,66420,HR,IC,0,IC,0,79935.7666218699,13064.233378130099
39215,1,326000.0,Master,F,2,146473,marketing,IC,0,IC,0,173888.25401291758,152111.74598708242
64413,0,287000.0,PhD,F,5,149135,engineering,IC,0,IC,0,253630.17097182493,33369.82902817507
3308,1,344000.0,PhD,F,1,1050,engineering,IC,0,IC,0,263712.13522253255,80287.86477746745
115043,0,280000.0,High_School,M,4,154703,engineering,IC,0,IC,0,250920.8991168643,29079.10088313569
112023,1,305000.0,High_School,M,3,12649,engineering,IC,0,IC,0,246261.9865189567,58738.01348104331
142850,0,145000.0,Master,M,7,78493,sales,MM,13,MM,13,228336.03709270482,-83336.03709270482
172312,0,60000.0,Master,F,5,61443,HR,IC,0,IC,0,83499.17048362638,-23499.17048362638
159148,0,239000.0,Bachelor,M,1,134728,marketing,IC,0,IC,0,195298.98660263894,43701.013397361065
45998,1,347000.0,High_School,M,5,70819,engineering,IC,0,IC,0,236496.90072376418,110503.09927623582
151696,0,110000.0,High_School,F,11,77857,HR,MM,14,MM,14,98056.40151515152,11943.59848484848
131520,1,103000.0,Bachelor,M,2,183065,engineering,IC,0,IC,0,242862.72183744767,-139862.72183744767
185979,0,77000.0,PhD,M,4,169271,marketing,IC,0,IC,0,210382.93359964158,-133382.93359964158
43351,1,246000.0,Bachelor,F,3,29547,engineering,IC,0,IC,0,249465.5655649748,-3465.5655649747932
46364,0,208000.0,PhD,M,3,142926,engineering,IC,0,IC,0,244594.82101961187,-36594.821019611874
62161,1,152000.0,PhD,F,2,125912,marketing,MM,12,MM,12,188609.3882801599,-36609.38828015991
194485,0,181000.0,Bachelor,M,6,8711,marketing,IC,0,IC,0,189453.14893188572,-8453.14893188572
46514,0,226000.0,Bachelor,M,3,74066,engineering,IC,0,IC,0,244492.12806626968,-18492.12806626968
120559,1,90000.0,PhD,M,2,168905,engineering,IC,0,IC,0,237027.23882378358,-147027.23882378358
46432,0,213000.0,High_School,M,2,191649,sales,IC,0,IC,0,195986.4498613001,17013.55013869991
133829,0,130000.0,Bachelor,F,2,14465,HR,IC,0,IC,0,86599.55002878579,43400.44997121421
172803,1,361000.0,Master,M,3,22090,marketing,IC,0,IC,0,189367.86484762578,171632.13515237422
116727,0,257000.0,Bachelor,M,3,147106,sales,IC,0,IC,0,194528.5959929,62471.404007100005
146473,1,140000.0,Bachelor,F,13,156036,marketing,MM,14,MM,14,187019.76338425718,-47019.76338425718
78099,1,62000.0,PhD,F,3,139278,HR,IC,0,IC,0,76930.77304190416,-14930.773041904162
49578,1,111000.0,Master,M,1,192414,sales,IC,0,IC,0,194883.36343501264,-83883.36343501264
36003,1,241000.0,Master,M,1,147715,sales,IC,0,IC,0,194883.36343501264,46116.63656498736
49028,1,313000.0,PhD,M,7,138432,sales,IC,0,IC,0,197845.63862374052,115154.36137625948
41137,0,80000.0,Master,F,3,8812,HR,IC,0,IC,0,83947.66681572703,-3947.6668157270324
115539,0,277000.0,PhD,F,22,71499,marketing,D,54,D,54,237042.82260631525,39957.177393684746
15024,0,174000.0,Master,F,3,38308,marketing,IC,0,IC,0,191708.4988256018,-17708.498825601797
106384,0,288000.0,PhD,M,5,110091,engineering,IC,0,IC,0,243058.35787352896,44941.64212647104
104821,0,181000.0,Master,M,6,4394,marketing,IC,0,IC,0,190104.69597924425,-9104.69597924425
168301,0,224000.0,PhD,F,5,22145,sales,IC,0,IC,0,201521.88967796802,22478.11032203198
52695,1,150000.0,Bachelor,M,1,40904,engineering,IC,0,IC,0,241459.58846692662,-91459.58846692662
133301,1,267000.0,PhD,M,6,46178,engineering,IC,0,IC,0,225989.68999128733,41010.310008712666
126389,1,191000.0,PhD,M,1,59353,engineering,IC,0,IC,0,238639.5918970931,-47639.59189709311
10890,0,306000.0,PhD,F,3,126330,engineering,IC,0,IC,0,250494.2058762398,55505.79412376019
271,1,68000.0,Bachelor,M,1,195795,sales,IC,0,IC,0,180018.0883550749,-112018.0883550749
178900,0,160000.0,Bachelor,M,4,1651,engineering,IC,0,IC,0,245313.12529643642,-85313.12529643642
14517,0,216000.0,Bachelor,F,1,67522,sales,IC,0,IC,0,190803.3928173758,25196.607182624197
81811,1,84000.0,Bachelor,F,12,94454,sales,MM,8,MM,8,161721.94270832662,-77721.94270832662
100398,1,89000.0,Master,M,2,198648,marketing,IC,0,IC,0,179191.36560797412,-90191.36560797412
141152,0,141000.0,PhD,M,2,149485,sales,IC,0,IC,0,201356.5442201449,-60356.54422014489
144927,1,127000.0,PhD,M,11,94454,sales,MM,9,MM,9,168797.29722063825,-41797.297220638255
81736,1,154000.0,Bachelor,F,4,84828,engineering,IC,0,IC,0,250652.48560468346,-96652.48560468346
115765,0,80000.0,Master,M,12,192056,HR,MM,11,MM,11,81618.63250863257,-1618.632508632567
141844,0,303000.0,Bachelor,F,2,190566,marketing,IC,0,IC,0,195854.82935350726,107145.17064649274
17837,0,60000.0,PhD,M,19,176367,engineering,D,47,D,47,236010.35714285716,-176010.35714285716
49605,0,295000.0,Bachelor,M,1,25934,engineering,IC,0,IC,0,253447.42674818967,41552.57325181033
30273,1,142000.0,Bachelor,F,1,103421,engineering,IC,0,IC,0,217588.1074776503,-75588.10747765031
94533,1,86000.0,Bachelor,M,1,129287,HR,IC,0,IC,0,88511.26038412712,-2511.2603841271193
25844,1,113000.0,Master,M,4,170922,sales,IC,0,IC,0,193172.76047413386,-80172.76047413386
82493,0,307000.0,High_School,M,2,159906,sales,IC,0,IC,0,195986.4498613001,111013.55013869991
72770,1,319000.0,Bachelor,M,2,122145,engineering,IC,0,IC,0,242862.72183744767,76137.27816255233
72430,1,331000.0,High_School,M,2,14299,engineering,IC,0,IC,0,231965.8322813009,99034.16771869909
71115,0,307000.0,Master,M,2,92567,engineering,MM,8,MM,8,254422.15823687983,52577.841763120174
49905,0,217000.0,Bachelor,M,5,121419,engineering,IC,0,IC,0,237543.49587850232,-20543.49587850232
65953,1,125000.0,Bachelor,F,3,132399,sales,IC,0,IC,0,194975.3755380346,-69975.3755380346
9347,0,209000.0,Master,F,5,158056,engineering,IC,0,IC,0,237036.2608257125,-28036.260825712496
182184,0,178000.0,High_School,F,5,113124,sales,IC,0,IC,0,197019.49258701704,-19019.49258701704
92794,0,107000.0,PhD,F,4,21086,HR,IC,0,IC,0,82462.33964853613,24537.66035146387
165853,0,266000.0,PhD,F,8,18295,engineering,MM,10,MM,10,280060.86229508166,-14060.862295081664
21094,0,86000.0,PhD,M,7,133927,engineering,IC,0,IC,0,243957.16219824034,-157957.16219824034
91547,0,135000.0,Master,F,1,64452,sales,IC,0,IC,0,177865.95495298997,-42865.95495298997
151082,0,116000.0,PhD,M,2,11507,HR,IC,0,IC,0,76157.36192109241,39842.63807890759
61193,0,175000.0,Master,M,1,132283,engineering,IC,0,IC,0,253167.61103592915,-78167.61103592915
8388,0,192000.0,Bachelor,M,3,113189,sales,IC,0,IC,0,194528.5959929,-2528.5959928999946
65388,1,74000.0,Bachelor,M,3,127266,marketing,IC,0,IC,0,188192.39140789176,-114192.39140789176
17123,0,84000.0,Master,F,1,179149,HR,IC,0,IC,0,82364.56846565497,1635.431534345029
67644,0,242000.0,PhD,F,1,149485,sales,IC,0,IC,0,184864.59303542023,57135.40696457977
120180,1,259000.0,Master,F,3,191454,marketing,IC,0,IC,0,173192.14355952016,85807.85644047984
65027,0,77000.0,Master,M,3,74818,sales,IC,0,IC,0,195369.80999597523,-118369.80999597523
110915,1,257000.0,Master,M,2,169664,engineering,IC,0,IC,0,233296.97305636574,23703.026943634264
184637,0,218000.0,Master,F,4,144927,sales,IC,0,IC,0,198453.75863186418,19546.241368135816
95725,0,107000.0,High_School,M,3,43602,engineering,IC,0,IC,0,251988.4772456092,-144988.4772456092
50808,0,243000.0,PhD,M,3,157064,marketing,IC,0,IC,0,204409.410789578,38590.58921042201
151126,1,69000.0,High_School,F,4,169223,engineering,IC,0,IC,0,238515.7137547707,-169515.7137547707
80030,0,193000.0,High_School,F,5,62990,sales,IC,0,IC,0,197019.49258701704,-4019.492587017041
92901,1,150000.0,Master,M,2,95522,marketing,IC,0,IC,0,179191.36560797412,-29191.36560797412
119121,0,116000.0,High_School,M,1,34714,sales,IC,0,IC,0,186739.580228817,-70739.58022881701
153738,0,173000.0,PhD,M,4,191495,sales,IC,0,IC,0,194705.84234154952,-21705.84234154952
21600,0,338000.0,Master,M,1,52525,engineering,IC,0,IC,0,253167.61103592915,84832.38896407085
14993,0,88000.0,Master,F,2,139278,HR,IC,0,IC,0,82960.55864883834,5039.4413511616585
99828,0,273000.0,Bachelor,M,2,98967,marketing,IC,0,IC,0,196739.27564649528,76260.72435350472
174241,0,81000.0,High_School,M,1,172246,sales,IC,0,IC,0,186739.580228817,-105739.58022881701
83473,0,65000.0,High_School,F,2,81421,HR,IC,0,IC,0,84827.81499972833,-19827.814999728333
173414,0,70000.0,Bachelor,F,1,171461,HR,IC,0,IC,0,77771.4712925606,-7771.4712925606
97274,0,95000.0,Master,F,7,151696,HR,IC,0,IC,0,80817.69872504385,14182.301274956146
102759,0,229000.0,PhD,M,8,142104,engineering,IC,0,IC,0,261196.27500379895,-32196.275003798946
198763,1,237000.0,Bachelor,F,6,55431,sales,IC,0,IC,0,200667.41278442592,36332.58721557408
165982,0,203000.0,Bachelor,F,3,132399,sales,IC,0,IC,0,194461.09812463698,8538.901875363023
129778,0,85000.0,Master,M,2,59566,HR,MM,12,MM,12,91604.89469990558,-6604.894699905577
103884,0,136000.0,PhD,F,6,39785,HR,MM,5,MM,5,130531.26480370149,5468.735196298512
66355,0,207000.0,Bachelor,M,1,150408,engineering,IC,0,IC,0,253447.42674818967,-46447.42674818967
31643,0,70000.0,Bachelor,F,1,61517,HR,IC,0,IC,0,77771.4712925606,-7771.4712925606
37878,1,230000.0,PhD,F,2,113566,engineering,IC,0,IC,0,285728.9021753286,-55728.90217532858
116962,0,257000.0,Bachelor,F,3,142850,sales,IC,0,IC,0,194461.09812463698,62538.90187536302
63827,0,136000.0,High_School,M,2,39417,engineering,IC,0,IC,0,226878.35789292358,-90878.35789292358
63048,0,76000.0,Master,M,2,23565,sales,IC,0,IC,0,196044.60399481485,-120044.60399481485
147567,0,174000.0,Master,F,6,74170,sales,IC,0,IC,0,195325.24825658792,-21325.248256587918
65137,0,180000.0,PhD,F,1,193920,sales,IC,0,IC,0,184864.59303542023,-4864.593035420228
60489,0,293000.0,Bachelor,M,8,24489,marketing,MM,17,MM,17,224854.20426438563,68145.79573561437
71152,0,85000.0,PhD,M,10,21604,HR,MM,10,MM,10,89384.81750276305,-4384.81750276305
39231,0,66000.0,PhD,F,5,24681,HR,MM,13,MM,13,94243.38072917423,-28243.380729174227
92769,1,246000.0,Bachelor,M,5,154891,engineering,IC,0,IC,0,249070.2644405276,-3070.2644405275933
103443,0,140000.0,Master,M,18,97647,marketing,D,68,D,68,181640.1215953981,-41640.121595398086
184149,0,184000.0,PhD,F,4,7966,sales,IC,0,IC,0,200837.55383701346,-16837.55383701346
177772,1,208000.0,Master,M,3,134556,marketing,MM,8,MM,8,188512.0968812317,19487.9031187683
127000,0,76000.0,High_School,M,4,61517,HR,IC,0,IC,0,87030.10157120656,-11030.101571206556
77728,0,77000.0,Master,M,5,7095,HR,IC,0,IC,0,79443.02078272104,-2443.0207827210397
88014,0,322000.0,PhD,M,2,138432,sales,IC,0,IC,0,201356.5442201449,120643.45577985511
129050,0,201000.0,Bachelor,M,1,142685,sales,IC,0,IC,0,179465.38885958475,21534.611140415247
185829,1,70000.0,PhD,F,3,197896,HR,IC,0,IC,0,76930.77304190416,-6930.773041904162
1331,1,275000.0,PhD,F,3,98520,marketing,IC,0,IC,0,185493.86852960358,89506.13147039642
114137,1,206000.0,Bachelor,M,24,107658,marketing,D,80,D,80,212788.57557932264,-6788.575579322642
83765,1,82000.0,Bachelor,F,6,142630,HR,IC,0,IC,0,92945.69396992728,-10945.693969927277
106405,0,62000.0,PhD,M,5,5889,HR,IC,0,IC,0,82276.80041619591,-20276.80041619591
89118,1,179000.0,Bachelor,F,1,20828,marketing,IC,0,IC,0,200189.67771152535,-21189.67771152535
109727,0,91000.0,PhD,M,5,742,HR,IC,0,IC,0,82276.80041619591,8723.19958380409
69273,0,207000.0,Master,M,2,195165,engineering,IC,0,IC,0,225404.836709512,-18404.83670951199
173992,0,105000.0,Bachelor,F,5,78215,sales,IC,0,IC,0,201703.6417993344,-96703.64179933441
14106,1,340000.0,Master,F,2,47863,engineering,IC,0,IC,0,253356.57931868994,86643.42068131006
94528,0,256000.0,Master,F,3,113245,sales,IC,0,IC,0,191260.8810195265,64739.11898047349
30864,0,255000.0,PhD,M,4,11275,marketing,IC,0,IC,0,210382.93359964158,44617.066400358424
98921,1,224000.0,PhD,M,7,161727,engineering,IC,0,IC,0,230586.0962906435,-6586.096290643502
114182,0,257000.0,Bachelor,M,3,76135,marketing,IC,0,IC,0,195837.03111956886,61162.968880431144
123829,1,61000.0,PhD,M,3,1791,HR,IC,0,IC,0,73145.067569542,-12145.067569542007
26680,0,61000.0,Bachelor,F,3,110089,HR,IC,0,IC,0,83591.34611794354,-22591.34611794354
82260,0,161000.0,PhD,M,2,4440,marketing,IC,0,IC,0,198900.55025181093,-37900.55025181093
46080,0,86000.0,PhD,M,1,23737,HR,IC,0,IC,0,77565.84484314994,8434.155156850058
59835,1,144000.0,PhD,F,2,52920,sales,IC,0,IC,0,186910.43460369,-42910.434603689995
87035,0,205000.0,Master,M,3,18939,sales,IC,0,IC,0,195369.80999597523,9630.190004024771
32977,0,319000.0,PhD,M,2,27781,marketing,IC,0,IC,0,198900.55025181093,120099.44974818907
51681,0,70000.0,Master,F,5,112750,engineering,IC,0,IC,0,237036.2608257125,-167036.2608257125
130327,1,256000.0,High_School,M,3,161727,engineering,IC,0,IC,0,246261.9865189567,9738.013481043308
124911,0,165000.0,High_School,M,4,195795,sales,IC,0,IC,0,192668.28755272523,-27668.287552725233
15830,1,344000.0,PhD,F,8,79934,engineering,IC,0,IC,0,270627.98017531156,73372.01982468844
8840,0,83000.0,Master,F,5,53826,HR,IC,0,IC,0,83499.17048362638,-499.1704836263816
126234,0,364000.0,PhD,F,2,30488,marketing,IC,0,IC,0,202112.82741275989,161887.17258724011
176788,1,378000.0,PhD,M,4,15277,engineering,IC,0,IC,0,236378.21786726158,141621.78213273842
40084,0,87000.0,Master,M,4,199950,HR,IC,0,IC,0,85034.65160610934,1965.3483938906575
56687,0,223000.0,Master,M,3,173939,marketing,IC,0,IC,0,195418.4685635701,27581.531436429912
1947,1,149000.0,High_School,M,2,68201,sales,IC,0,IC,0,197187.20652557365,-48187.20652557365
43257,1,81000.0,Master,M,4,129778,HR,IC,0,IC,0,76788.14777597826,4211.852224021743
123804,0,132000.0,Master,F,2,75045,marketing,IC,0,IC,0,190948.4877860469,-58948.4877860469
157624,0,356000.0,High_School,F,3,46957,sales,IC,0,IC,0,191417.9608666185,164582.0391333815
88639,0,212000.0,Bachelor,M,1,199184,sales,IC,0,IC,0,179465.38885958475,32534.611140415247
119991,1,109000.0,PhD,M,7,184512,engineering,MM,10,MM,10,173571.59358729146,-64571.593587291456
151348,1,118000.0,Bachelor,M,3,148984,sales,IC,0,IC,0,189257.1654400931,-71257.16544009309
8599,0,244000.0,PhD,F,5,132026,marketing,IC,0,IC,0,207892.75710233356,36107.24289766644
55909,0,187000.0,Bachelor,M,2,113124,sales,IC,0,IC,0,196776.30656462905,-9776.306564629049
68116,0,198000.0,Master,F,6,177166,engineering,IC,0,IC,0,239936.9073680879,-41936.90736808791
180460,0,98000.0,Bachelor,F,4,51121,HR,IC,0,IC,0,86004.53677464435,11995.463225355648
1545,0,278000.0,Master,F,2,122762,sales,IC,0,IC,0,192912.71319514548,85087.28680485452
59143,0,128000.0,PhD,F,2,69379,sales,IC,0,IC,0,202419.4707253329,-74419.47072533291
1128,1,342000.0,Bachelor,M,2,12214,sales,IC,0,IC,0,198429.69040148894,143570.30959851106
31668,0,321000.0,PhD,M,4,109102,sales,IC,0,IC,0,194705.84234154952,126294.15765845048
113301,1,191000.0,PhD,M,3,190249,marketing,IC,0,IC,0,184507.95041214005,6492.049587859947
156228,0,127000.0,Master,F,1,55653,sales,IC,0,IC,0,177865.95495298997,-50865.95495298997
168821,0,152000.0,High_School,M,5,87733,sales,IC,0,IC,0,190414.06772590298,-38414.067725902976
1872,1,187000.0,Master,M,9,154285,engineering,MM,10,MM,10,209793.0420253357,-22793.042025335686
76060,1,180000.0,PhD,F,3,129410,sales,IC,0,IC,0,187415.0410806651,-7415.041080665105
123483,0,358000.0,High_School,M,5,145710,engineering,IC,0,IC,0,243781.76916131607,114218.23083868393
147948,0,69000.0,Master,M,3,96664,marketing,IC,0,IC,0,195418.4685635701,-126418.46856357009
141705,1,166000.0,PhD,M,3,46997,sales,IC,0,IC,0,182782.6484747099,-16782.648474709888
72921,0,182000.0,PhD,M,3,164326,sales,IC,0,IC,0,197202.7515403313,-15202.751540331286
112600,0,315000.0,Bachelor,F,1,119658,engineering,IC,0,IC,0,221439.98962197226,93560.01037802774
160380,1,99000.0,High_School,M,2,90065,engineering,IC,0,IC,0,231965.8322813009,-132965.8322813009
180198,0,60000.0,Bachelor,M,4,47748,HR,IC,0,IC,0,85853.00043622433,-25853.000436224334
169175,0,166000.0,Bachelor,F,6,175365,marketing,IC,0,IC,0,191347.17958827774,-25347.179588277737
126246,0,117000.0,PhD,M,8,184998,sales,IC,0,IC,0,166448.08693168403,-49448.086931684025
47879,1,143000.0,PhD,M,2,69943,sales,IC,0,IC,0,191180.20114872733,-48180.20114872733
122128,1,138000.0,PhD,F,1,72965,sales,IC,0,IC,0,177727.6568266361,-39727.656826636114
33333,0,115000.0,Master,F,6,126515,HR,IC,0,IC,0,86673.97573048914,28326.02426951086
12300,0,215000.0,Bachelor,F,5,198879,sales,IC,0,IC,0,201703.6417993344,13296.358200665592
32146,1,303000.0,PhD,M,3,21470,marketing,IC,0,IC,0,184507.95041214005,118492.04958785995
145854,0,104000.0,High_School,M,4,99139,sales,IC,0,IC,0,192668.28755272523,-88668.28755272523
82615,0,86000.0,High_School,M,2,161727,engineering,IC,0,IC,0,226878.35789292358,-140878.35789292358
14971,0,70000.0,Master,F,5,139278,HR,IC,0,IC,0,83499.17048362638,-13499.170483626382
98326,1,103000.0,Bachelor,M,2,134048,sales,IC,0,IC,0,198429.69040148894,-95429.69040148894
139119,1,168000.0,High_School,M,3,25934,engineering,IC,0,IC,0,246261.9865189567,-78261.98651895669
133832,1,239000.0,Master,F,3,79,sales,IC,0,IC,0,192638.1102185486,46361.889781451406
4621,0,269000.0,PhD,M,1,142367,sales,IC,0,IC,0,198908.11730505654,70091.88269494346
173624,0,336000.0,Bachelor,M,4,52525,engineering,IC,0,IC,0,245313.12529643642,90686.87470356358
196199,1,249000.0,Master,M,1,115694,engineering,IC,0,IC,0,250966.59465767271,-1966.5946576727147
83596,0,159000.0,PhD,M,2,59705,sales,IC,0,IC,0,201356.5442201449,-42356.54422014489
18137,0,294000.0,PhD,M,1,154292,engineering,IC,0,IC,0,245381.45541854406,48618.544581455935
58062,1,172000.0,High_School,M,2,32159,sales,IC,0,IC,0,197187.20652557365,-25187.206525573652
1039,1,80000.0,PhD,M,6,88370,HR,IC,0,IC,0,86335.15465835464,-6335.154658354644
92585,1,153000.0,Bachelor,M,10,114137,marketing,MM,12,MM,12,200138.97314824222,-47138.97314824222
142380,0,228000.0,Master,F,4,103448,sales,IC,0,IC,0,198453.75863186418,29546.241368135816
158438,0,100000.0,Bachelor,M,2,115591,sales,IC,0,IC,0,196776.30656462905,-96776.30656462905
129600,1,174000.0,Master,M,2,126368,sales,IC,0,IC,0,195747.7721196565,-21747.772119656496
70778,1,151000.0,PhD,F,4,172250,marketing,IC,0,IC,0,219187.708066179,-68187.70806617901
199298,1,237000.0,Bachelor,M,1,101484,engineering,IC,0,IC,0,241459.58846692662,-4459.588466926623
24047,1,261000.0,Master,M,1,53012,marketing,IC,0,IC,0,165989.76505118783,95010.23494881217
188542,0,230000.0,Master,M,5,59939,marketing,IC,0,IC,0,192239.89997562923,37760.10002437077
53934,0,224000.0,Master,F,4,177805,marketing,IC,0,IC,0,198018.38231216176,25981.61768783824
89053,1,152000.0,Master,M,12,97647,marketing,D,40,D,40,171369.33003290874,-19369.330032908736
187952,0,217000.0,Master,F,2,180854,sales,IC,0,IC,0,192912.71319514548,24087.28680485452
133638,0,194000.0,High_School,M,1,30749,engineering,IC,0,IC,0,231847.76096461926,-37847.76096461926
70665,0,162000.0,PhD,M,1,157966,marketing,IC,0,IC,0,195577.15476246577,-33577.15476246577
26526,0,66000.0,Bachelor,F,1,47260,HR,IC,0,IC,0,77771.4712925606,-11771.4712925606
27355,0,197000.0,High_School,F,4,46957,sales,IC,0,IC,0,198949.1492696776,-1949.1492696776113
46117,0,180000.0,PhD,F,1,129410,sales,IC,0,IC,0,184864.59303542023,-4864.593035420228
19977,0,228000.0,PhD,M,2,1651,engineering,IC,0,IC,0,239738.82647541008,-11738.826475410082
119595,1,103000.0,Master,F,3,8711,marketing,IC,0,IC,0,173192.14355952016,-70192.14355952016
157493,1,126000.0,Master,F,3,129778,HR,IC,0,IC,0,81565.62322861952,44434.376771380485
119979,0,168000.0,PhD,M,8,62161,marketing,IC,0,IC,0,206079.79151268277,-38079.79151268277
177810,1,313000.0,Bachelor,F,5,154703,engineering,IC,0,IC,0,239305.37951119905,73694.62048880095
171457,0,114000.0,Master,F,4,26468,engineering,IC,0,IC,0,241976.73593625068,-127976.73593625068
11464,1,160000.0,Bachelor,M,2,26757,marketing,IC,0,IC,0,188339.52808760988,-28339.528087609884
86450,0,252000.0,PhD,M,2,40904,engineering,IC,0,IC,0,239738.82647541008,12261.173524589918
73112,0,104000.0,Bachelor,M,1,113124,sales,IC,0,IC,0,179465.38885958475,-75465.38885958475
129454,0,357000.0,PhD,M,2,30749,engineering,IC,0,IC,0,239738.82647541008,117261.17352458992
106398,0,236000.0,Master,M,4,119576,engineering,IC,0,IC,0,241830.84919374806,-5830.849193748058
80966,1,218000.0,Bachelor,M,1,133420,sales,IC,0,IC,0,180018.0883550749,37981.9116449251
125781,1,101000.0,High_School,F,6,61517,HR,IC,0,IC,0,97452.30874417955,3547.6912558204494
47935,0,81000.0,Master,M,6,22887,HR,IC,0,IC,0,79333.42563341424,1666.574366585759
12377,0,266000.0,Bachelor,F,7,53390,sales,IC,0,IC,0,202931.0713209912,63068.92867900879
54315,1,259000.0,Master,M,6,78493,sales,MM,13,MM,13,217698.76201934315,41301.23798065685
76432,0,376000.0,Bachelor,F,1,159838,marketing,IC,0,IC,0,216750.62192916207,159249.37807083793
104960,0,224000.0,Master,M,2,115856,sales,IC,0,IC,0,196044.60399481485,27955.396005185146
10773,0,261000.0,PhD,M,8,113589,engineering,MM,12,MM,12,244349.2962100558,16650.703789944208
24784,0,99000.0,Master,M,5,194904,HR,IC,0,IC,0,79443.02078272104,19556.97921727896
157952,0,106000.0,Master,F,1,22977,HR,IC,0,IC,0,82364.56846565497,23635.43153434503
171037,1,328000.0,PhD,M,5,12877,engineering,IC,0,IC,0,234389.674076652,93610.32592334799
6734,1,289000.0,PhD,F,1,116180,engineering,IC,0,IC,0,263712.13522253255,25287.864777467446
149245,0,91000.0,Master,M,14,91869,marketing,MM,14,MM,14,198415.89768789877,-107415.89768789877
153383,0,266000.0,High_School,M,8,177805,marketing,IC,0,IC,0,196606.43379019742,69393.56620980258
70675,0,272000.0,Master,F,2,125755,marketing,IC,0,IC,0,190948.4877860469,81051.5122139531
193097,0,101000.0,Bachelor,F,5,4110,sales,IC,0,IC,0,201703.6417993344,-100703.64179933441
172170,0,223000.0,Master,M,4,76641,engineering,IC,0,IC,0,241830.84919374806,-18830.849193748058
72165,1,206000.0,Bachelor,M,5,7212,marketing,IC,0,IC,0,193996.92968217094,12003.070317829057
125775,0,231000.0,Bachelor,M,8,91869,marketing,MM,8,MM,8,190690.01048892934,40309.98951107066
183797,0,169000.0,Bachelor,M,3,135848,marketing,IC,0,IC,0,195837.03111956886,-26837.031119568856
191399,0,150000.0,Master,F,7,14470,sales,IC,0,IC,0,194228.1761660175,-44228.17616601751
129287,0,62000.0,High_School,M,14,99397,HR,MM,11,MM,11,79775.83333333334,-17775.833333333343
95489,0,91000.0,PhD,M,5,43420,sales,IC,0,IC,0,192559.0137282462,-101559.01372824621
64190,1,258000.0,Master,F,10,157492,sales,MM,8,MM,8,215628.8916452254,42371.108354774595
146080,0,172000.0,Master,M,4,167877,sales,IC,0,IC,0,194695.32052053208,-22695.320520532085
60856,0,217000.0,Master,M,5,8711,marketing,IC,0,IC,0,192239.89997562923,24760.100024370768
99125,0,94000.0,Master,M,3,109254,sales,IC,0,IC,0,195369.80999597523,-101369.80999597523
93547,0,158000.0,High_School,M,2,168797,marketing,IC,0,IC,0,195512.34328319496,-37512.34328319496
182028,1,354000.0,Bachelor,M,2,184512,engineering,MM,15,MM,15,301043.52988427604,52956.47011572396
160091,1,304000.0,Bachelor,F,3,90237,sales,IC,0,IC,0,194975.3755380346,109024.6244619654
135846,0,254000.0,PhD,M,10,77851,sales,MM,7,MM,7,193017.18650852374,60982.81349147626
53268,0,153000.0,Master,M,4,158888,sales,IC,0,IC,0,194695.32052053208,-41695.320520532085
59939,1,71000.0,PhD,M,9,91869,marketing,MM,10,MM,10,154465.14532521338,-83465.14532521338
198814,0,389000.0,Bachelor,M,5,181566,marketing,MM,11,MM,11,242329.50789730853,146670.49210269147
157492,0,293000.0,Master,F,10,34280,sales,D,114,D,114,199453.3333333333,93546.66666666669
73649,0,261000.0,Master,M,11,167941,sales,MM,8,MM,8,185384.55800153076,75615.44199846924
60036,1,164000.0,PhD,M,6,40904,engineering,IC,0,IC,0,225989.68999128733,-61989.689991287334
132192,0,105000.0,Master,M,6,89619,HR,MM,10,MM,10,104764.82118519171,235.1788148082851
97160,0,74000.0,PhD,F,1,8711,marketing,IC,0,IC,0,167799.52370018433,-93799.52370018433
138490,0,254000.0,Master,M,4,15277,engineering,IC,0,IC,0,241830.84919374806,12169.150806251942
14299,0,331000.0,Master,M,4,194121,engineering,MM,13,MM,13,287568.21037622576,43431.78962377424
69200,0,246000.0,Master,M,9,79285,sales,MM,10,MM,10,173861.788161349,72138.21183865101
40973,1,203000.0,High_School,M,2,108164,sales,IC,0,IC,0,197187.20652557365,5812.7934744263475
58140,1,215000.0,Bachelor,M,2,4259,engineering,IC,0,IC,0,242862.72183744767,-27862.721837447665
2347,1,196000.0,Master,M,1,124014,sales,IC,0,IC,0,194883.36343501264,1116.6365649873624
53250,0,62000.0,Bachelor,M,3,150290,HR,IC,0,IC,0,77553.46065381975,-15553.460653819755
11698,1,304000.0,High_School,F,1,75242,engineering,IC,0,IC,0,216804.56625324997,87195.43374675003
153560,1,369000.0,Master,M,1,12649,engineering,IC,0,IC,0,250966.59465767271,118033.40534232729
124209,0,113000.0,PhD,M,4,19806,sales,IC,0,IC,0,194705.84234154952,-81705.84234154952
110230,0,245000.0,High_School,M,7,1808,engineering,IC,0,IC,0,269143.55240585585,-24143.55240585585
175690,1,316000.0,Bachelor,F,2,192369,sales,IC,0,IC,0,192222.09002881806,123777.90997118194
9706,0,62000.0,Master,M,8,78493,sales,MM,5,MM,5,152769.1074742024,-90769.1074742024
85984,0,117000.0,Master,F,2,116119,marketing,IC,0,IC,0,190948.4877860469,-73948.4877860469
129848,1,163000.0,Bachelor,M,1,132399,sales,IC,0,IC,0,180018.0883550749,-17018.0883550749
60194,0,259000.0,PhD,M,4,189222,engineering,IC,0,IC,0,241182.17333249372,17817.826667506277
103177,1,313000.0,Master,M,3,76073,engineering,IC,0,IC,0,243469.85093906373,69530.14906093627
55883,1,219000.0,PhD,M,12,49002,engineering,MM,16,MM,16,200409.74501960177,18590.254980398226
33203,0,170000.0,Master,M,5,144928,sales,IC,0,IC,0,196414.1583420818,-26414.15834208179
6736,0,106000.0,Master,F,4,191495,sales,IC,0,IC,0,198453.75863186418,-92453.75863186418
199396,1,137000.0,Master,M,2,182116,sales,IC,0,IC,0,195747.7721196565,-58747.772119656496
145740,1,220000.0,PhD,M,1,64452,sales,IC,0,IC,0,193940.69232599234,26059.307674007665
95727,0,258000.0,High_School,M,3,119576,engineering,IC,0,IC,0,251988.4772456092,6011.522754390811
85725,0,93000.0,High_School,M,6,42096,sales,IC,0,IC,0,190398.68369662002,-97398.68369662002
193824,0,107000.0,Master,F,4,34977,sales,IC,0,IC,0,198453.75863186418,-91453.75863186418
158243,0,181000.0,Master,F,6,79807,engineering,IC,0,IC,0,239936.9073680879,-58936.90736808791
70685,1,241000.0,PhD,M,2,37220,engineering,IC,0,IC,0,237027.23882378358,3972.761176216416
152271,0,62000.0,Master,M,4,129778,HR,IC,0,IC,0,85034.65160610934,-23034.651606109343
89868,0,375000.0,Bachelor,M,1,1872,engineering,IC,0,IC,0,253447.42674818967,121552.57325181033
75189,0,63000.0,PhD,F,3,126515,HR,IC,0,IC,0,83843.8873054549,-20843.887305454904
151364,0,148000.0,PhD,M,4,41080,sales,IC,0,IC,0,194705.84234154952,-46705.84234154952
133219,0,251000.0,Bachelor,F,3,61038,sales,IC,0,IC,0,194461.09812463698,56538.90187536302
84048,0,217000.0,Master,M,3,73034,engineering,IC,0,IC,0,244073.52979870792,-27073.529798707925
12512,1,360000.0,High_School,M,3,59862,engineering,IC,0,IC,0,246261.9865189567,113738.01348104331
130649,0,266000.0,PhD,M,2,111082,sales,IC,0,IC,0,201356.5442201449,64643.45577985511
154891,0,135000.0,Master,F,8,146629,engineering,MM,12,MM,12,217224.25999005156,-82224.25999005156
136304,0,186000.0,Bachelor,M,1,145710,engineering,IC,0,IC,0,253447.42674818967,-67447.42674818967
9117,1,199000.0,PhD,M,7,141317,sales,IC,0,IC,0,197845.63862374052,1154.361376259476
96940,1,334000.0,PhD,M,3,79934,engineering,IC,0,IC,0,246707.47890110445,87292.52109889555
102797,1,232000.0,PhD,M,1,178314,marketing,IC,0,IC,0,198010.52881550777,33989.47118449223
149485,0,230000.0,Bachelor,M,14,172989,sales,MM,9,MM,9,212851.5511732305,17148.448826769512
165390,0,102000.0,Bachelor,M,6,184236,HR,IC,0,IC,0,82309.25309772248,19690.74690227752
158660,0,200000.0,Master,M,3,198424,marketing,IC,0,IC,0,195418.4685635701,4581.531436429912
34163,0,231000.0,Bachelor,F,11,65451,sales,MM,7,MM,7,177170.5133710418,53829.4866289582
29960,1,266000.0,Bachelor,M,11,118233,marketing,MM,14,MM,14,215797.958626643,50202.041373357
48874,0,277000.0,PhD,M,2,178954,engineering,IC,0,IC,0,239738.82647541008,37261.17352458992
162564,0,218000.0,Bachelor,M,1,40904,engineering,IC,0,IC,0,253447.42674818967,-35447.42674818967
86951,1,277000.0,Master,M,3,132399,sales,IC,0,IC,0,188351.1977603531,88648.8022396469
177182,0,239000.0,High_School,M,1,47863,engineering,IC,0,IC,0,231847.76096461926,7152.239035380742
29605,0,67000.0,Master,F,4,158888,sales,IC,0,IC,0,198453.75863186418,-131453.75863186418
153170,0,177000.0,High_School,M,3,121419,engineering,IC,0,IC,0,251988.4772456092,-74988.47724560919
182041,1,170000.0,Bachelor,M,2,119991,engineering,IC,0,IC,0,242862.72183744767,-72862.72183744767
168580,0,325000.0,High_School,F,6,101981,sales,IC,0,IC,0,197100.5741972499,127899.4258027501
182828,1,276000.0,Bachelor,F,5,5282,sales,IC,0,IC,0,202564.03332828608,73435.96667171392
70894,1,163000.0,Bachelor,M,2,169231,sales,IC,0,IC,0,198429.69040148894,-35429.690401488944
144164,1,393000.0,High_School,M,4,87330,engineering,IC,0,IC,0,265464.78858191444,127535.21141808556
37070,0,238000.0,Master,F,4,193763,engineering,IC,0,IC,0,241976.73593625068,-3976.735936250683
182038,1,354000.0,Bachelor,M,7,79285,sales,MM,12,MM,12,262041.46891628468,91958.53108371532
157881,1,177000.0,High_School,F,8,62043,engineering,IC,0,IC,0,280386.56848637894,-103386.56848637894
150158,0,297000.0,High_School,M,4,87847,sales,IC,0,IC,0,192668.28755272523,104331.71244727477
69577,1,277000.0,PhD,F,7,105395,engineering,IC,0,IC,0,264585.38292714587,12414.617072854133
62219,1,119000.0,Bachelor,M,1,85426,HR,IC,0,IC,0,88511.26038412712,30488.73961587288
92575,1,140000.0,Bachelor,M,2,14299,engineering,IC,0,IC,0,242862.72183744767,-102862.72183744767
49075,0,311000.0,PhD,M,4,173939,marketing,IC,0,IC,0,210382.93359964158,100617.06640035842
76291,1,268000.0,Bachelor,M,6,144928,sales,IC,0,IC,0,198291.83614469276,69708.16385530724
104957,0,263000.0,PhD,M,1,95522,marketing,IC,0,IC,0,195577.15476246577,67422.84523753423
143602,0,185000.0,PhD,F,2,47472,engineering,IC,0,IC,0,245586.57159200107,-60586.57159200107
100276,0,227000.0,PhD,M,3,77844,sales,IC,0,IC,0,197202.7515403313,29797.248459668714
68756,0,156000.0,High_School,F,1,101484,engineering,IC,0,IC,0,256554.63123786892,-100554.63123786892
119617,1,312000.0,Bachelor,M,1,92845,engineering,IC,0,IC,0,241459.58846692662,70540.41153307338
120904,0,97000.0,High_School,M,4,72965,sales,IC,0,IC,0,192668.28755272523,-95668.28755272523
95101,0,167000.0,Master,F,2,136147,sales,IC,0,IC,0,192912.71319514548,-25912.71319514548
20000,1,209000.0,Bachelor,M,9,142685,sales,IC,0,IC,0,227492.005648316,-18492.005648316
155385,1,232000.0,High_School,M,1,154292,engineering,IC,0,IC,0,201743.7749494076,30256.225050592388
174929,0,182000.0,PhD,M,5,102712,sales,IC,0,IC,0,192559.0137282462,-10559.01372824621
31943,0,230000.0,Bachelor,F,5,134944,sales,IC,0,IC,0,201703.6417993344,28296.358200665592
17850,1,68000.0,Master,F,6,88007,sales,IC,0,IC,0,196863.24942382856,-128863.24942382856
59252,0,394000.0,PhD,M,3,101819,engineering,IC,0,IC,0,244594.82101961187,149405.17898038813
29579,0,72000.0,High_School,F,2,4384,HR,IC,0,IC,0,84827.81499972833,-12827.814999728333
109254,0,213000.0,PhD,M,4,191418,sales,MM,14,MM,14,197454.7178126941,15545.282187305886
65097,0,277000.0,Master,F,3,191083,marketing,IC,0,IC,0,191708.4988256018,85291.5011743982
104684,1,282000.0,Master,M,5,75198,marketing,IC,0,IC,0,191923.89872502946,90076.10127497054
166271,1,331000.0,Master,F,3,101484,engineering,IC,0,IC,0,245150.29004286497,85849.70995713503
134671,1,149000.0,High_School,M,10,114472,sales,MM,11,MM,11,205221.92569119,-56221.92569119
66992,0,264000.0,Master,F,1,149245,marketing,IC,0,IC,0,191328.91733028728,72671.08266971272
97780,1,241000.0,High_School,M,2,167650,engineering,IC,0,IC,0,231965.8322813009,9034.167718699086
119481,1,213000.0,Master,M,8,79693,engineering,D,103,D,103,255148.09615384616,-42148.096153846156
4345,0,192000.0,High_School,F,4,107547,sales,IC,0,IC,0,198949.1492696776,-6949.149269677611
165078,1,178000.0,PhD,F,2,168797,marketing,IC,0,IC,0,178705.9724548009,-705.9724548009108
120628,1,85000.0,PhD,M,6,23737,HR,IC,0,IC,0,86335.15465835464,-1335.1546583546442
92365,0,104000.0,Master,F,3,140838,HR,IC,0,IC,0,83947.66681572703,20052.333184272968
184984,0,257000.0,Master,F,4,25367,marketing,IC,0,IC,0,198018.38231216176,58981.61768783824
53258,1,98000.0,PhD,F,1,132192,HR,IC,0,IC,0,93873.13203734726,4126.867962652745
153047,0,84000.0,Master,F,4,21086,HR,IC,0,IC,0,79232.74241669648,4767.257583303523
35305,0,232000.0,PhD,M,6,90639,marketing,IC,0,IC,0,199498.14193409026,32501.858065909735
61450,0,337000.0,PhD,M,7,95841,engineering,IC,0,IC,0,243957.16219824034,93042.83780175966
96645,0,214000.0,PhD,F,5,116180,engineering,IC,0,IC,0,253630.17097182493,-39630.17097182493
184691,1,229000.0,Master,M,1,153412,marketing,IC,0,IC,0,165989.76505118783,63010.23494881217
46471,0,70000.0,Bachelor,F,1,123263,HR,IC,0,IC,0,77771.4712925606,-7771.4712925606
176421,0,65000.0,High_School,M,4,110508,engineering,IC,0,IC,0,250920.8991168643,-185920.8991168643
62501,0,206000.0,Bachelor,F,8,113245,sales,IC,0,IC,0,186122.77628616313,19877.223713836865
117479,0,341000.0,Master,M,1,84828,engineering,IC,0,IC,0,253167.61103592915,87832.38896407085
151748,1,224000.0,PhD,F,1,81490,sales,IC,0,IC,0,177727.6568266361,46272.343173363886
130585,0,230000.0,PhD,M,6,3235,sales,MM,5,MM,5,196747.0765998257,33252.9234001743
16648,0,71000.0,High_School,F,1,171940,marketing,IC,0,IC,0,186565.31241750674,-115565.31241750674
3235,0,277000.0,PhD,M,4,84011,sales,D,84,D,84,255556.53860382538,21443.46139617462
22887,0,152000.0,Master,F,10,24015,HR,MM,13,MM,13,96371.15356624052,55628.84643375948
176688,0,91000.0,Master,M,7,17291,sales,IC,0,IC,0,189796.9743375098,-98796.9743375098
171489,0,180000.0,High_School,M,2,156010,engineering,IC,0,IC,0,226878.35789292358,-46878.35789292358
84669,1,355000.0,Master,M,3,141079,engineering,IC,0,IC,0,243469.85093906373,111530.14906093627
49675,0,394000.0,High_School,M,4,73893,sales,IC,0,IC,0,192668.28755272523,201331.71244727477
186342,0,90000.0,Bachelor,F,1,27718,HR,IC,0,IC,0,77771.4712925606,12228.5287074394
43334,0,317000.0,PhD,F,3,173939,marketing,IC,0,IC,0,211839.30129742634,105160.69870257366
188950,0,110000.0,Bachelor,M,3,87929,sales,IC,0,IC,0,194528.5959929,-84528.5959929
59650,0,99000.0,Bachelor,F,6,8812,HR,IC,0,IC,0,83463.54288976562,15536.457110234376
196007,1,159000.0,PhD,F,7,55476,marketing,IC,0,IC,0,201800.58059596684,-42800.580595966836
20979,0,259000.0,High_School,F,1,70547,marketing,IC,0,IC,0,186565.31241750674,72434.68758249326
64501,1,233000.0,Bachelor,M,3,187183,marketing,IC,0,IC,0,188192.39140789176,44807.60859210824
18283,1,232000.0,High_School,F,6,142850,sales,IC,0,IC,0,196975.62894127017,35024.37105872983
191825,0,127000.0,High_School,M,2,98967,marketing,IC,0,IC,0,195512.34328319496,-68512.34328319496
91523,0,155000.0,PhD,M,2,160261,marketing,IC,0,IC,0,198900.55025181093,-43900.55025181093
107612,0,96000.0,Master,F,3,63077,sales,IC,0,IC,0,191260.8810195265,-95260.88101952651
87221,0,142000.0,PhD,F,3,46957,sales,IC,0,IC,0,195546.71190949707,-53546.71190949707
286,0,330000.0,Bachelor,M,3,113189,sales,IC,0,IC,0,194528.5959929,135471.4040071
194950,0,255000.0,High_School,M,4,133927,engineering,IC,0,IC,0,250920.8991168643,4079.1008831356885
55335,0,82000.0,PhD,F,2,183283,HR,IC,0,IC,0,81889.77770686249,110.2222931375145
153586,0,213000.0,Bachelor,F,2,148646,engineering,IC,0,IC,0,241425.92290671106,-28425.922906711057
24103,0,195000.0,Master,F,4,149245,marketing,IC,0,IC,0,198018.38231216176,-3018.3823121617606
147934,1,79000.0,Bachelor,F,2,43704,HR,IC,0,IC,0,79092.27542418573,-92.27542418573285
64557,0,230000.0,High_School,M,3,144219,engineering,IC,0,IC,0,251988.4772456092,-21988.47724560919
8593,0,71000.0,Master,M,4,193518,sales,IC,0,IC,0,194695.32052053208,-123695.32052053208
111625,0,109000.0,Master,M,4,85791,sales,IC,0,IC,0,194695.32052053208,-85695.32052053208
87947,1,102000.0,PhD,M,3,118769,engineering,IC,0,IC,0,246707.47890110445,-144707.47890110445
149436,1,281000.0,Bachelor,M,2,114572,marketing,IC,0,IC,0,188339.52808760988,92660.47191239012
190103,0,290000.0,Master,F,2,21470,marketing,IC,0,IC,0,190948.4877860469,99051.5122139531
102763,0,126000.0,Bachelor,F,4,177495,HR,IC,0,IC,0,86004.53677464435,39995.46322535565
108926,1,163000.0,Master,M,3,4421,sales,IC,0,IC,0,188351.1977603531,-25351.197760353098
171876,0,176000.0,Bachelor,F,3,133420,sales,IC,0,IC,0,194461.09812463698,-18461.098124636977
131612,0,113000.0,Master,M,1,73489,sales,IC,0,IC,0,198051.2011472294,-85051.20114722941
164638,1,202000.0,Master,M,2,47755,sales,MM,7,MM,7,194111.95311414,7888.046885860007
58976,0,264000.0,Master,M,3,48730,marketing,IC,0,IC,0,195418.4685635701,68581.53143642991
187993,0,177000.0,Bachelor,M,1,168951,sales,IC,0,IC,0,179465.38885958475,-2465.388859584753
110004,1,371000.0,PhD,M,4,64750,engineering,IC,0,IC,0,236378.21786726158,134621.78213273842
104754,0,68000.0,Master,M,3,71152,HR,IC,0,IC,0,81611.19715433878,-13611.197154338777
64708,0,72000.0,Master,F,2,193818,HR,IC,0,IC,0,82960.55864883834,-10960.558648838341
65758,1,144000.0,High_School,M,5,34134,sales,IC,0,IC,0,196471.22445234368,-52471.22445234368
7966,0,293000.0,Master,M,7,49727,sales,MM,10,MM,10,217982.0407524887,75017.95924751129
66832,0,94000.0,Master,M,2,111082,sales,IC,0,IC,0,196044.60399481485,-102044.60399481485
160388,0,150000.0,Master,F,6,19806,sales,IC,0,IC,0,195325.24825658792,-45325.24825658792
85815,0,289000.0,Master,F,3,148260,marketing,IC,0,IC,0,191708.4988256018,97291.5011743982
142795,0,262000.0,PhD,F,5,112643,sales,IC,0,IC,0,201521.88967796802,60478.11032203198
140972,0,95000.0,PhD,F,2,151696,HR,IC,0,IC,0,81889.77770686249,13110.222293137514
194252,0,197000.0,PhD,F,3,132283,engineering,IC,0,IC,0,250494.2058762398,-53494.20587623981
94326,1,166000.0,Bachelor,M,3,76641,engineering,IC,0,IC,0,238207.9962027491,-72207.99620274911
89239,0,383000.0,PhD,M,6,23100,engineering,IC,0,IC,0,247728.11200962216,135271.88799037784
154603,0,152000.0,High_School,M,2,175365,marketing,IC,0,IC,0,195512.34328319496,-43512.34328319496
165666,0,128000.0,PhD,M,1,111363,sales,IC,0,IC,0,198908.11730505654,-70908.11730505654
154613,0,354000.0,Master,M,1,79735,engineering,IC,0,IC,0,253167.61103592915,100832.38896407085
3531,1,195000.0,Master,M,1,73982,sales,IC,0,IC,0,194883.36343501264,116.63656498736236
17119,0,176000.0,PhD,M,7,165853,engineering,IC,0,IC,0,243957.16219824034,-67957.16219824034
153410,0,73000.0,Bachelor,F,2,23737,HR,IC,0,IC,0,86599.55002878579,-13599.550028785787
65208,0,267000.0,High_School,F,5,182777,marketing,IC,0,IC,0,196285.1315942073,70714.86840579269
50927,0,313000.0,Master,M,6,68998,marketing,IC,0,IC,0,190104.69597924425,122895.30402075575
156742,0,278000.0,High_School,M,2,81644,engineering,IC,0,IC,0,226878.35789292358,51121.64210707642
190824,0,106000.0,PhD,M,3,88007,sales,IC,0,IC,0,197202.7515403313,-91202.75154033129
53510,0,254000.0,PhD,F,1,177166,engineering,IC,0,IC,0,245816.63079848664,8183.3692015133565
179459,1,144000.0,Master,M,9,37154,marketing,MM,5,MM,5,186579.75436072517,-42579.75436072517
100942,0,153000.0,PhD,F,16,36075,sales,D,79,D,79,176973.8867798868,-23973.886779886787
25857,1,391000.0,PhD,M,2,122197,engineering,IC,0,IC,0,237027.23882378358,153972.76117621642
109784,0,63000.0,Master,F,4,97422,HR,IC,0,IC,0,79232.74241669648,-16232.742416696477
127121,1,147000.0,Master,M,4,113618,marketing,IC,0,IC,0,200024.3248884556,-53024.324888455594
60691,0,365000.0,PhD,M,1,113124,sales,IC,0,IC,0,198908.11730505654,166091.88269494346
44381,0,65000.0,PhD,F,7,22887,HR,IC,0,IC,0,77724.75714311065,-12724.757143110648
172344,1,281000.0,PhD,M,3,29410,engineering,IC,0,IC,0,246707.47890110445,34292.52109889555
157931,0,298000.0,High_School,M,6,61403,engineering,MM,11,MM,11,277046.79978592874,20953.200214071258
92008,1,207000.0,Master,M,1,45803,sales,IC,0,IC,0,194883.36343501264,12116.636564987362
152562,0,150000.0,Master,M,5,167877,sales,IC,0,IC,0,196414.1583420818,-46414.15834208179
170206,1,153000.0,Master,M,1,75198,marketing,IC,0,IC,0,165989.76505118783,-12989.765051187831
188292,0,69000.0,High_School,M,1,189148,HR,IC,0,IC,0,91327.03513976384,-22327.035139763844
181629,1,270000.0,Master,M,2,144211,engineering,IC,0,IC,0,233296.97305636574,36703.026943634264
7941,0,202000.0,Bachelor,F,3,27704,sales,IC,0,IC,0,194461.09812463698,7538.901875363023
162465,1,145000.0,PhD,F,2,5222,sales,IC,0,IC,0,186910.43460369,-41910.434603689995
180006,0,120000.0,Bachelor,M,6,24681,HR,MM,12,MM,12,95679.9898644165,24320.010135583507
146794,0,296000.0,Master,M,3,77766,marketing,IC,0,IC,0,195418.4685635701,100581.53143642991
161458,0,260000.0,Master,F,1,69200,sales,IC,0,IC,0,177865.95495298997,82134.04504701003
1950,0,101000.0,PhD,F,5,10786,HR,IC,0,IC,0,81307.52954187465,19692.470458125346
194628,0,62000.0,PhD,F,3,119231,HR,IC,0,IC,0,83843.8873054549,-21843.887305454904
39346,1,150000.0,Master,M,1,171940,marketing,IC,0,IC,0,165989.76505118783,-15989.765051187831
148195,1,122000.0,PhD,M,6,103912,sales,IC,0,IC,0,188866.9788219157,-66866.97882191569
165480,0,177000.0,PhD,M,7,187183,marketing,IC,0,IC,0,200395.53867977747,-23395.53867977747
189794,0,296000.0,Bachelor,M,1,18627,marketing,IC,0,IC,0,195298.98660263894,100701.01339736106
87607,0,204000.0,High_School,F,4,29960,marketing,IC,0,IC,0,201724.40649176008,2275.593508239923
167639,0,69000.0,Master,F,1,189742,HR,IC,0,IC,0,82364.56846565497,-13364.568465654971
143926,0,123000.0,Bachelor,M,2,64750,engineering,IC,0,IC,0,238810.46474319053,-115810.46474319053
18366,0,218000.0,Bachelor,M,6,170076,engineering,IC,0,IC,0,252047.32944780047,-34047.32944780047
126097,0,139000.0,PhD,M,3,9706,sales,IC,0,IC,0,197202.7515403313,-58202.75154033129
24807,0,132000.0,Master,M,1,158777,marketing,IC,0,IC,0,195691.75019170734,-63691.75019170734
150515,0,63000.0,PhD,F,5,132192,HR,IC,0,IC,0,81307.52954187465,-18307.529541874654
88019,0,302000.0,High_School,F,3,102632,marketing,IC,0,IC,0,188217.89882621306,113782.10117378694
152837,0,353000.0,Bachelor,M,4,19424,engineering,IC,0,IC,0,245313.12529643642,107686.87470356358
110763,1,284000.0,Master,F,6,69379,sales,IC,0,IC,0,196863.24942382856,87136.75057617144
156710,1,194000.0,PhD,M,4,132309,sales,IC,0,IC,0,200154.16277634335,-6154.16277634335
192309,0,72000.0,Bachelor,M,2,169833,HR,IC,0,IC,0,83618.18616664072,-11618.18616664072
81770,0,238000.0,PhD,M,5,122197,engineering,IC,0,IC,0,243058.35787352896,-5058.357873528963
124402,0,275000.0,Bachelor,M,7,118769,engineering,IC,0,IC,0,241492.8631037237,33507.13689627629
145140,1,315000.0,High_School,M,2,67931,engineering,IC,0,IC,0,231965.8322813009,83034.16771869909
140960,1,105000.0,Bachelor,M,1,120381,sales,IC,0,IC,0,180018.0883550749,-75018.0883550749
48690,1,299000.0,Bachelor,F,5,92713,sales,MM,10,MM,10,223825.1418306103,75174.85816938971
82466,0,347000.0,High_School,M,4,172889,sales,IC,0,IC,0,192668.28755272523,154331.71244727477
131734,0,78000.0,Master,M,2,1610,engineering,IC,0,IC,0,225404.836709512,-147404.836709512
29408,0,109000.0,Master,F,3,5889,HR,IC,0,IC,0,83947.66681572703,25052.333184272968
95413,0,160000.0,Master,F,3,197832,marketing,IC,0,IC,0,191708.4988256018,-31708.498825601797
87826,1,227000.0,High_School,M,2,198875,engineering,IC,0,IC,0,231965.8322813009,-4965.8322813009145
115744,1,226000.0,High_School,M,3,126257,engineering,IC,0,IC,0,246261.9865189567,-20261.98651895669
129830,0,243000.0,PhD,F,1,159098,engineering,IC,0,IC,0,245816.63079848664,-2816.6307984866435
55665,1,318000.0,High_School,M,8,57316,sales,IC,0,IC,0,224201.6029267886,93798.39707321141
165554,0,195000.0,High_School,F,2,148795,engineering,IC,0,IC,0,249980.76471078486,-54980.76471078486
128748,1,278000.0,Bachelor,F,2,62081,sales,IC,0,IC,0,192222.09002881806,85777.90997118194
41945,0,328000.0,PhD,M,16,84011,sales,D,38,D,38,282734.1354974575,45265.86450254248
101075,0,103000.0,Bachelor,F,6,88936,sales,IC,0,IC,0,200771.57459589085,-97771.57459589085
143678,1,126000.0,Master,M,6,188118,sales,IC,0,IC,0,193447.7320829517,-67447.7320829517
25568,0,312000.0,Bachelor,M,6,87884,engineering,IC,0,IC,0,252047.32944780047,59952.67055219953
148273,0,76000.0,Master,M,3,22887,HR,IC,0,IC,0,81611.19715433878,-5611.197154338777
78,1,348000.0,PhD,M,2,168342,engineering,IC,0,IC,0,237027.23882378358,110972.76117621642
131703,0,103000.0,Bachelor,M,7,102026,sales,IC,0,IC,0,194389.89332323067,-91389.89332323067
30765,1,108000.0,Bachelor,M,1,19524,marketing,IC,0,IC,0,169925.83131011992,-61925.83131011992
54833,0,281000.0,PhD,M,5,140393,engineering,IC,0,IC,0,243058.35787352896,37941.64212647104
63479,0,165000.0,PhD,M,8,103912,sales,IC,0,IC,0,166448.08693168403,-1448.0869316840253
53390,0,253000.0,Master,M,7,8665,sales,MM,18,MM,18,251843.52935440256,1156.4706455974374
193010,1,69000.0,Master,M,2,44056,HR,IC,0,IC,0,68348.12250334104,651.8774966589554
129885,0,175000.0,PhD,M,3,73106,engineering,IC,0,IC,0,244594.82101961187,-69594.82101961187
83356,0,125000.0,Master,F,20,84011,sales,D,59,D,59,183693.9228614523,-58693.9228614523
31899,0,330000.0,High_School,M,4,5875,marketing,IC,0,IC,0,195051.7370391725,134948.2629608275
184968,0,283000.0,PhD,M,2,190249,marketing,IC,0,IC,0,198900.55025181093,84099.44974818907
107223,1,264000.0,Master,F,4,136313,engineering,IC,0,IC,0,254657.44241884115,9342.55758115885
120467,0,75000.0,High_School,F,5,59327,HR,IC,0,IC,0,82936.4626631867,-7936.4626631866995
102727,0,165000.0,Bachelor,F,7,114137,marketing,MM,8,MM,8,189214.55923510372,-24214.55923510372
18476,0,85000.0,PhD,M,5,140542,sales,IC,0,IC,0,192559.0137282462,-107559.01372824621
125223,0,226000.0,PhD,M,2,180854,sales,IC,0,IC,0,201356.5442201449,24643.45577985511
151707,0,219000.0,High_School,M,3,199184,sales,IC,0,IC,0,193926.29331709526,25073.70668290474
27815,0,189000.0,PhD,M,4,88936,sales,IC,0,IC,0,194705.84234154952,-5705.84234154952
79248,0,235000.0,Master,M,1,81490,sales,IC,0,IC,0,198051.2011472294,36948.79885277059
155570,1,166000.0,PhD,F,3,71532,marketing,MM,9,MM,9,185295.61184489809,-19295.611844898085
111020,0,71000.0,Bachelor,M,6,28979,sales,IC,0,IC,0,193558.3030501584,-122558.3030501584
40976,1,328000.0,High_School,M,2,77670,sales,IC,0,IC,0,197187.20652557365,130812.79347442635
89605,0,231000.0,High_School,M,1,113578,marketing,IC,0,IC,0,181617.3790151326,49382.62098486739
57938,1,221000.0,Master,M,2,192589,engineering,MM,13,MM,13,233385.1748574544,-12385.174857454404
112848,1,283000.0,PhD,M,2,91002,marketing,IC,0,IC,0,180493.22465190728,102506.77534809272
86412,0,231000.0,Bachelor,M,4,146473,marketing,IC,0,IC,0,192298.8865953424,38701.113404657604
21766,1,155000.0,High_School,M,2,70406,marketing,IC,0,IC,0,196899.97053999678,-41899.97053999678
6081,0,393000.0,Bachelor,M,4,115591,sales,IC,0,IC,0,193264.55968086384,199735.44031913616
16722,0,218000.0,Bachelor,M,2,74170,sales,IC,0,IC,0,196776.30656462905,21223.69343537095
157742,1,196000.0,Bachelor,F,1,158888,sales,IC,0,IC,0,188276.224715987,7723.775284013012
121174,0,269000.0,PhD,M,4,180930,sales,IC,0,IC,0,194705.84234154952,74294.15765845048
78494,0,230000.0,Bachelor,M,4,4110,sales,IC,0,IC,0,193264.55968086384,36735.44031913616
18239,1,365000.0,Master,F,1,177166,engineering,IC,0,IC,0,248653.7440354666,116346.2559645334
159566,0,216000.0,Bachelor,M,4,92585,marketing,IC,0,IC,0,192298.8865953424,23701.113404657604
49601,0,233000.0,Bachelor,M,3,134536,engineering,IC,0,IC,0,244492.12806626968,-11492.12806626968
20569,0,223000.0,Bachelor,F,4,7212,marketing,IC,0,IC,0,198300.07769298556,24699.922307014436
41815,0,134000.0,High_School,M,2,180924,marketing,IC,0,IC,0,195512.34328319496,-61512.34328319496
97430,0,248000.0,Master,M,6,153412,marketing,IC,0,IC,0,190104.69597924425,57895.30402075575
100979,0,84000.0,PhD,M,8,55972,HR,IC,0,IC,0,77217.56023676235,6782.4397632376495
72243,0,144000.0,PhD,M,6,162476,engineering,D,74,D,74,212952.4040959041,-68952.40409590409
180970,0,157000.0,Master,M,1,182028,engineering,IC,0,IC,0,253167.61103592915,-96167.61103592915
45994,0,184000.0,PhD,M,3,199282,marketing,IC,0,IC,0,204409.410789578,-20409.41078957799
17211,1,68000.0,Bachelor,M,12,185138,HR,MM,13,MM,13,100893.04717504719,-32893.04717504719
81594,0,111000.0,High_School,F,2,182028,engineering,IC,0,IC,0,249980.76471078486,-138980.76471078486
167860,0,217000.0,Bachelor,F,3,197832,marketing,IC,0,IC,0,193135.262713467,23864.737286532996
172182,0,286000.0,Master,F,7,50761,marketing,IC,0,IC,0,187756.81951955231,98243.18048044769
188118,0,194000.0,Bachelor,M,6,114472,sales,MM,15,MM,15,195472.3209817507,-1472.3209817507013
31320,0,265000.0,PhD,M,3,179929,sales,IC,0,IC,0,197202.7515403313,67797.24845966871
163763,0,83000.0,PhD,F,4,142630,HR,IC,0,IC,0,82462.33964853613,537.66035146387
2483,0,72000.0,Master,M,1,169849,HR,IC,0,IC,0,77429.4837578407,-5429.483757840702
73466,0,175000.0,PhD,M,1,10922,sales,IC,0,IC,0,198908.11730505654,-23908.11730505654
61788,0,91000.0,High_School,M,3,69345,sales,IC,0,IC,0,193926.29331709526,-102926.29331709526
5889,0,91000.0,High_School,M,5,21604,HR,MM,13,MM,13,91110.9575587811,-110.95755878109776
148260,1,286000.0,Master,F,2,89053,marketing,MM,12,MM,12,224369.30645509582,61630.69354490418
29394,0,178000.0,Bachelor,M,5,113566,engineering,IC,0,IC,0,237543.49587850232,-59543.49587850232
7993,1,256000.0,Master,F,2,131620,sales,IC,0,IC,0,198517.56692485747,57482.43307514253
163387,1,350000.0,Master,M,2,1651,engineering,IC,0,IC,0,233296.97305636574,116703.02694363426
159286,0,116000.0,Master,M,2,140393,engineering,IC,0,IC,0,225404.836709512,-109404.83670951199
41891,0,169000.0,High_School,F,5,164326,sales,IC,0,IC,0,197019.49258701704,-28019.49258701704
117796,0,188000.0,Bachelor,M,2,41175,engineering,IC,0,IC,0,238810.46474319053,-50810.46474319053
22546,0,89000.0,Bachelor,F,2,46997,sales,IC,0,IC,0,190325.4138625573,-101325.4138625573
188856,0,165000.0,Bachelor,M,3,147106,sales,IC,0,IC,0,194528.5959929,-29528.595992899995
19060,1,187000.0,PhD,M,5,4110,sales,IC,0,IC,0,191458.68923493737,-4458.689234937367
162734,0,115000.0,PhD,F,4,155570,marketing,IC,0,IC,0,215242.36812769604,-100242.36812769604
7583,0,356000.0,Bachelor,F,2,10773,engineering,IC,0,IC,0,241425.92290671106,114574.07709328894
163606,1,84000.0,Bachelor,M,3,47260,HR,IC,0,IC,0,83567.77820499761,432.22179500239145
63275,1,258000.0,Master,M,4,1610,engineering,IC,0,IC,0,235272.1286071889,22727.871392811096
58027,0,352000.0,PhD,M,3,123387,sales,IC,0,IC,0,197202.7515403313,154797.2484596687
40917,0,226000.0,PhD,M,3,108428,engineering,IC,0,IC,0,244594.82101961187,-18594.821019611874
53071,0,267000.0,PhD,M,2,48352,engineering,IC,0,IC,0,239738.82647541008,27261.173524589918
192863,0,71000.0,Bachelor,F,3,150189,HR,IC,0,IC,0,83591.34611794354,-12591.34611794354
45791,1,249000.0,PhD,F,4,160169,sales,IC,0,IC,0,201771.61572670785,47228.38427329215
195252,0,173000.0,Master,F,6,192145,sales,IC,0,IC,0,195325.24825658792,-22325.248256587918
64162,0,162000.0,PhD,F,3,43420,sales,IC,0,IC,0,195546.71190949707,-33546.71190949707
173016,0,246000.0,PhD,F,4,45803,sales,IC,0,IC,0,200837.55383701346,45162.44616298654
83809,1,332000.0,Master,M,2,18312,engineering,IC,0,IC,0,233296.97305636574,98703.02694363426
19073,0,123000.0,High_School,M,4,62043,engineering,IC,0,IC,0,250920.8991168643,-127920.89911686431
130161,0,211000.0,High_School,M,3,144976,sales,IC,0,IC,0,193926.29331709526,17073.70668290474
105752,0,305000.0,Master,M,3,59555,marketing,IC,0,IC,0,195418.4685635701,109581.53143642991
136744,0,188000.0,Bachelor,F,1,83032,marketing,IC,0,IC,0,216750.62192916207,-28750.621929162065
140462,0,175000.0,Bachelor,F,3,5875,marketing,IC,0,IC,0,193135.262713467,-18135.262713467004
95440,0,329000.0,Master,F,2,48352,engineering,IC,0,IC,0,260023.70872319196,68976.29127680804
165298,1,231000.0,PhD,M,1,149245,marketing,IC,0,IC,0,198010.52881550777,32989.47118449223
44989,0,274000.0,High_School,M,1,154292,engineering,IC,0,IC,0,231847.76096461926,42152.23903538074
19219,0,190000.0,Master,M,3,179929,sales,IC,0,IC,0,195369.80999597523,-5369.809995975229
135868,1,236000.0,Master,M,3,134944,sales,IC,0,IC,0,188351.1977603531,47648.8022396469
16781,0,133000.0,Master,M,9,134728,marketing,IC,0,IC,0,170486.68528871535,-37486.68528871535
161548,1,105000.0,High_School,M,1,78516,sales,IC,0,IC,0,182145.5554433057,-77145.5554433057
134060,0,94000.0,Master,M,2,102043,marketing,IC,0,IC,0,189747.8553120937,-95747.85531209371
81180,0,200000.0,Master,M,4,19806,sales,IC,0,IC,0,194695.32052053208,5304.679479467915
181350,0,177000.0,Master,F,2,22090,marketing,IC,0,IC,0,190948.4877860469,-13948.487786046899
114186,1,338000.0,Bachelor,M,2,98931,marketing,IC,0,IC,0,188339.52808760988,149660.47191239012
167237,1,176000.0,Master,F,3,84828,engineering,IC,0,IC,0,245150.29004286497,-69150.29004286497
188846,0,283000.0,Master,M,1,129626,marketing,IC,0,IC,0,195691.75019170734,87308.24980829266
162107,0,169000.0,Bachelor,F,3,54808,sales,IC,0,IC,0,194461.09812463698,-25461.098124636977
59956,0,80000.0,Master,F,4,53856,HR,IC,0,IC,0,79232.74241669648,767.2575833035226
100107,0,72000.0,Master,M,7,166928,engineering,IC,0,IC,0,239867.33568426527,-167867.33568426527
20957,0,67000.0,PhD,F,4,14226,HR,IC,0,IC,0,82462.33964853613,-15462.33964853613
47423,0,337000.0,PhD,M,1,161132,marketing,IC,0,IC,0,195577.15476246577,141422.84523753423
132283,1,123000.0,PhD,M,11,49002,engineering,MM,16,MM,16,177673.1968714536,-54673.196871453605
26757,0,273000.0,Master,M,14,23830,marketing,MM,9,MM,9,225265.9238892353,47734.0761107647
58608,0,68000.0,Bachelor,F,7,199950,HR,IC,0,IC,0,79025.13326882306,-11025.133268823061
77365,1,195000.0,PhD,M,5,89523,sales,IC,0,IC,0,191458.68923493737,3541.3107650626334
100287,0,84000.0,Bachelor,F,9,22887,HR,IC,0,IC,0,82790.3593952471,1209.6406047529017
18815,1,263000.0,Master,F,5,5374,sales,IC,0,IC,0,197527.31097026527,65472.68902973473
128473,1,122000.0,PhD,F,1,135846,sales,IC,0,IC,0,177727.6568266361,-55727.656826636114
147106,0,142000.0,PhD,M,3,164851,sales,MM,11,MM,11,186628.46172177605,-44628.46172177605
190367,0,147000.0,Bachelor,M,6,129734,engineering,IC,0,IC,0,252047.32944780047,-105047.32944780047
81810,0,141000.0,High_School,M,5,7212,marketing,IC,0,IC,0,190498.8311588766,-49498.831158876594
122601,0,323000.0,Bachelor,F,6,107493,engineering,IC,0,IC,0,270179.264244216,52820.73575578397
34540,0,140000.0,Bachelor,M,4,168905,engineering,IC,0,IC,0,245313.12529643642,-105313.12529643642
183040,0,209000.0,High_School,M,6,111082,sales,IC,0,IC,0,190398.68369662002,18601.31630337998
67800,0,359000.0,PhD,M,1,161727,engineering,IC,0,IC,0,245381.45541854406,113618.54458145594
131516,1,280000.0,High_School,M,2,85791,sales,IC,0,IC,0,197187.20652557365,82812.79347442635
116915,0,104000.0,Bachelor,F,1,77670,sales,IC,0,IC,0,190803.3928173758,-86803.3928173758
28833,0,159000.0,PhD,F,3,55481,engineering,IC,0,IC,0,250494.2058762398,-91494.20587623981
198875,0,75000.0,PhD,M,9,87379,engineering,MM,13,MM,13,198654.41904576906,-123654.41904576906
56219,1,265000.0,PhD,M,6,61038,sales,IC,0,IC,0,188866.9788219157,76133.02117808431
147498,0,88000.0,PhD,M,3,85426,HR,IC,0,IC,0,82709.4195275736,5290.580472426402
179482,1,62000.0,PhD,F,1,24287,HR,IC,0,IC,0,93873.13203734726,-31873.132037347255
61849,0,116000.0,High_School,M,1,160511,marketing,IC,0,IC,0,181617.3790151326,-65617.37901513261
12197,1,210000.0,High_School,M,4,170922,sales,IC,0,IC,0,195764.89920874953,14235.100791250472
88667,0,210000.0,High_School,M,4,7349,marketing,IC,0,IC,0,195051.7370391725,14948.262960827502
122286,1,193000.0,Master,F,4,175434,sales,IC,0,IC,0,196357.1254950726,-3357.1254950725997
79705,1,387000.0,PhD,M,1,181772,sales,IC,0,IC,0,193940.69232599234,193059.30767400766
135532,0,229000.0,Master,M,4,154891,engineering,IC,0,IC,0,241830.84919374806,-12830.849193748058
15326,0,190000.0,PhD,M,1,150300,marketing,IC,0,IC,0,195577.15476246577,-5577.154762465769
92094,1,129000.0,Bachelor,M,2,191485,sales,IC,0,IC,0,198429.69040148894,-69429.69040148894
102381,0,117000.0,PhD,M,1,132026,marketing,IC,0,IC,0,195577.15476246577,-78577.15476246577
190143,0,222000.0,Master,F,2,95169,sales,IC,0,IC,0,192912.71319514548,29087.28680485452
192639,1,127000.0,Bachelor,M,5,157064,marketing,IC,0,IC,0,193996.92968217094,-66996.92968217094
164806,0,301000.0,PhD,M,1,79237,marketing,IC,0,IC,0,195577.15476246577,105422.84523753423
20060,1,215000.0,Master,M,5,159098,engineering,IC,0,IC,0,228892.63088194563,-13892.630881945632
156449,0,60000.0,Master,M,1,71987,HR,IC,0,IC,0,77429.4837578407,-17429.483757840702
180442,0,66000.0,Master,F,5,172947,marketing,IC,0,IC,0,195556.18676362679,-129556.18676362679
130279,0,74000.0,Master,F,5,132192,HR,IC,0,IC,0,83499.17048362638,-9499.170483626382
78723,0,191000.0,Master,M,4,138432,sales,IC,0,IC,0,194695.32052053208,-3695.3205205320846
104582,0,175000.0,PhD,M,4,143317,sales,IC,0,IC,0,194705.84234154952,-19705.84234154952
191693,0,135000.0,PhD,M,3,22090,marketing,IC,0,IC,0,204409.410789578,-69409.41078957799
196444,0,164000.0,Master,M,3,133927,engineering,IC,0,IC,0,244073.52979870792,-80073.52979870792
175841,0,310000.0,Bachelor,M,1,170076,engineering,IC,0,IC,0,253447.42674818967,56552.57325181033
62205,0,66000.0,Master,F,5,197896,HR,IC,0,IC,0,83499.17048362638,-17499.17048362638
117092,0,222000.0,Master,M,5,170076,engineering,IC,0,IC,0,241342.61319268073,-19342.61319268073
183561,0,180000.0,Bachelor,F,4,30488,marketing,IC,0,IC,0,198300.07769298556,-18300.077692985564
8507,0,247000.0,Bachelor,M,1,157064,marketing,IC,0,IC,0,195298.98660263894,51701.013397361065
78762,0,221000.0,Bachelor,M,3,198424,marketing,IC,0,IC,0,195837.03111956886,25162.968880431144
172618,1,226000.0,High_School,M,6,94507,engineering,IC,0,IC,0,206043.43468483628,19956.565315163723
35816,0,177000.0,High_School,M,3,154703,engineering,IC,0,IC,0,251988.4772456092,-74988.47724560919
4259,0,341000.0,Master,M,3,193330,engineering,MM,8,MM,8,230993.49459877255,110006.50540122745
187211,0,76000.0,PhD,F,2,140838,HR,IC,0,IC,0,81889.77770686249,-5889.7777068624855
113087,0,219000.0,PhD,M,4,102712,sales,IC,0,IC,0,194705.84234154952,24294.15765845048
90274,0,172000.0,Master,M,2,51293,sales,IC,0,IC,0,196044.60399481485,-24044.603994814854
116425,0,101000.0,High_School,M,5,169833,HR,IC,0,IC,0,79935.7666218699,21064.2333781301
81143,1,114000.0,Bachelor,M,2,71757,marketing,IC,0,IC,0,188339.52808760988,-74339.52808760988
109611,0,224000.0,PhD,M,5,161727,engineering,IC,0,IC,0,243058.35787352896,-19058.357873528963
184921,0,74000.0,PhD,M,2,191454,marketing,IC,0,IC,0,198900.55025181093,-124900.55025181093
106322,0,158000.0,Bachelor,M,1,41721,marketing,IC,0,IC,0,195298.98660263894,-37298.986602638935
55414,1,125000.0,Master,M,5,87884,engineering,IC,0,IC,0,228892.63088194563,-103892.63088194563
117583,1,331000.0,PhD,M,6,95841,engineering,IC,0,IC,0,225989.68999128733,105010.31000871267
119156,0,183000.0,PhD,M,1,182777,marketing,IC,0,IC,0,195577.15476246577,-12577.154762465769
29829,1,133000.0,Master,M,2,9239,sales,IC,0,IC,0,195747.7721196565,-62747.772119656496
86253,1,63000.0,PhD,F,4,193818,HR,IC,0,IC,0,77517.26291450021,-14517.262914500214
22367,0,303000.0,Bachelor,F,2,48912,engineering,IC,0,IC,0,241425.92290671106,61574.07709328894
83872,1,290000.0,Master,F,3,148865,sales,IC,0,IC,0,192638.1102185486,97361.8897814514
73839,1,245000.0,Bachelor,M,4,136861,sales,IC,0,IC,0,200945.03521904073,44054.96478095927
2325,0,330000.0,PhD,M,1,73034,engineering,IC,0,IC,0,245381.45541854406,84618.54458145594
23192,0,120000.0,PhD,F,4,31063,HR,IC,0,IC,0,82462.33964853613,37537.66035146387
138363,1,182000.0,High_School,M,1,190060,sales,IC,0,IC,0,182145.5554433057,-145.55544330569683
96141,0,375000.0,Master,M,4,54997,sales,IC,0,IC,0,194695.32052053208,180304.67947946792
10971,0,140000.0,Bachelor,F,4,98419,marketing,IC,0,IC,0,198300.07769298556,-58300.077692985564
15741,0,74000.0,PhD,F,1,9400,HR,IC,0,IC,0,87076.16641899414,-13076.166418994137
39646,0,162000.0,Master,M,5,73106,engineering,IC,0,IC,0,241342.61319268073,-79342.61319268073
165761,0,218000.0,PhD,M,2,14241,marketing,IC,0,IC,0,198900.55025181093,19099.449748189072
23854,0,224000.0,Master,M,2,182531,sales,IC,0,IC,0,196044.60399481485,27955.396005185146
120816,0,241000.0,Bachelor,M,1,55883,engineering,IC,0,IC,0,253447.42674818967,-12447.426748189668
170238,1,291000.0,Bachelor,M,1,75246,engineering,IC,0,IC,0,241459.58846692662,49540.41153307338
123299,0,250000.0,Master,F,7,198531,sales,IC,0,IC,0,194228.1761660175,55771.82383398249
105698,0,91000.0,High_School,M,2,172948,HR,IC,0,IC,0,84800.74930108206,6199.250698917938
91869,0,387000.0,PhD,M,15,40920,marketing,D,106,D,106,304942.7822615293,82057.2177384707
72711,0,235000.0,Master,M,1,198240,sales,IC,0,IC,0,198051.2011472294,36948.79885277059
175366,0,190000.0,Master,M,8,8663,sales,IC,0,IC,0,182806.4628018026,7193.537198197388
108016,1,83000.0,Master,F,2,16445,HR,IC,0,IC,0,85628.79233395943,-2628.792333959427
3497,0,235000.0,PhD,M,6,140542,sales,IC,0,IC,0,194022.9025924341,40977.09740756589
88767,1,265000.0,Master,M,5,8198,engineering,IC,0,IC,0,228892.63088194563,36107.36911805437
46800,1,106000.0,PhD,M,3,59939,marketing,IC,0,IC,0,184507.95041214005,-78507.95041214005
125153,1,302000.0,PhD,M,1,90,engineering,IC,0,IC,0,238639.5918970931,63360.40810290689
197272,1,114000.0,Bachelor,M,5,198778,engineering,IC,0,IC,0,249070.2644405276,-135070.2644405276
26945,0,334000.0,PhD,M,1,170076,engineering,IC,0,IC,0,245381.45541854406,88618.54458145594
78412,0,267000.0,Bachelor,M,4,178954,engineering,IC,0,IC,0,245313.12529643642,21686.874703563575
36983,0,262000.0,Master,M,5,170076,engineering,IC,0,IC,0,241342.61319268073,20657.38680731927
121233,0,289000.0,High_School,F,21,176424,marketing,D,45,D,45,245996.59999953158,43003.40000046842
140343,0,167000.0,Master,M,1,4110,sales,IC,0,IC,0,198051.2011472294,-31051.20114722941
141073,0,117000.0,Bachelor,F,3,129287,HR,IC,0,IC,0,83591.34611794354,33408.65388205646
11121,0,311000.0,Bachelor,M,1,114572,marketing,IC,0,IC,0,195298.98660263894,115701.01339736106
188300,0,150000.0,Bachelor,M,1,105542,marketing,IC,0,IC,0,195298.98660263894,-45298.986602638935
8505,1,183000.0,PhD,M,7,109671,marketing,IC,0,IC,0,202702.61017714458,-19702.610177144583
160775,0,138000.0,Master,F,5,69345,sales,IC,0,IC,0,199991.97931669242,-61991.97931669242
36630,0,121000.0,Bachelor,M,9,26757,marketing,IC,0,IC,0,162820.37100923323,-41820.37100923323
59470,1,255000.0,Master,M,2,8663,sales,IC,0,IC,0,195747.7721196565,59252.227880343504
118078,0,82000.0,High_School,M,4,52319,sales,IC,0,IC,0,192668.28755272523,-110668.28755272523
39248,0,67000.0,Master,F,2,11507,HR,IC,0,IC,0,82960.55864883834,-15960.558648838341
143359,0,133000.0,Bachelor,M,1,175434,sales,IC,0,IC,0,179465.38885958475,-46465.38885958475
41286,0,282000.0,Bachelor,M,5,144211,engineering,IC,0,IC,0,237543.49587850232,44456.50412149768
66873,1,265000.0,PhD,M,6,8198,engineering,IC,0,IC,0,225989.68999128733,39010.310008712666
3732,0,105000.0,Bachelor,F,2,169833,HR,IC,0,IC,0,86599.55002878579,18400.449971214213
84050,0,149000.0,Bachelor,M,6,73846,sales,IC,0,IC,0,193558.3030501584,-44558.3030501584
139938,1,213000.0,Master,M,2,779,marketing,IC,0,IC,0,179191.36560797412,33808.63439202588
47570,0,96000.0,Bachelor,F,4,71757,marketing,IC,0,IC,0,198300.07769298556,-102300.07769298556
148126,0,66000.0,Master,M,1,104539,HR,IC,0,IC,0,77429.4837578407,-11429.483757840702
165201,0,286000.0,Master,M,6,29547,engineering,IC,0,IC,0,250298.06490293815,35701.935097061854
196516,0,77000.0,Master,M,4,66420,HR,IC,0,IC,0,85034.65160610934,-8034.6516061093425
62879,0,235000.0,Master,F,2,191495,sales,IC,0,IC,0,192912.71319514548,42087.28680485452
155850,1,229000.0,High_School,M,5,65883,marketing,IC,0,IC,0,182313.43331827148,46686.566681728524
124324,0,229000.0,PhD,M,2,181421,sales,IC,0,IC,0,201356.5442201449,27643.45577985511
61499,0,192000.0,Master,M,1,48877,marketing,IC,0,IC,0,195691.75019170734,-3691.7501917073387
110550,0,299000.0,Master,F,3,95841,engineering,IC,0,IC,0,238133.50270656022,60866.49729343978
151549,0,66000.0,Master,M,9,135848,marketing,IC,0,IC,0,170486.68528871535,-104486.68528871535
199294,0,187000.0,PhD,F,6,192132,marketing,IC,0,IC,0,205528.0855651748,-18528.085565174813
196223,1,199000.0,PhD,F,5,171499,engineering,IC,0,IC,0,235619.31312139722,-36619.31312139722
39397,1,237000.0,Bachelor,M,2,27704,sales,IC,0,IC,0,198429.69040148894,38570.309598511056
22262,0,343000.0,Master,M,6,157064,marketing,IC,0,IC,0,190104.69597924425,152895.30402075575
148572,0,360000.0,High_School,M,2,134671,sales,IC,0,IC,0,195986.4498613001,164013.5501386999
50180,0,154000.0,Bachelor,M,2,191351,marketing,IC,0,IC,0,196739.27564649528,-42739.27564649528
183869,0,396000.0,Bachelor,M,4,185673,engineering,D,121,D,121,340090.0,55910.0
33474,0,88000.0,Master,F,3,81421,HR,IC,0,IC,0,83947.66681572703,4052.3331842729676
97136,1,78000.0,Master,F,4,134658,sales,IC,0,IC,0,196357.1254950726,-118357.1254950726
44612,1,88000.0,Master,F,2,47748,HR,IC,0,IC,0,85628.79233395943,2371.207666040573
142244,0,72000.0,High_School,M,6,183283,HR,IC,0,IC,0,77257.7937290835,-5257.793729083496
191736,0,87000.0,PhD,M,4,85426,HR,IC,0,IC,0,86837.11909178048,162.8809082195221
112312,0,214000.0,PhD,M,1,102684,sales,IC,0,IC,0,198908.11730505654,15091.882694943459
22855,0,144000.0,High_School,F,4,167877,sales,IC,0,IC,0,198949.1492696776,-54949.14926967761
87707,0,150000.0,Bachelor,M,9,32248,sales,MM,10,MM,10,170727.32416192192,-20727.32416192192
68656,0,133000.0,PhD,M,1,175365,marketing,IC,0,IC,0,195577.15476246577,-62577.15476246577
98328,1,107000.0,Bachelor,M,3,143050,marketing,IC,0,IC,0,188192.39140789176,-81192.39140789176
33671,0,64000.0,High_School,M,4,191073,sales,IC,0,IC,0,192668.28755272523,-128668.28755272523
196896,0,174000.0,PhD,F,1,91124,sales,IC,0,IC,0,184864.59303542023,-10864.593035420228
63785,0,373000.0,PhD,F,5,49002,engineering,MM,11,MM,11,316811.8733335036,56188.12666649639
74952,0,156000.0,PhD,F,4,77844,sales,IC,0,IC,0,200837.55383701346,-44837.55383701346
41186,0,89000.0,Master,M,5,47748,HR,IC,0,IC,0,79443.02078272104,9556.97921727896
175880,0,190000.0,PhD,F,3,190249,marketing,IC,0,IC,0,211839.30129742634,-21839.30129742634
31832,0,222000.0,Master,M,4,174122,engineering,IC,0,IC,0,241830.84919374806,-19830.849193748058
38995,0,300000.0,Bachelor,M,1,84828,engineering,IC,0,IC,0,253447.42674818967,46552.57325181033
58972,0,115000.0,Bachelor,M,2,7095,HR,IC,0,IC,0,83618.18616664072,31381.81383335928
113746,1,143000.0,PhD,M,4,90834,sales,IC,0,IC,0,200154.16277634335,-57154.16277634335
80108,0,252000.0,Bachelor,M,4,95609,sales,IC,0,IC,0,193264.55968086384,58735.44031913616
184021,1,277000.0,Bachelor,F,4,75198,marketing,IC,0,IC,0,207278.65164912542,69721.34835087458
107282,0,77000.0,PhD,F,2,53677,HR,IC,0,IC,0,81889.77770686249,-4889.7777068624855
77783,0,126000.0,PhD,F,1,64087,HR,IC,0,IC,0,87076.16641899414,38923.83358100586
177184,0,267000.0,Bachelor,F,1,169271,marketing,IC,0,IC,0,216750.62192916207,50249.378070837935
169662,1,180000.0,Master,M,6,181996,engineering,IC,0,IC,0,229476.66225561104,-49476.66225561104
160044,1,387000.0,PhD,M,4,148865,sales,IC,0,IC,0,200154.16277634335,186845.83722365665
84805,0,191000.0,PhD,F,1,90639,marketing,IC,0,IC,0,167799.52370018433,23200.476299815666
157303,0,132000.0,High_School,M,6,56451,sales,IC,0,IC,0,190398.68369662002,-58398.68369662002
52383,0,220000.0,High_School,F,1,78874,sales,IC,0,IC,0,184712.4239725275,35287.5760274725
163550,0,215000.0,High_School,M,1,165853,engineering,IC,0,IC,0,231847.76096461926,-16847.760964619258
136948,1,213000.0,Master,F,4,147642,sales,IC,0,IC,0,196357.1254950726,16642.8745049274
174723,0,202000.0,Bachelor,F,1,90639,marketing,IC,0,IC,0,216750.62192916207,-14750.621929162065
72775,0,97000.0,PhD,M,3,197896,HR,IC,0,IC,0,82709.4195275736,14290.580472426402
22716,0,278000.0,Master,M,3,134536,engineering,IC,0,IC,0,244073.52979870792,33926.470201292075
153404,1,123000.0,Master,F,6,51121,HR,IC,0,IC,0,96302.4906477283,26697.509352271707
12168,0,170000.0,Master,M,3,181886,sales,IC,0,IC,0,195369.80999597523,-25369.80999597523
54203,1,358000.0,Master,M,1,39417,engineering,IC,0,IC,0,250966.59465767271,107033.40534232729
181266,1,84000.0,Master,F,5,169833,HR,IC,0,IC,0,89778.6876682673,-5778.687668267303
170830,0,74000.0,Master,F,1,118506,HR,IC,0,IC,0,82364.56846565497,-8364.568465654971
165293,1,200000.0,Bachelor,M,2,123358,sales,IC,0,IC,0,198429.69040148894,1570.3095985110558
35057,0,298000.0,Bachelor,M,6,149135,engineering,IC,0,IC,0,252047.32944780047,45952.67055219953
1216,0,238000.0,Bachelor,F,4,130585,sales,IC,0,IC,0,199971.48280086013,38028.51719913987
40920,0,369000.0,Master,M,24,110464,marketing,VP,259,VP,259,306920.70588235295,62079.29411764705
186283,1,366000.0,High_School,M,3,132307,engineering,MM,13,MM,13,316615.328460039,49384.67153996101
54760,0,89000.0,High_School,F,1,164501,HR,IC,0,IC,0,84206.1973205254,4793.8026794745965
60003,0,76000.0,Bachelor,F,7,33665,HR,IC,0,IC,0,79025.13326882306,-3025.1332688230614
99722,0,267000.0,PhD,M,2,150722,marketing,IC,0,IC,0,198900.55025181093,68099.44974818907
112323,1,291000.0,PhD,M,4,69463,marketing,IC,0,IC,0,206647.66908106598,84352.33091893402
133745,0,166000.0,Master,M,3,191649,sales,IC,0,IC,0,195369.80999597523,-29369.80999597523
84045,0,360000.0,Bachelor,F,6,148984,sales,IC,0,IC,0,200771.57459589085,159228.42540410915
191514,1,91000.0,High_School,M,2,112302,engineering,IC,0,IC,0,231965.8322813009,-140965.8322813009
87500,0,76000.0,Bachelor,M,2,123358,sales,IC,0,IC,0,196776.30656462905,-120776.30656462905
911,1,323000.0,High_School,M,3,25934,engineering,IC,0,IC,0,246261.9865189567,76738.01348104331
5250,0,88000.0,PhD,F,3,754,HR,IC,0,IC,0,83843.8873054549,4156.112694545096
193369,1,125000.0,PhD,M,1,144928,sales,IC,0,IC,0,193940.69232599234,-68940.69232599234
69737,1,259000.0,Bachelor,F,4,144976,sales,IC,0,IC,0,205322.95392083208,53677.04607916792
186127,1,277000.0,Bachelor,M,1,120638,engineering,IC,0,IC,0,241459.58846692662,35540.41153307338
138483,1,204000.0,Bachelor,M,3,164547,sales,IC,0,IC,0,189257.1654400931,14742.834559906914
23531,0,118000.0,Master,F,1,51293,sales,IC,0,IC,0,177865.95495298997,-59865.95495298997
140092,1,360000.0,Master,M,2,176415,engineering,IC,0,IC,0,233296.97305636574,126703.02694363426
120945,0,216000.0,Master,F,7,79237,marketing,IC,0,IC,0,187756.81951955231,28243.180480447685
133858,0,103000.0,PhD,M,2,184512,engineering,MM,3,MM,3,256148.50235722942,-153148.50235722942
171810,0,267000.0,High_School,M,5,141079,engineering,IC,0,IC,0,243781.76916131607,23218.23083868393
190578,0,80000.0,Master,M,2,4384,HR,IC,0,IC,0,75830.80845334244,4169.191546657559
80462,0,290000.0,PhD,M,2,165668,engineering,IC,0,IC,0,239738.82647541008,50261.17352458992
37730,0,154000.0,High_School,M,1,165717,sales,IC,0,IC,0,186739.580228817,-32739.58022881701
100584,1,309000.0,High_School,M,5,198875,engineering,IC,0,IC,0,236496.90072376418,72503.09927623582
191305,0,296000.0,Master,M,5,7255,engineering,IC,0,IC,0,241342.61319268073,54657.38680731927
98402,0,80000.0,PhD,F,3,97422,HR,IC,0,IC,0,83843.8873054549,-3843.887305454904
159730,0,287000.0,Bachelor,F,5,76073,engineering,IC,0,IC,0,263857.73149032274,23142.268509677262
183316,1,139000.0,Bachelor,F,4,174800,marketing,IC,0,IC,0,207278.65164912542,-68278.65164912542
90901,1,135000.0,Master,M,7,137369,sales,IC,0,IC,0,193928.9754311605,-58928.97543116051
37921,1,164000.0,Bachelor,M,3,102043,marketing,IC,0,IC,0,188192.39140789176,-24192.39140789176
123785,0,69000.0,Master,F,1,32572,marketing,IC,0,IC,0,191328.91733028728,-122328.91733028728
61966,0,218000.0,Bachelor,M,1,169271,marketing,IC,0,IC,0,195298.98660263894,22701.013397361065
45473,0,289000.0,Master,F,4,168951,sales,IC,0,IC,0,198453.75863186418,90546.24136813582
168620,0,207000.0,Bachelor,M,4,80128,sales,IC,0,IC,0,193264.55968086384,13735.440319136163
20891,1,282000.0,Master,M,3,73034,engineering,IC,0,IC,0,243469.85093906373,38530.149060936266
148007,0,61000.0,Master,M,6,168942,HR,IC,0,IC,0,79333.42563341424,-18333.42563341424
11732,0,379000.0,Bachelor,M,1,146404,marketing,IC,0,IC,0,195298.98660263894,183701.01339736106
66692,0,154000.0,PhD,M,5,66090,sales,MM,5,MM,5,193253.35788544436,-39253.35788544436
98210,0,61000.0,PhD,F,3,27718,HR,IC,0,IC,0,83843.8873054549,-22843.887305454904
152732,0,228000.0,Bachelor,F,3,123387,sales,IC,0,IC,0,194461.09812463698,33538.90187536302
47686,0,125000.0,Bachelor,F,5,186086,engineering,IC,0,IC,0,263857.73149032274,-138857.73149032274
131562,1,167000.0,Bachelor,F,4,94030,sales,IC,0,IC,0,205322.95392083208,-38322.95392083208
74649,1,81000.0,Master,M,2,189890,engineering,IC,0,IC,0,233296.97305636574,-152296.97305636574
70771,0,61000.0,Master,M,2,196490,HR,IC,0,IC,0,75830.80845334244,-14830.80845334244
87786,1,212000.0,PhD,M,8,4394,marketing,IC,0,IC,0,188390.54817602885,23609.451823971147
87847,1,84000.0,PhD,M,5,91117,sales,MM,10,MM,10,175659.64061318967,-91659.64061318967
95279,0,286000.0,High_School,M,5,196058,marketing,IC,0,IC,0,190498.8311588766,95501.1688411234
168159,1,173000.0,Master,F,3,162035,sales,IC,0,IC,0,192638.1102185486,-19638.110218548594
180475,1,333000.0,PhD,M,4,133927,engineering,IC,0,IC,0,236378.21786726158,96621.78213273842
121833,0,99000.0,Master,F,5,51121,HR,IC,0,IC,0,83499.17048362638,15500.829516373618
36528,0,86000.0,Bachelor,M,4,132026,marketing,IC,0,IC,0,192298.8865953424,-106298.8865953424
169711,0,279000.0,Bachelor,M,3,169231,sales,IC,0,IC,0,194528.5959929,84471.4040071
100930,0,212000.0,Master,M,2,81860,engineering,IC,0,IC,0,225404.836709512,-13404.83670951199
144480,0,283000.0,Master,M,3,23120,marketing,IC,0,IC,0,195418.4685635701,87581.53143642991
183475,0,224000.0,High_School,M,3,113566,engineering,IC,0,IC,0,251988.4772456092,-27988.47724560919
145461,1,115000.0,Master,F,2,154891,engineering,IC,0,IC,0,253356.57931868994,-138356.57931868994
165266,0,89000.0,Bachelor,M,5,185285,HR,IC,0,IC,0,83388.6198347678,5611.3801652322
151958,0,90000.0,Master,F,6,64858,HR,IC,0,IC,0,86673.97573048914,3326.024269510861
114821,0,353000.0,Bachelor,M,2,148236,sales,IC,0,IC,0,196776.30656462905,156223.69343537095
33336,0,213000.0,High_School,M,3,45803,sales,IC,0,IC,0,193926.29331709526,19073.70668290474
192962,1,344000.0,PhD,M,3,81111,engineering,IC,0,IC,0,246707.47890110445,97292.52109889555
168312,1,277000.0,Bachelor,M,3,16785,engineering,IC,0,IC,0,238207.9962027491,38792.00379725089
143664,0,271000.0,High_School,F,2,190065,marketing,IC,0,IC,0,191544.59382960657,79455.40617039343
169959,0,185000.0,High_School,M,1,76641,engineering,IC,0,IC,0,231847.76096461926,-46847.76096461926
23677,0,284000.0,PhD,M,2,26505,marketing,IC,0,IC,0,198900.55025181093,85099.44974818907
45535,1,262000.0,High_School,F,2,41335,engineering,IC,0,IC,0,174840.34102302935,87159.65897697065
119231,0,106000.0,PhD,F,10,165426,HR,MM,10,MM,10,91397.27489030302,14602.725109696985
190595,0,90000.0,PhD,M,3,97422,HR,IC,0,IC,0,82709.4195275736,7290.580472426402
64862,0,91000.0,Bachelor,M,1,112245,sales,IC,0,IC,0,179465.38885958475,-88465.38885958475
162450,0,61000.0,Bachelor,M,7,53826,HR,IC,0,IC,0,78143.12642095941,-17143.12642095941
123427,0,223000.0,High_School,M,2,8663,sales,IC,0,IC,0,195986.4498613001,27013.55013869991
20533,0,191000.0,High_School,M,1,194078,marketing,IC,0,IC,0,181617.3790151326,9382.62098486739
153255,1,365000.0,PhD,F,7,134536,engineering,IC,0,IC,0,264585.38292714587,100414.61707285413
124290,0,308000.0,High_School,M,4,30749,engineering,IC,0,IC,0,250920.8991168643,57079.10088313569
46479,0,187000.0,PhD,F,6,157931,engineering,IC,0,IC,0,250524.0699823515,-63524.0699823515
52567,0,192000.0,Bachelor,F,1,160511,marketing,IC,0,IC,0,216750.62192916207,-24750.621929162065
64802,1,157000.0,PhD,F,2,779,marketing,IC,0,IC,0,178705.9724548009,-21705.97245480091
198978,0,236000.0,Master,F,3,79735,engineering,IC,0,IC,0,238133.50270656022,-2133.502706560219
10289,1,190000.0,Bachelor,M,1,140061,sales,IC,0,IC,0,180018.0883550749,9981.911644925101
63387,0,256000.0,High_School,M,2,170922,sales,IC,0,IC,0,195986.4498613001,60013.55013869991
195165,0,178000.0,PhD,F,8,113589,engineering,MM,13,MM,13,218859.27049871872,-40859.27049871872
116119,0,302000.0,PhD,F,13,125912,marketing,MM,9,MM,9,219233.04968893525,82766.95031106475
106595,0,92000.0,PhD,M,3,90237,sales,IC,0,IC,0,197202.7515403313,-105202.75154033129
104735,0,343000.0,Bachelor,M,7,131525,sales,IC,0,IC,0,194389.89332323067,148610.10667676933
158777,0,76000.0,Bachelor,F,9,71532,marketing,MM,18,MM,18,147117.96583852696,-71117.96583852696
141381,0,116000.0,Bachelor,M,3,51121,HR,IC,0,IC,0,77553.46065381975,38446.539346180245
126117,1,318000.0,Master,M,3,68532,engineering,IC,0,IC,0,243469.85093906373,74530.14906093627
164081,0,141000.0,Master,M,6,132360,sales,IC,0,IC,0,192430.58157034806,-51430.58157034806
52124,1,302000.0,Bachelor,M,9,11275,marketing,IC,0,IC,0,220207.77528004505,81792.22471995495
86494,0,77000.0,PhD,M,3,112302,engineering,IC,0,IC,0,244594.82101961187,-167594.82101961187
60413,1,309000.0,High_School,M,6,91002,marketing,IC,0,IC,0,177651.04742009717,131348.95257990283
139877,0,326000.0,Master,M,5,123358,sales,IC,0,IC,0,196414.1583420818,129585.84165791821
65292,1,68000.0,High_School,M,4,189890,engineering,IC,0,IC,0,265464.78858191444,-197464.78858191444
171251,1,93000.0,Bachelor,M,2,94447,HR,IC,0,IC,0,85581.02322718076,7418.976772819238
91117,0,248000.0,Master,M,17,34051,sales,D,47,D,47,232007.33698199358,15992.663018006424
127834,0,93000.0,Bachelor,F,4,80043,HR,IC,0,IC,0,86004.53677464435,6995.463225355648
86345,0,259000.0,Master,M,4,76641,engineering,IC,0,IC,0,241830.84919374806,17169.150806251942
77091,0,327000.0,Master,M,3,73106,engineering,IC,0,IC,0,244073.52979870792,82926.47020129208
45374,0,214000.0,Bachelor,M,1,7349,marketing,IC,0,IC,0,195298.98660263894,18701.013397361065
21693,0,85000.0,PhD,M,4,46178,engineering,IC,0,IC,0,241182.17333249372,-156182.17333249372
146510,0,87000.0,High_School,M,3,179459,marketing,IC,0,IC,0,196140.8951932918,-109140.8951932918
60205,0,323000.0,Bachelor,M,5,90065,engineering,IC,0,IC,0,237543.49587850232,85456.50412149768
153732,0,76000.0,PhD,M,1,4384,HR,IC,0,IC,0,77565.84484314994,-1565.8448431499419
102003,0,63000.0,Master,M,3,129000,marketing,IC,0,IC,0,195418.4685635701,-132418.4685635701
151098,0,105000.0,Bachelor,F,2,7095,HR,IC,0,IC,0,86599.55002878579,18400.449971214213
22595,0,179000.0,Master,F,5,144401,sales,IC,0,IC,0,199991.97931669242,-20991.97931669242
14563,0,188000.0,Master,F,5,8711,marketing,IC,0,IC,0,195556.18676362679,-7556.186763626785
92765,0,278000.0,PhD,M,6,42270,engineering,MM,10,MM,10,244989.04673599926,33010.95326400074
72346,1,82000.0,PhD,M,1,77766,marketing,IC,0,IC,0,198010.52881550777,-116010.52881550777
21082,1,116000.0,High_School,F,1,147016,sales,IC,0,IC,0,175018.73009809814,-59018.73009809814
52586,0,259000.0,PhD,M,1,196058,marketing,IC,0,IC,0,195577.15476246577,63422.84523753423
49784,1,217000.0,High_School,M,2,187053,engineering,IC,0,IC,0,231965.8322813009,-14965.832281300914
87929,0,99000.0,Bachelor,M,13,2308,sales,MM,20,MM,20,155632.26859839176,-56632.26859839176
123129,0,159000.0,Bachelor,M,2,127266,marketing,IC,0,IC,0,196739.27564649528,-37739.27564649528
112786,1,168000.0,High_School,M,4,153412,marketing,IC,0,IC,0,183760.25765752327,-15760.257657523267
14470,0,69000.0,High_School,M,11,191418,sales,MM,12,MM,12,133646.24012995692,-64646.24012995692
162063,1,90000.0,Bachelor,M,1,159098,engineering,IC,0,IC,0,241459.58846692662,-151459.58846692662
43011,1,122000.0,Bachelor,M,1,8856,marketing,IC,0,IC,0,169925.83131011992,-47925.83131011992
65305,0,306000.0,Bachelor,M,5,132187,engineering,IC,0,IC,0,237543.49587850232,68456.50412149768
59766,0,85000.0,PhD,M,1,64087,HR,IC,0,IC,0,77565.84484314994,7434.155156850058
107838,1,316000.0,Bachelor,F,3,99139,sales,IC,0,IC,0,194975.3755380346,121024.6244619654
36890,1,238000.0,High_School,F,7,128966,sales,IC,0,IC,0,191511.5717274521,46488.4282725479
153655,0,81000.0,PhD,F,9,184236,HR,IC,0,IC,0,76268.39358347576,4731.606416524242
111054,1,223000.0,PhD,M,3,112302,engineering,IC,0,IC,0,246707.47890110445,-23707.47890110445
125860,1,108000.0,Master,M,3,182116,sales,IC,0,IC,0,188351.1977603531,-80351.1977603531
188492,0,330000.0,Master,M,1,127275,engineering,IC,0,IC,0,253167.61103592915,76832.38896407085
7323,0,217000.0,Master,F,1,67151,engineering,IC,0,IC,0,251201.8322477962,-34201.83224779621
64025,0,364000.0,High_School,M,2,62043,engineering,IC,0,IC,0,226878.35789292358,137121.64210707642
76239,0,242000.0,Master,F,3,150408,engineering,IC,0,IC,0,238133.50270656022,3866.497293439781
160856,1,262000.0,Master,M,5,94030,sales,IC,0,IC,0,193689.60735178352,68310.39264821648
28037,1,274000.0,Master,F,2,132683,engineering,IC,0,IC,0,253356.57931868994,20643.42068131006
135101,0,241000.0,High_School,M,1,91002,marketing,IC,0,IC,0,181617.3790151326,59382.62098486739
74097,0,258000.0,Bachelor,M,1,9239,sales,IC,0,IC,0,179465.38885958475,78534.61114041525
151279,0,198000.0,PhD,M,3,132026,marketing,IC,0,IC,0,204409.410789578,-6409.410789577989
129000,0,295000.0,Master,F,14,6027,marketing,MM,8,MM,8,247160.04613499148,47839.953865008516
154231,0,313000.0,Bachelor,M,2,115349,sales,IC,0,IC,0,196776.30656462905,116223.69343537095
196660,0,238000.0,High_School,M,14,94454,sales,MM,10,MM,10,239736.5832951685,-1736.5832951685006
125056,0,220000.0,Master,M,2,7212,marketing,IC,0,IC,0,189747.8553120937,30252.144687906286
56188,0,89000.0,Bachelor,F,6,102632,marketing,IC,0,IC,0,191347.17958827774,-102347.17958827774
80728,1,231000.0,PhD,M,7,39726,engineering,MM,9,MM,9,234122.65343957458,-3122.653439574584
111317,0,105000.0,Bachelor,F,3,125114,HR,IC,0,IC,0,83591.34611794354,21408.65388205646
171536,1,255000.0,PhD,F,2,179569,sales,IC,0,IC,0,186910.43460369,68089.56539631
35379,0,203000.0,Bachelor,M,2,187183,marketing,IC,0,IC,0,196739.27564649528,6260.724353504716
189124,1,195000.0,Bachelor,M,1,29410,engineering,IC,0,IC,0,241459.58846692662,-46459.58846692662
118769,0,198000.0,Bachelor,F,9,119832,engineering,MM,14,MM,14,296769.20456047566,-98769.20456047566
126636,0,75000.0,PhD,M,5,51121,HR,IC,0,IC,0,82276.80041619591,-7276.800416195911
43748,0,322000.0,PhD,F,5,128511,engineering,IC,0,IC,0,253630.17097182493,68369.82902817507
43704,1,96000.0,Bachelor,M,2,39785,HR,MM,8,MM,8,85954.86424149325,10045.135758506745
113287,1,193000.0,Master,F,3,137776,engineering,IC,0,IC,0,245150.29004286497,-52150.290042864974
34247,0,279000.0,PhD,M,7,78215,sales,IC,0,IC,0,195867.84805352206,83132.15194647794
98372,0,177000.0,Master,M,7,66453,engineering,IC,0,IC,0,239867.33568426527,-62867.33568426527
178356,0,286000.0,Bachelor,F,2,103981,marketing,IC,0,IC,0,195854.82935350726,90145.17064649274
102068,0,177000.0,Bachelor,M,5,52796,sales,IC,0,IC,0,195038.08580704563,-18038.08580704563
27272,0,275000.0,Bachelor,F,1,59939,marketing,IC,0,IC,0,216750.62192916207,58249.378070837935
132307,0,203000.0,Bachelor,F,11,185673,engineering,D,51,D,51,241580.2753831418,-38580.275383141794
185578,0,338000.0,Bachelor,F,7,154170,engineering,IC,0,IC,0,231671.65697249785,106328.34302750215
15156,0,156000.0,PhD,F,2,73649,sales,IC,0,IC,0,202419.4707253329,-46419.47072533291
85321,0,333000.0,Master,M,5,127769,engineering,IC,0,IC,0,241342.61319268073,91657.38680731927
1205,0,112000.0,Master,M,3,70819,engineering,IC,0,IC,0,244073.52979870792,-132073.52979870792
105960,0,61000.0,Bachelor,M,5,172541,HR,IC,0,IC,0,83388.6198347678,-22388.6198347678
87733,0,136000.0,Bachelor,M,2,198366,sales,MM,14,MM,14,162896.52831129648,-26896.528311296483
24164,0,200000.0,Bachelor,F,3,34977,sales,IC,0,IC,0,194461.09812463698,5538.901875363023
11275,0,119000.0,Master,M,12,87344,marketing,MM,14,MM,14,204072.80996318703,-85072.80996318703
112302,0,133000.0,Bachelor,F,10,71595,engineering,MM,10,MM,10,281061.50255081174,-148061.50255081174
71424,1,115000.0,Master,M,3,16510,sales,IC,0,IC,0,188351.1977603531,-73351.1977603531
70460,0,60000.0,Bachelor,F,3,118506,HR,IC,0,IC,0,83591.34611794354,-23591.34611794354
72230,0,277000.0,PhD,M,5,84828,engineering,IC,0,IC,0,243058.35787352896,33941.64212647104
65847,1,170000.0,Master,M,7,43420,sales,IC,0,IC,0,193928.9754311605,-23928.975431160507
41970,0,262000.0,Bachelor,M,2,136313,engineering,IC,0,IC,0,238810.46474319053,23189.535256809468
101841,0,171000.0,High_School,F,2,168951,sales,IC,0,IC,0,189874.31344501488,-18874.31344501488
151566,0,115000.0,Master,M,2,131620,sales,IC,0,IC,0,196044.60399481485,-81044.60399481485
161246,0,89000.0,Master,F,6,139278,HR,IC,0,IC,0,86673.97573048914,2326.024269510861
137031,0,76000.0,Bachelor,M,3,151696,HR,IC,0,IC,0,77553.46065381975,-1553.460653819755
134659,1,201000.0,Master,M,3,198403,sales,IC,0,IC,0,188351.1977603531,12648.802239646902
39771,0,309000.0,PhD,M,1,193763,engineering,IC,0,IC,0,245381.45541854406,63618.544581455935
32572,0,129000.0,PhD,F,3,125912,marketing,MM,10,MM,10,201722.93880626562,-72722.93880626562
161195,1,169000.0,PhD,M,4,79934,engineering,IC,0,IC,0,236378.21786726158,-67378.21786726158
101819,0,384000.0,Master,M,9,87379,engineering,MM,14,MM,14,289047.4647013235,94952.53529867652
40475,1,237000.0,PhD,M,20,56068,sales,D,21,D,21,222549.90768101416,14450.092318985844
195709,1,311000.0,PhD,M,3,113618,marketing,IC,0,IC,0,184507.95041214005,126492.04958785995
143620,0,136000.0,High_School,F,4,128966,sales,IC,0,IC,0,198949.1492696776,-62949.14926967761
132846,1,111000.0,Bachelor,M,1,103421,engineering,IC,0,IC,0,241459.58846692662,-130459.58846692662
173370,0,147000.0,Master,F,1,180854,sales,IC,0,IC,0,177865.95495298997,-30865.954952989967
87072,0,101000.0,Bachelor,F,3,43937,HR,IC,0,IC,0,83591.34611794354,17408.65388205646
67187,1,157000.0,High_School,M,3,5743,sales,IC,0,IC,0,184716.40600900303,-27716.406009003025
55169,1,315000.0,Bachelor,M,1,71130,engineering,IC,0,IC,0,241459.58846692662,73540.41153307338
15040,0,80000.0,Master,F,1,252,HR,IC,0,IC,0,82364.56846565497,-2364.568465654971
71129,1,226000.0,PhD,M,2,191649,sales,IC,0,IC,0,191180.20114872733,34819.79885127267
8113,0,66000.0,PhD,F,2,43937,HR,IC,0,IC,0,81889.77770686249,-15889.777706862486
61811,0,305000.0,PhD,F,2,78493,sales,MM,17,MM,17,245692.82565923582,59307.17434076418
58737,1,308000.0,PhD,M,3,84828,engineering,IC,0,IC,0,246707.47890110445,61292.52109889555
72094,0,213000.0,High_School,M,7,79193,sales,IC,0,IC,0,187723.0207662197,25276.979233780294
77364,0,62000.0,PhD,M,2,164501,HR,IC,0,IC,0,76157.36192109241,-14157.361921092408
59265,0,320000.0,Master,M,4,184998,sales,IC,0,IC,0,194695.32052053208,125304.67947946792
170204,0,74000.0,PhD,F,1,64087,HR,IC,0,IC,0,87076.16641899414,-13076.166418994137
9597,0,160000.0,Master,M,1,98520,marketing,IC,0,IC,0,195691.75019170734,-35691.75019170734
51225,0,216000.0,Master,M,6,111974,engineering,IC,0,IC,0,250298.06490293815,-34298.064902938146
195578,0,267000.0,PhD,M,7,189222,engineering,IC,0,IC,0,243957.16219824034,23042.837801759655
147005,0,388000.0,Master,M,3,73034,engineering,IC,0,IC,0,244073.52979870792,143926.47020129208
128372,0,303000.0,PhD,M,3,149135,engineering,IC,0,IC,0,244594.82101961187,58405.178980388126
129185,0,63000.0,PhD,M,2,181787,marketing,IC,0,IC,0,198900.55025181093,-135900.55025181093
55763,0,195000.0,High_School,M,5,52796,sales,IC,0,IC,0,190414.06772590298,4585.932274097024
62456,0,184000.0,Bachelor,F,3,37124,sales,IC,0,IC,0,194461.09812463698,-10461.098124636977
62143,1,78000.0,Master,M,3,102712,sales,IC,0,IC,0,188351.1977603531,-110351.1977603531
115402,0,283000.0,Bachelor,M,3,73034,engineering,IC,0,IC,0,244492.12806626968,38507.87193373032
99593,1,117000.0,High_School,F,1,172250,marketing,IC,0,IC,0,152342.72348095477,-35342.723480954766
7481,0,85000.0,Bachelor,M,6,64858,HR,IC,0,IC,0,82309.25309772248,2690.7469022775185
127586,0,222000.0,High_School,F,3,113245,sales,IC,0,IC,0,191417.9608666185,30582.039133381506
151730,1,316000.0,High_School,M,2,52525,engineering,IC,0,IC,0,231965.8322813009,84034.16771869909
136195,0,288000.0,Master,F,4,190060,sales,IC,0,IC,0,198453.75863186418,89546.24136813582
37375,0,133000.0,High_School,M,4,98520,marketing,IC,0,IC,0,195051.7370391725,-62051.7370391725
21942,0,84000.0,Bachelor,F,4,27018,HR,IC,0,IC,0,86004.53677464435,-2004.5367746443517
74606,0,162000.0,Bachelor,M,3,87929,sales,IC,0,IC,0,194528.5959929,-32528.595992899995
38760,1,230000.0,PhD,M,3,154170,engineering,IC,0,IC,0,246707.47890110445,-16707.47890110445
75979,0,246000.0,Master,M,3,19424,engineering,IC,0,IC,0,244073.52979870792,1926.4702012920752
163975,1,118000.0,Master,M,4,111974,engineering,IC,0,IC,0,235272.1286071889,-117272.1286071889
163651,0,191000.0,Bachelor,M,4,190065,marketing,IC,0,IC,0,192298.8865953424,-1298.8865953423956
1780,1,134000.0,PhD,F,3,179212,marketing,IC,0,IC,0,185493.86852960358,-51493.868529603584
172328,0,105000.0,Bachelor,M,1,64087,HR,IC,0,IC,0,85222.58767315086,19777.41232684914
56667,0,158000.0,High_School,F,2,150408,engineering,IC,0,IC,0,249980.76471078486,-91980.76471078486
19210,1,129000.0,PhD,M,3,26183,sales,IC,0,IC,0,182782.6484747099,-53782.64847470989
158730,1,63000.0,Bachelor,F,1,88370,HR,IC,0,IC,0,76312.6750285779,-13312.675028577898
30874,1,265000.0,Bachelor,M,2,150300,marketing,IC,0,IC,0,188339.52808760988,76660.47191239012
10287,1,388000.0,Bachelor,F,9,55481,engineering,IC,0,IC,0,323291.4656307411,64708.53436925891
163846,0,61000.0,High_School,M,4,181781,HR,IC,0,IC,0,87030.10157120656,-26030.101571206556
42880,0,352000.0,Bachelor,M,1,1651,engineering,IC,0,IC,0,253447.42674818967,98552.57325181033
3552,1,82000.0,Master,M,2,160261,marketing,IC,0,IC,0,179191.36560797412,-97191.36560797412
179929,1,141000.0,Bachelor,M,11,114472,sales,MM,10,MM,10,197227.9265106254,-56227.9265106254
17285,0,192000.0,PhD,M,2,193518,sales,IC,0,IC,0,201356.5442201449,-9356.54422014489
192109,0,92000.0,High_School,M,7,102712,sales,IC,0,IC,0,187723.0207662197,-95723.0207662197
91002,1,276000.0,High_School,M,11,24489,marketing,MM,16,MM,16,232202.5531450917,43797.44685490831
22993,1,114000.0,High_School,M,1,70819,engineering,IC,0,IC,0,201743.7749494076,-87743.77494940761
28623,0,64000.0,Bachelor,F,1,51923,HR,IC,0,IC,0,77771.4712925606,-13771.4712925606
73489,0,80000.0,Bachelor,M,5,198366,sales,MM,11,MM,11,192537.22568236827,-112537.22568236827
33715,1,242000.0,PhD,F,3,92765,engineering,IC,0,IC,0,266408.7034972524,-24408.703497252427
26541,0,231000.0,High_School,F,4,198531,sales,IC,0,IC,0,198949.1492696776,32050.85073032239
138178,0,64000.0,PhD,F,2,9400,HR,IC,0,IC,0,81889.77770686249,-17889.777706862486
168797,1,229000.0,PhD,M,6,6027,marketing,MM,13,MM,13,213346.13748779902,15653.862512200983
123202,1,249000.0,High_School,M,5,143317,sales,IC,0,IC,0,196471.22445234368,52528.77554765632
169909,0,97000.0,PhD,M,6,10922,sales,IC,0,IC,0,194022.9025924341,-97022.90259243411
59515,1,112000.0,PhD,M,2,63832,marketing,IC,0,IC,0,180493.22465190728,-68493.22465190728
20935,0,213000.0,Master,M,3,179569,sales,IC,0,IC,0,195369.80999597523,17630.19000402477
37434,0,205000.0,Master,M,8,171907,sales,MM,14,MM,14,189791.07957647403,15208.920423525968
28135,0,146000.0,Master,M,4,127544,sales,IC,0,IC,0,194695.32052053208,-48695.320520532085
46220,1,150000.0,High_School,M,3,61038,sales,IC,0,IC,0,184716.40600900303,-34716.406009003025
9987,0,94000.0,PhD,M,1,4394,marketing,IC,0,IC,0,195577.15476246577,-101577.15476246577
4500,0,116000.0,Master,F,3,60373,marketing,IC,0,IC,0,191708.4988256018,-75708.4988256018
78225,1,183000.0,PhD,F,2,11275,marketing,IC,0,IC,0,178705.9724548009,4294.027545199089
51757,0,67000.0,Master,F,5,127769,engineering,IC,0,IC,0,237036.2608257125,-170036.2608257125
84032,1,69000.0,Master,M,4,90834,sales,IC,0,IC,0,193172.76047413386,-124172.76047413386
31418,0,363000.0,PhD,M,3,133420,sales,IC,0,IC,0,197202.7515403313,165797.2484596687
148382,0,100000.0,Bachelor,M,7,178797,sales,IC,0,IC,0,194389.89332323067,-94389.89332323067
105941,0,194000.0,High_School,M,3,134944,sales,IC,0,IC,0,193926.29331709526,73.70668290473986
178817,0,125000.0,Bachelor,M,2,191649,sales,IC,0,IC,0,196776.30656462905,-71776.30656462905
181310,0,194000.0,PhD,M,6,139032,sales,D,42,D,42,209296.80931411733,-15296.80931411733
60127,0,68000.0,Master,M,1,150189,HR,IC,0,IC,0,77429.4837578407,-9429.483757840702
80029,0,347000.0,PhD,F,7,57938,engineering,IC,0,IC,0,276247.6199559844,70752.38004401559
56960,0,232000.0,High_School,F,4,8856,marketing,IC,0,IC,0,201724.40649176008,30275.593508239923
8260,0,247000.0,Bachelor,M,4,84193,marketing,IC,0,IC,0,192298.8865953424,54701.113404657604
70036,1,237000.0,PhD,M,7,175361,sales,IC,0,IC,0,197845.63862374052,39154.361376259476
13175,0,366000.0,High_School,F,1,137776,engineering,IC,0,IC,0,256554.63123786892,109445.36876213108
29656,0,94000.0,Bachelor,M,1,123358,sales,IC,0,IC,0,179465.38885958475,-85465.38885958475
85190,0,341000.0,PhD,M,2,136147,sales,IC,0,IC,0,201356.5442201449,139643.4557798551
113474,0,145000.0,PhD,F,3,198648,marketing,IC,0,IC,0,211839.30129742634,-66839.30129742634
34068,1,164000.0,High_School,F,1,90639,marketing,IC,0,IC,0,152342.72348095477,11657.276519045234
92409,0,224000.0,PhD,F,3,73846,sales,IC,0,IC,0,195546.71190949707,28453.28809050293
58215,0,322000.0,PhD,M,3,87929,sales,IC,0,IC,0,197202.7515403313,124797.24845966871
59363,1,82000.0,PhD,F,3,94447,HR,IC,0,IC,0,76930.77304190416,5069.226958095838
19085,1,89000.0,PhD,M,6,64087,HR,IC,0,IC,0,86335.15465835464,2664.845341645356
155528,1,104000.0,Master,F,1,192369,sales,IC,0,IC,0,162567.59691448012,-58567.59691448012
164637,0,247000.0,Bachelor,M,4,73893,sales,IC,0,IC,0,193264.55968086384,53735.44031913616
59534,0,203000.0,Master,M,5,134048,sales,IC,0,IC,0,196414.1583420818,6585.8416579182085
29489,0,77000.0,Master,M,3,11507,HR,IC,0,IC,0,81611.19715433878,-4611.197154338777
104934,0,207000.0,Bachelor,M,5,191454,marketing,IC,0,IC,0,192321.90017747923,14678.099822520773
197520,0,207000.0,High_School,M,1,98967,marketing,IC,0,IC,0,181617.3790151326,25382.62098486739
63732,0,181000.0,Master,M,1,64452,sales,IC,0,IC,0,198051.2011472294,-17051.20114722941
107396,0,96000.0,Bachelor,F,3,146111,HR,IC,0,IC,0,83591.34611794354,12408.65388205646
146806,0,91000.0,PhD,M,4,189742,HR,IC,0,IC,0,86837.11909178048,4162.880908219522
15795,0,173000.0,Master,M,4,55858,engineering,IC,0,IC,0,241830.84919374806,-68830.84919374806
12301,1,197000.0,Master,M,1,192145,sales,IC,0,IC,0,194883.36343501264,2116.6365649873624
139907,1,64000.0,High_School,M,4,5889,HR,IC,0,IC,0,77914.80815479283,-13914.80815479283
132026,0,121000.0,Master,M,6,167223,marketing,MM,12,MM,12,228880.8651750998,-107880.86517509981
58227,1,317000.0,PhD,F,5,158056,engineering,IC,0,IC,0,235619.31312139722,81380.68687860278
77381,1,364000.0,Bachelor,F,2,189222,engineering,IC,0,IC,0,209125.3162083094,154874.6837916906
93646,0,194000.0,Master,M,2,102102,sales,IC,0,IC,0,196044.60399481485,-2044.6039948148536
53577,0,61000.0,High_School,M,8,12214,sales,IC,0,IC,0,166056.7556451473,-105056.75564514729
47472,0,304000.0,Master,M,4,7558,engineering,MM,13,MM,13,287568.21037622576,16431.78962377424
53,1,175000.0,Master,M,6,170076,engineering,IC,0,IC,0,229476.66225561104,-54476.66225561104
4472,0,144000.0,Bachelor,M,3,159906,sales,IC,0,IC,0,194528.5959929,-50528.595992899995
25479,0,179000.0,Master,M,2,75242,engineering,IC,0,IC,0,225404.836709512,-46404.83670951199
73468,0,208000.0,High_School,F,6,20901,engineering,IC,0,IC,0,253652.59672279534,-45652.59672279534
94773,1,67000.0,Bachelor,F,1,178147,HR,IC,0,IC,0,76312.6750285779,-9312.675028577898
163589,0,170000.0,Bachelor,M,2,61811,sales,IC,0,IC,0,196776.30656462905,-26776.30656462905
26208,1,121000.0,PhD,M,2,182028,engineering,IC,0,IC,0,237027.23882378358,-116027.23882378358
34426,0,233000.0,Bachelor,F,1,166591,sales,IC,0,IC,0,190803.3928173758,42196.6071826242
152986,1,90000.0,PhD,F,2,172321,sales,IC,0,IC,0,186910.43460369,-96910.43460369
88051,0,235000.0,PhD,M,4,170076,engineering,IC,0,IC,0,241182.17333249372,-6182.173332493723
23099,0,199000.0,Bachelor,F,2,85791,sales,IC,0,IC,0,190325.4138625573,8674.586137442704
138798,0,101000.0,Master,F,1,123258,marketing,IC,0,IC,0,191328.91733028728,-90328.91733028728
85770,1,333000.0,Bachelor,M,1,182116,sales,IC,0,IC,0,180018.0883550749,152981.9116449251
67248,0,78000.0,Master,F,1,169849,HR,IC,0,IC,0,82364.56846565497,-4364.568465654971
193134,1,196000.0,Bachelor,F,2,87733,sales,IC,0,IC,0,192222.09002881806,3777.9099711819435
50665,0,204000.0,Master,M,3,71889,HR,D,39,D,39,112085.61355311355,91914.38644688645
186963,0,281000.0,PhD,F,5,55476,marketing,IC,0,IC,0,207892.75710233356,73107.24289766644
131788,0,268000.0,High_School,M,3,190778,marketing,IC,0,IC,0,196140.8951932918,71859.1048067082
87891,1,240000.0,PhD,M,4,11275,marketing,IC,0,IC,0,206647.66908106598,33352.33091893402
1832,0,131000.0,Master,M,1,100373,HR,IC,0,IC,0,77429.4837578407,53570.5162421593
171270,1,264000.0,High_School,F,5,138948,marketing,IC,0,IC,0,190859.94475447174,73140.05524552826
120552,0,271000.0,Master,M,1,183045,engineering,IC,0,IC,0,253167.61103592915,17832.38896407085
70042,0,256000.0,Master,M,2,168342,engineering,IC,0,IC,0,225404.836709512,30595.16329048801
106818,0,355000.0,PhD,F,3,190566,marketing,IC,0,IC,0,211839.30129742634,143160.69870257366
93459,0,83000.0,High_School,F,6,100373,HR,IC,0,IC,0,85934.09298729662,-2934.0929872966226
127623,1,91000.0,High_School,M,3,72243,engineering,MM,10,MM,10,142708.4715012642,-51708.4715012642
85219,0,100000.0,Master,M,4,81421,HR,IC,0,IC,0,85034.65160610934,14965.348393890657
31694,0,158000.0,PhD,M,2,186086,engineering,IC,0,IC,0,239738.82647541008,-81738.82647541008
157703,1,250000.0,Master,F,2,5374,sales,IC,0,IC,0,198517.56692485747,51482.43307514253
66172,0,319000.0,Master,M,2,147715,sales,IC,0,IC,0,196044.60399481485,122955.39600518515
3833,1,253000.0,Master,M,3,190778,marketing,IC,0,IC,0,189367.86484762578,63632.13515237422
55374,1,392000.0,Bachelor,M,5,113124,sales,IC,0,IC,0,199879.9083933267,192120.0916066733
96486,0,202000.0,High_School,F,2,20901,engineering,IC,0,IC,0,249980.76471078486,-47980.76471078486
5687,0,180000.0,PhD,F,1,34134,sales,IC,0,IC,0,184864.59303542023,-4864.593035420228
98500,0,101000.0,Master,M,2,191351,marketing,IC,0,IC,0,189747.8553120937,-88747.85531209371
173241,0,272000.0,High_School,F,2,159098,engineering,IC,0,IC,0,249980.76471078486,22019.23528921514
29337,1,399000.0,Bachelor,F,3,15277,engineering,IC,0,IC,0,249465.5655649748,149534.4344350252
7255,1,118000.0,Bachelor,M,4,167482,engineering,MM,17,MM,17,202913.20084229566,-84913.20084229566
7106,0,268000.0,Master,F,4,54997,sales,IC,0,IC,0,198453.75863186418,69546.24136813582
74216,0,101000.0,High_School,M,4,197206,marketing,IC,0,IC,0,195051.7370391725,-94051.7370391725
154041,0,284000.0,Bachelor,M,15,11277,sales,VP,238,VP,238,269895.00865800865,14104.99134199135
199649,1,200000.0,Bachelor,M,3,92403,sales,IC,0,IC,0,189257.1654400931,10742.834559906914
6536,0,256000.0,PhD,M,4,162889,marketing,MM,13,MM,13,219333.43280484003,36666.567195159965
52714,0,255000.0,Master,M,1,41335,engineering,IC,0,IC,0,253167.61103592915,1832.3889640708512
99139,0,230000.0,PhD,M,4,3917,sales,MM,11,MM,11,185366.987188199,44633.01281180099
134503,0,146000.0,Bachelor,M,5,30749,engineering,IC,0,IC,0,237543.49587850232,-91543.49587850232
5086,0,212000.0,Master,F,1,78516,sales,IC,0,IC,0,177865.95495298997,34134.04504701003
41707,0,64000.0,Bachelor,M,2,146111,HR,IC,0,IC,0,83618.18616664072,-19618.18616664072
172279,0,108000.0,Master,F,6,102498,HR,IC,0,IC,0,86673.97573048914,21326.02426951086
49594,0,66000.0,Bachelor,M,1,39231,HR,IC,0,IC,0,85222.58767315086,-19222.58767315086
181237,0,300000.0,PhD,M,8,179212,marketing,IC,0,IC,0,206079.79151268277,93920.20848731723
46033,0,96000.0,Bachelor,M,1,34977,sales,IC,0,IC,0,179465.38885958475,-83465.38885958475
96359,1,96000.0,Master,M,1,142850,sales,IC,0,IC,0,194883.36343501264,-98883.36343501264
38165,0,90000.0,PhD,M,8,73254,HR,IC,0,IC,0,77217.56023676235,12782.43976323765
157811,0,146000.0,High_School,M,4,128065,engineering,IC,0,IC,0,250920.8991168643,-104920.89911686431
71222,0,353000.0,Master,M,2,87613,engineering,IC,0,IC,0,225404.836709512,127595.16329048801
137369,1,274000.0,Master,F,3,41945,sales,MM,10,MM,10,235358.12330788598,38641.87669211402
56904,0,207000.0,PhD,M,2,65883,marketing,IC,0,IC,0,198900.55025181093,8099.449748189072
197749,1,87000.0,Bachelor,F,2,191351,marketing,IC,0,IC,0,171278.59057555642,-84278.59057555642
71376,0,63000.0,High_School,F,4,71987,HR,IC,0,IC,0,77198.66979097077,-14198.669790970773
87280,1,153000.0,High_School,M,3,74264,marketing,IC,0,IC,0,191326.7881611632,-38326.78816116319
102043,0,189000.0,Bachelor,F,5,89053,marketing,MM,12,MM,12,230620.3567354801,-41620.356735480105
27875,0,183000.0,Master,M,1,94030,sales,IC,0,IC,0,198051.2011472294,-15051.20114722941
173485,0,334000.0,Bachelor,M,2,154292,engineering,IC,0,IC,0,238810.46474319053,95189.53525680947
90715,0,199000.0,High_School,F,2,26757,marketing,IC,0,IC,0,191544.59382960657,7455.406170393428
195457,0,212000.0,PhD,F,5,159906,sales,IC,0,IC,0,201521.88967796802,10478.110322031978
145844,1,184000.0,High_School,M,3,5374,sales,IC,0,IC,0,184716.40600900303,-716.4060090030252
98147,1,182000.0,PhD,M,1,199282,marketing,IC,0,IC,0,198010.52881550777,-16010.528815507772
22458,0,87000.0,High_School,M,3,194904,HR,IC,0,IC,0,86712.65576828775,287.34423171225353
130002,0,360000.0,Bachelor,M,7,119991,engineering,IC,0,IC,0,241492.8631037237,118507.1368962763
395,0,360000.0,PhD,M,1,7255,engineering,IC,0,IC,0,245381.45541854406,114618.54458145594
70424,1,182000.0,PhD,F,7,118329,sales,IC,0,IC,0,197975.7907995876,-15975.790799587587
8337,1,173000.0,High_School,F,2,16073,marketing,IC,0,IC,0,195142.62269212652,-22142.62269212652
175117,1,219000.0,PhD,M,1,102043,marketing,IC,0,IC,0,198010.52881550777,20989.471184492228
42239,1,245000.0,Bachelor,M,2,103014,engineering,IC,0,IC,0,242862.72183744767,2137.278162552335
184024,0,143000.0,Bachelor,M,2,180924,marketing,IC,0,IC,0,196739.27564649528,-53739.27564649528
159618,0,88000.0,Bachelor,M,8,184885,HR,IC,0,IC,0,77539.25640521076,10460.743594789237
150495,0,160000.0,High_School,M,5,59555,marketing,IC,0,IC,0,190498.8311588766,-30498.831158876594
35624,0,292000.0,Master,M,2,88936,sales,IC,0,IC,0,196044.60399481485,95955.39600518515
100675,0,124000.0,Bachelor,M,1,8711,marketing,IC,0,IC,0,195298.98660263894,-71298.98660263894
50459,1,69000.0,PhD,M,6,30488,marketing,IC,0,IC,0,194897.30397634246,-125897.30397634246
839,0,182000.0,Bachelor,F,2,37124,sales,IC,0,IC,0,190325.4138625573,-8325.413862557296
90445,1,156000.0,Bachelor,M,3,71115,engineering,IC,0,IC,0,238207.9962027491,-82207.99620274911
60675,0,332000.0,PhD,M,5,166928,engineering,IC,0,IC,0,243058.35787352896,88941.64212647104
166121,0,100000.0,PhD,F,3,742,HR,IC,0,IC,0,83843.8873054549,16156.112694545096
108555,1,185000.0,Bachelor,M,9,185976,engineering,IC,0,IC,0,268995.0987675698,-83995.09876756981
115641,1,178000.0,PhD,M,4,25805,sales,IC,0,IC,0,200154.16277634335,-22154.16277634335
41239,0,129000.0,Bachelor,F,6,29960,marketing,IC,0,IC,0,191347.17958827774,-62347.17958827774
197654,1,165000.0,Master,M,1,112302,engineering,IC,0,IC,0,250966.59465767271,-85966.59465767271
82858,1,199000.0,Bachelor,M,3,55476,marketing,IC,0,IC,0,188192.39140789176,10807.608592108241
154502,0,220000.0,Master,M,3,141079,engineering,IC,0,IC,0,244073.52979870792,-24073.529798707925
120381,1,262000.0,Master,M,6,164851,sales,MM,6,MM,6,205132.07378128901,56867.926218710985
83665,0,120000.0,Bachelor,M,4,175558,engineering,IC,0,IC,0,245313.12529643642,-125313.12529643642
29712,0,213000.0,PhD,F,12,47553,engineering,MM,11,MM,11,248104.35687356014,-35104.356873560144
5692,1,117000.0,Master,M,13,149778,marketing,D,79,D,79,206131.62687802396,-89131.62687802396
124742,0,171000.0,Master,M,6,22090,marketing,IC,0,IC,0,190104.69597924425,-19104.69597924425
75744,0,239000.0,Bachelor,M,3,153291,sales,IC,0,IC,0,194528.5959929,44471.404007100005
45598,0,131000.0,Bachelor,M,3,8663,sales,IC,0,IC,0,194528.5959929,-63528.595992899995
169811,0,111000.0,High_School,F,1,64858,HR,IC,0,IC,0,84206.1973205254,26793.802679474597
186571,0,76000.0,Bachelor,F,1,139278,HR,IC,0,IC,0,77771.4712925606,-1771.4712925606
129279,1,144000.0,Master,M,1,88936,sales,IC,0,IC,0,194883.36343501264,-50883.36343501264
45802,0,224000.0,PhD,M,1,195795,sales,IC,0,IC,0,198908.11730505654,25091.88269494346
44455,0,214000.0,PhD,M,5,169574,marketing,IC,0,IC,0,203274.43239263128,10725.567607368721
51039,1,87000.0,Bachelor,M,1,181781,HR,IC,0,IC,0,88511.26038412712,-1511.2603841271193
164748,1,186000.0,PhD,M,5,134048,sales,IC,0,IC,0,191458.68923493737,-5458.689234937367
103448,1,274000.0,PhD,M,14,198366,sales,MM,12,MM,12,225496.15759298648,48503.84240701352
193518,1,206000.0,PhD,M,13,78493,sales,MM,20,MM,20,164787.1354405327,41212.8645594673
160494,0,170000.0,PhD,M,4,172250,marketing,IC,0,IC,0,210382.93359964158,-40382.933599641576
105936,1,176000.0,Master,M,2,10357,marketing,IC,0,IC,0,179191.36560797412,-3191.3656079741195
187074,0,186000.0,PhD,F,2,175558,engineering,IC,0,IC,0,245586.57159200107,-59586.57159200107
3797,0,243000.0,PhD,M,3,43420,sales,IC,0,IC,0,197202.7515403313,45797.24845966871
195107,0,90000.0,Bachelor,F,2,15768,HR,IC,0,IC,0,86599.55002878579,3400.4499712142133
123358,1,203000.0,PhD,F,6,167941,sales,MM,16,MM,16,187762.1286958943,15237.871304105705
66352,1,146000.0,High_School,F,2,191073,sales,IC,0,IC,0,195457.00986642178,-49457.00986642178
167387,0,79000.0,Bachelor,M,2,61517,HR,IC,0,IC,0,83618.18616664072,-4618.18616664072
96741,0,163000.0,PhD,M,3,99139,sales,IC,0,IC,0,197202.7515403313,-34202.75154033129
198170,0,113000.0,Bachelor,F,1,177772,marketing,IC,0,IC,0,216750.62192916207,-103750.62192916207
108356,0,180000.0,Bachelor,M,6,99121,marketing,IC,0,IC,0,189453.14893188572,-9453.14893188572
54110,0,363000.0,Master,M,1,55883,engineering,IC,0,IC,0,253167.61103592915,109832.38896407085
43618,1,214000.0,Bachelor,F,2,103014,engineering,IC,0,IC,0,209125.3162083094,4874.683791690593
130500,0,184000.0,PhD,M,6,82698,sales,IC,0,IC,0,194022.9025924341,-10022.902592434111
62363,1,232000.0,Master,M,2,147103,engineering,IC,0,IC,0,233296.97305636574,-1296.9730563657358
80251,0,140000.0,PhD,F,6,148865,sales,IC,0,IC,0,194169.18557509538,-54169.185575095384
141728,1,203000.0,PhD,M,3,81111,engineering,IC,0,IC,0,246707.47890110445,-43707.47890110445
73604,0,391000.0,PhD,M,2,99139,sales,IC,0,IC,0,201356.5442201449,189643.4557798551
83871,0,86000.0,Master,F,6,101901,engineering,IC,0,IC,0,239936.9073680879,-153936.9073680879
26410,1,215000.0,Bachelor,M,3,61988,engineering,IC,0,IC,0,238207.9962027491,-23207.996202749113
145161,1,324000.0,Master,M,9,69728,engineering,D,98,D,98,287996.107648099,36003.892351900984
63363,0,194000.0,High_School,M,2,73846,sales,IC,0,IC,0,195986.4498613001,-1986.4498613000906
24489,1,259000.0,Master,M,7,176424,marketing,D,68,D,68,225305.14051839965,33694.859481600346
53246,0,165000.0,PhD,M,4,136468,sales,IC,0,IC,0,194705.84234154952,-29705.84234154952
192710,1,344000.0,Master,M,5,148795,engineering,IC,0,IC,0,228892.63088194563,115107.36911805437
86835,0,318000.0,Bachelor,F,7,141079,engineering,IC,0,IC,0,231671.65697249785,86328.34302750215
152405,0,119000.0,Bachelor,F,2,189038,engineering,IC,0,IC,0,241425.92290671106,-122425.92290671106
156377,0,125000.0,Bachelor,F,8,19424,engineering,IC,0,IC,0,152096.57302851192,-27096.57302851192
160569,1,146000.0,Master,F,1,174800,marketing,IC,0,IC,0,153071.42070149296,-7071.420701492956
23316,1,124000.0,PhD,F,4,147642,sales,IC,0,IC,0,201771.61572670785,-77771.61572670785
8182,0,229000.0,PhD,F,7,181310,sales,MM,13,MM,13,197159.5571045708,31840.44289542921
184543,1,242000.0,Master,F,4,110091,engineering,IC,0,IC,0,254657.44241884115,-12657.44241884115
107318,0,88000.0,PhD,F,6,43937,HR,IC,0,IC,0,80224.81814815088,7775.18185184912
188692,0,86000.0,Master,M,3,73254,HR,IC,0,IC,0,81611.19715433878,4388.802845661223
44997,1,140000.0,Bachelor,F,5,132309,sales,IC,0,IC,0,202564.03332828608,-62564.03332828608
174692,0,231000.0,Bachelor,F,5,78516,sales,IC,0,IC,0,201703.6417993344,29296.358200665592
50844,0,157000.0,High_School,F,9,87733,sales,IC,0,IC,0,166601.10635219596,-9601.106352195959
169518,1,378000.0,Master,M,3,98558,engineering,IC,0,IC,0,243469.85093906373,134530.14906093627
162518,1,83000.0,PhD,M,13,32510,sales,MM,12,MM,12,191734.92204449355,-108734.92204449355
132091,0,194000.0,PhD,F,4,77670,sales,IC,0,IC,0,200837.55383701346,-6837.55383701346
168951,0,294000.0,PhD,M,5,120639,sales,MM,11,MM,11,192556.40654560275,101443.59345439725
198032,1,158000.0,Master,F,14,183175,sales,MM,5,MM,5,180028.17528835268,-22028.17528835268
70820,0,351000.0,Master,M,1,51288,engineering,IC,0,IC,0,253167.61103592915,97832.38896407085
140278,0,204000.0,Bachelor,M,3,84230,marketing,IC,0,IC,0,195837.03111956886,8162.9688804311445
21741,0,214000.0,Master,M,1,180925,sales,IC,0,IC,0,198051.2011472294,15948.79885277059
52281,0,236000.0,Bachelor,F,9,192414,sales,IC,0,IC,0,170266.74041539893,65733.25958460107
108397,0,206000.0,Master,M,6,10357,marketing,IC,0,IC,0,190104.69597924425,15895.30402075575
195743,1,351000.0,High_School,M,4,152960,sales,IC,0,IC,0,195764.89920874953,155235.10079125047
59572,1,291000.0,Bachelor,M,6,25934,engineering,IC,0,IC,0,254868.05476583744,36131.94523416256
185138,0,127000.0,PhD,M,3,152500,HR,D,59,D,59,115165.71428571429,11834.28571428571
171325,0,108000.0,Master,F,1,178147,HR,IC,0,IC,0,82364.56846565497,25635.43153434503
64931,1,85000.0,PhD,M,3,171940,marketing,IC,0,IC,0,184507.95041214005,-99507.95041214005
164036,0,185000.0,PhD,M,5,97878,sales,IC,0,IC,0,192559.0137282462,-7559.013728246209
97144,0,213000.0,Master,M,3,115591,sales,IC,0,IC,0,195369.80999597523,17630.19000402477
6321,1,217000.0,Bachelor,M,4,186086,engineering,IC,0,IC,0,243628.2627138922,-26628.26271389221
197214,0,156000.0,PhD,F,2,191649,sales,IC,0,IC,0,202419.4707253329,-46419.47072533291
174251,0,187000.0,Master,M,3,151838,sales,IC,0,IC,0,195369.80999597523,-8369.809995975229
15465,0,216000.0,Bachelor,F,4,76435,sales,IC,0,IC,0,199971.48280086013,16028.517199139867
113491,0,97000.0,High_School,M,3,142630,HR,IC,0,IC,0,86712.65576828775,10287.344231712254
176941,0,130000.0,Bachelor,F,4,198814,marketing,IC,0,IC,0,198300.07769298556,-68300.07769298556
191158,0,211000.0,High_School,M,1,48690,sales,IC,0,IC,0,186739.580228817,24260.41977118299
72157,0,275000.0,Bachelor,M,4,142685,sales,IC,0,IC,0,193264.55968086384,81735.44031913616
29939,0,255000.0,Bachelor,M,3,160618,sales,IC,0,IC,0,194528.5959929,60471.404007100005
63845,0,77000.0,Master,M,1,182996,sales,IC,0,IC,0,198051.2011472294,-121051.20114722941
43677,0,73000.0,Bachelor,F,2,129287,HR,IC,0,IC,0,86599.55002878579,-13599.550028785787
131737,1,398000.0,Bachelor,M,1,190065,marketing,IC,0,IC,0,169925.83131011992,228074.16868988008
96233,1,155000.0,Bachelor,M,3,79237,marketing,IC,0,IC,0,188192.39140789176,-33192.39140789176
15273,1,144000.0,Bachelor,F,3,124014,sales,IC,0,IC,0,194975.3755380346,-50975.3755380346
23017,0,120000.0,PhD,F,6,87929,sales,IC,0,IC,0,194169.18557509538,-74169.18557509538
95646,0,95000.0,High_School,F,5,66420,HR,IC,0,IC,0,82936.4626631867,12063.5373368133
162106,0,147000.0,Bachelor,F,3,144928,sales,IC,0,IC,0,194461.09812463698,-47461.09812463698
185976,0,311000.0,High_School,F,2,119832,engineering,MM,13,MM,13,279770.29643748066,31229.70356251934
195416,0,85000.0,Bachelor,M,3,141317,sales,IC,0,IC,0,194528.5959929,-109528.5959929
18350,0,74000.0,Master,M,4,190566,marketing,IC,0,IC,0,194518.27840682067,-120518.27840682067
41830,0,146000.0,Master,M,4,73982,sales,IC,0,IC,0,194695.32052053208,-48695.320520532085
66580,1,226000.0,Master,M,1,35499,sales,IC,0,IC,0,194883.36343501264,31116.636564987362
113643,0,81000.0,PhD,M,4,14241,marketing,IC,0,IC,0,210382.93359964158,-129382.93359964158
46921,0,73000.0,Bachelor,M,1,178147,HR,IC,0,IC,0,85222.58767315086,-12222.587673150862
79693,1,241000.0,PhD,M,19,51535,engineering,VP,290,VP,290,243915.48917748916,-2915.4891774891585
22091,0,86000.0,Bachelor,M,3,75705,HR,IC,0,IC,0,77553.46065381975,8446.539346180245
171939,0,164000.0,PhD,M,8,181219,marketing,IC,0,IC,0,206079.79151268277,-42079.79151268277
143353,0,259000.0,Master,M,1,128447,engineering,IC,0,IC,0,253167.61103592915,5832.388964070851
11782,0,148000.0,PhD,M,1,191485,sales,IC,0,IC,0,198908.11730505654,-50908.11730505654
70548,1,75000.0,Bachelor,F,1,116289,engineering,IC,0,IC,0,217588.1074776503,-142588.1074776503
75485,1,107000.0,PhD,M,4,70547,marketing,IC,0,IC,0,206647.66908106598,-99647.66908106598
6703,1,192000.0,High_School,M,6,64750,engineering,IC,0,IC,0,206043.43468483628,-14043.434684836277
54668,1,130000.0,Master,F,7,135846,sales,IC,0,IC,0,195354.41435062292,-65354.414350622916
132887,0,75000.0,High_School,F,2,23737,HR,IC,0,IC,0,84827.81499972833,-9827.814999728333
2729,1,167000.0,High_School,M,5,64750,engineering,IC,0,IC,0,236496.90072376418,-69496.90072376418
152076,0,295000.0,PhD,M,14,69728,engineering,D,72,D,72,260826.09615384613,34173.90384615387
148984,0,189000.0,High_School,M,2,3917,sales,MM,12,MM,12,184552.74494335774,4447.255056642258
96508,0,240000.0,Master,M,5,149970,marketing,IC,0,IC,0,192239.89997562923,47760.10002437077
124820,0,281000.0,Master,M,5,54997,sales,IC,0,IC,0,196414.1583420818,84585.84165791821
120707,0,120000.0,Bachelor,M,3,5374,sales,IC,0,IC,0,194528.5959929,-74528.5959929
58531,0,260000.0,Master,M,3,119774,sales,IC,0,IC,0,195369.80999597523,64630.19000402477
79682,0,346000.0,PhD,F,3,168564,sales,IC,0,IC,0,195546.71190949707,150453.28809050293
114237,0,70000.0,Master,M,4,10786,HR,IC,0,IC,0,85034.65160610934,-15034.651606109343
97009,0,218000.0,PhD,M,6,73663,marketing,IC,0,IC,0,199498.14193409026,18501.858065909735
107132,0,67000.0,PhD,F,7,123263,HR,IC,0,IC,0,77724.75714311065,-10724.757143110648
161056,0,396000.0,High_School,M,6,1651,engineering,IC,0,IC,0,264491.40438673896,131508.59561326104
14728,0,265000.0,Master,F,2,147249,engineering,IC,0,IC,0,260023.70872319196,4976.291276808042
160566,0,221000.0,Master,M,5,71757,marketing,IC,0,IC,0,192239.89997562923,28760.100024370768
196157,1,197000.0,Bachelor,F,3,193518,sales,IC,0,IC,0,194975.3755380346,2024.6244619654026
151646,0,273000.0,Master,M,3,128447,engineering,IC,0,IC,0,244073.52979870792,28926.470201292075
91881,0,183000.0,Bachelor,F,1,68998,marketing,IC,0,IC,0,216750.62192916207,-33750.621929162065
12623,1,66000.0,PhD,M,4,115591,sales,IC,0,IC,0,200154.16277634335,-134154.16277634335
68826,1,208000.0,Master,M,5,181996,engineering,IC,0,IC,0,228892.63088194563,-20892.63088194563
79354,0,143000.0,Bachelor,M,2,175361,sales,IC,0,IC,0,196776.30656462905,-53776.30656462905
21197,1,173000.0,Bachelor,F,5,68532,engineering,IC,0,IC,0,239305.37951119905,-66305.37951119905
47934,0,67000.0,Master,F,7,154375,HR,IC,0,IC,0,80817.69872504385,-13817.698725043854
125247,0,154000.0,Master,M,2,87330,engineering,IC,0,IC,0,225404.836709512,-71404.83670951199
170929,0,80000.0,PhD,F,6,104759,HR,IC,0,IC,0,80224.81814815088,-224.81814815088
191509,0,148000.0,Bachelor,M,1,192369,sales,IC,0,IC,0,179465.38885958475,-31465.388859584753
198366,1,193000.0,PhD,F,12,142146,sales,D,90,D,90,186598.17165473418,6401.828345265822
73939,0,176000.0,PhD,F,1,182556,sales,IC,0,IC,0,184864.59303542023,-8864.593035420228
176578,1,214000.0,Master,M,2,131063,marketing,IC,0,IC,0,179191.36560797412,34808.63439202588
78873,1,88000.0,PhD,M,8,172321,sales,IC,0,IC,0,166527.71478660288,-78527.71478660288
185285,0,103000.0,PhD,F,7,198893,HR,MM,14,MM,14,97027.08985338335,5972.910146616647
163430,0,115000.0,Master,F,3,110089,HR,IC,0,IC,0,83947.66681572703,31052.333184272968
125742,0,272000.0,Master,M,1,8711,marketing,IC,0,IC,0,195691.75019170734,76308.24980829266
198054,0,280000.0,Master,M,8,7255,engineering,IC,0,IC,0,248887.05893000934,31112.94106999066
139032,1,346000.0,PhD,F,32,11277,sales,VP,391,VP,391,330934.7619047619,15065.238095238106
109394,0,287000.0,Bachelor,M,1,160511,marketing,IC,0,IC,0,195298.98660263894,91701.01339736106
46411,0,131000.0,Master,M,9,144976,sales,IC,0,IC,0,179119.77160184595,-48119.77160184595
33176,1,166000.0,PhD,F,4,82657,sales,IC,0,IC,0,201771.61572670785,-35771.61572670785
130209,0,190000.0,Bachelor,F,2,50761,marketing,IC,0,IC,0,195854.82935350726,-5854.829353507259
37584,1,190000.0,High_School,F,4,5374,sales,IC,0,IC,0,198726.40167991037,-8726.40167991037
125194,1,243000.0,High_School,M,6,144401,sales,IC,0,IC,0,193059.48051434927,49940.51948565073
17962,0,126000.0,High_School,M,5,173939,marketing,IC,0,IC,0,190498.8311588766,-64498.831158876594
187898,1,234000.0,Bachelor,M,1,108428,engineering,IC,0,IC,0,241459.58846692662,-7459.588466926623
142508,0,332000.0,High_School,M,5,55883,engineering,IC,0,IC,0,243781.76916131607,88218.23083868393
106356,0,149000.0,Bachelor,F,2,183824,engineering,IC,0,IC,0,241425.92290671106,-92425.92290671106
118865,1,65000.0,Master,F,4,64190,sales,IC,0,IC,0,196357.1254950726,-131357.1254950726
95841,1,379000.0,Master,M,13,183869,engineering,MM,10,MM,10,211167.8895683935,167832.1104316065
78077,0,99000.0,Master,M,5,98520,marketing,IC,0,IC,0,192239.89997562923,-93239.89997562923
158125,0,188000.0,Master,F,4,142367,sales,IC,0,IC,0,198453.75863186418,-10453.758631864184
148418,1,317000.0,PhD,F,4,167482,engineering,MM,15,MM,15,276522.77827718115,40477.22172281885
160515,0,99000.0,High_School,M,3,14465,HR,IC,0,IC,0,86712.65576828775,12287.344231712254
157572,1,64000.0,Bachelor,F,1,115765,HR,IC,0,IC,0,76312.6750285779,-12312.675028577898
115586,1,126000.0,High_School,M,5,168742,sales,IC,0,IC,0,196471.22445234368,-70471.22445234368
152081,0,275000.0,Bachelor,F,3,12214,sales,IC,0,IC,0,194461.09812463698,80538.90187536302
98972,0,260000.0,PhD,M,3,111508,marketing,IC,0,IC,0,204409.410789578,55590.58921042201
131133,0,123000.0,PhD,M,4,55653,sales,IC,0,IC,0,194705.84234154952,-71705.84234154952
48877,0,62000.0,High_School,F,10,37154,marketing,MM,6,MM,6,131963.3627885333,-69963.3627885333
6320,0,125000.0,Bachelor,F,4,146473,marketing,IC,0,IC,0,198300.07769298556,-73300.07769298556
7724,0,71000.0,High_School,M,2,14465,HR,IC,0,IC,0,84800.74930108206,-13800.749301082062
100827,0,343000.0,Bachelor,M,1,187053,engineering,IC,0,IC,0,253447.42674818967,89552.57325181033
61028,0,225000.0,PhD,M,3,79807,engineering,IC,0,IC,0,244594.82101961187,-19594.821019611874
136319,0,132000.0,High_School,M,6,52313,sales,IC,0,IC,0,190398.68369662002,-58398.68369662002
119898,0,114000.0,High_School,F,9,4421,sales,IC,0,IC,0,166601.10635219596,-52601.10635219596
18939,1,244000.0,Bachelor,M,3,167941,sales,MM,10,MM,10,207183.2076807852,36816.79231921479
66872,1,136000.0,Bachelor,M,2,144976,sales,IC,0,IC,0,198429.69040148894,-62429.690401488944
65883,1,198000.0,PhD,M,12,103443,marketing,MM,15,MM,15,180432.33444834646,17567.66555165354
105247,0,295000.0,Master,M,3,103912,sales,IC,0,IC,0,195369.80999597523,99630.19000402477
178081,0,76000.0,PhD,M,5,151696,HR,IC,0,IC,0,82276.80041619591,-6276.800416195911
54902,1,194000.0,PhD,M,3,64452,sales,IC,0,IC,0,182782.6484747099,11217.351525290112
19524,0,199000.0,Master,F,9,167223,marketing,MM,6,MM,6,172902.25453686286,26097.745463137137
110405,1,178000.0,Bachelor,M,2,112643,sales,IC,0,IC,0,198429.69040148894,-20429.690401488944
191396,1,251000.0,Bachelor,M,4,71757,marketing,IC,0,IC,0,200432.63893380418,50567.36106619582
99934,0,372000.0,Bachelor,M,3,110091,engineering,IC,0,IC,0,244492.12806626968,127507.87193373032
135268,1,149000.0,Bachelor,F,2,32572,marketing,IC,0,IC,0,171278.59057555642,-22278.590575556416
56766,0,201000.0,High_School,F,5,182038,sales,IC,0,IC,0,197019.49258701704,3980.507412982959
69345,1,176000.0,Master,M,5,163049,sales,MM,12,MM,12,200341.39468880056,-24341.39468880056
109695,0,289000.0,PhD,M,7,175365,marketing,IC,0,IC,0,200395.53867977747,88604.46132022253
171335,1,153000.0,PhD,F,2,183065,engineering,IC,0,IC,0,285728.9021753286,-132728.90217532858
186344,1,290000.0,Master,F,1,132283,engineering,IC,0,IC,0,248653.7440354666,41346.2559645334
4394,0,109000.0,High_School,M,13,118233,marketing,MM,15,MM,15,153448.19149041863,-44448.19149041863
32652,0,254000.0,PhD,M,6,168342,engineering,IC,0,IC,0,247728.11200962216,6271.887990377843
144626,0,161000.0,Bachelor,M,3,180037,sales,IC,0,IC,0,194528.5959929,-33528.595992899995
18664,0,233000.0,Master,M,1,41721,marketing,IC,0,IC,0,195691.75019170734,37308.24980829266
199715,1,67000.0,Master,F,2,22977,HR,IC,0,IC,0,85628.79233395943,-18628.792333959427
147789,0,373000.0,PhD,M,1,141079,engineering,IC,0,IC,0,245381.45541854406,127618.54458145594
94683,1,137000.0,Master,M,7,124893,marketing,MM,8,MM,8,183111.08678278895,-46111.086782788945
91661,1,199000.0,PhD,M,6,3260,engineering,IC,0,IC,0,225989.68999128733,-26989.689991287334
112262,0,91000.0,Bachelor,F,2,196490,HR,IC,0,IC,0,86599.55002878579,4400.449971214213
173269,0,205000.0,PhD,F,6,116119,marketing,IC,0,IC,0,205528.0855651748,-528.0855651748134
138772,1,217000.0,Bachelor,F,9,94362,sales,MM,14,MM,14,207626.8069239132,9373.193076086813
179228,0,94000.0,Bachelor,F,3,97040,HR,IC,0,IC,0,83591.34611794354,10408.65388205646
114214,1,350000.0,Bachelor,M,1,193763,engineering,IC,0,IC,0,241459.58846692662,108540.41153307338
72187,0,154000.0,High_School,F,2,132360,sales,IC,0,IC,0,189874.31344501488,-35874.31344501488
45701,0,212000.0,Bachelor,M,5,154703,engineering,IC,0,IC,0,237543.49587850232,-25543.49587850232
110344,0,295000.0,Bachelor,M,7,190065,marketing,IC,0,IC,0,193088.13778393113,101911.86221606887
83497,1,217000.0,Master,M,3,128065,engineering,IC,0,IC,0,243469.85093906373,-26469.850939063734
135790,1,81000.0,PhD,M,3,162518,sales,IC,0,IC,0,182782.6484747099,-101782.64847470989
181311,0,203000.0,Bachelor,M,10,17395,sales,MM,13,MM,13,185748.39273524127,17251.607264758728
169849,0,118000.0,High_School,M,10,192056,HR,MM,6,MM,6,81046.08799533799,36953.91200466201
39558,0,62000.0,Master,F,4,197896,HR,IC,0,IC,0,79232.74241669648,-17232.742416696477
27035,1,108000.0,Bachelor,M,3,76135,marketing,IC,0,IC,0,188192.39140789176,-80192.39140789176
74316,0,169000.0,Bachelor,F,4,57316,sales,IC,0,IC,0,199971.48280086013,-30971.482800860133
52119,0,124000.0,High_School,M,2,162196,engineering,IC,0,IC,0,226878.35789292358,-102878.35789292358
71907,1,173000.0,PhD,M,2,69200,sales,IC,0,IC,0,191180.20114872733,-18180.201148727327
76696,0,138000.0,Bachelor,F,3,18939,sales,IC,0,IC,0,194461.09812463698,-56461.09812463698
140158,0,169000.0,Bachelor,M,1,113124,sales,IC,0,IC,0,179465.38885958475,-10465.388859584753
176804,1,155000.0,PhD,M,20,139032,sales,D,48,D,48,186818.40488059827,-31818.404880598275
101408,1,157000.0,High_School,M,3,195795,sales,IC,0,IC,0,184716.40600900303,-27716.406009003025
99121,0,137000.0,PhD,M,5,146600,marketing,MM,7,MM,7,192252.0450964128,-55252.045096412796
191108,1,309000.0,Bachelor,F,6,147106,sales,IC,0,IC,0,200667.41278442592,108332.58721557408
93597,0,114000.0,High_School,M,6,73982,sales,IC,0,IC,0,190398.68369662002,-76398.68369662002
106730,0,181000.0,High_School,M,1,193452,sales,IC,0,IC,0,186739.580228817,-5739.580228817009
114479,0,216000.0,Master,M,3,22145,sales,IC,0,IC,0,195369.80999597523,20630.19000402477
25241,0,149000.0,PhD,M,1,52525,engineering,IC,0,IC,0,245381.45541854406,-96381.45541854406
84020,1,173000.0,High_School,M,5,57185,engineering,IC,0,IC,0,236496.90072376418,-63496.90072376418
195545,0,381000.0,PhD,M,2,148260,marketing,IC,0,IC,0,198900.55025181093,182099.44974818907
55515,0,93000.0,PhD,M,4,190778,marketing,IC,0,IC,0,210382.93359964158,-117382.93359964158
38081,0,241000.0,High_School,F,5,22145,sales,IC,0,IC,0,197019.49258701704,43980.50741298296
59876,1,345000.0,PhD,M,5,150408,engineering,IC,0,IC,0,234389.674076652,110610.32592334799
616,0,218000.0,Bachelor,M,2,168797,marketing,IC,0,IC,0,196739.27564649528,21260.724353504716
150437,1,236000.0,High_School,M,1,53390,sales,IC,0,IC,0,182145.5554433057,53854.4445566943
63717,0,266000.0,Master,M,1,75045,marketing,IC,0,IC,0,195691.75019170734,70308.24980829266
190566,1,67000.0,PhD,M,8,168545,marketing,MM,13,MM,13,148382.47184785083,-81382.47184785083
147332,0,75000.0,Bachelor,M,6,146111,HR,IC,0,IC,0,82309.25309772248,-7309.2530977224815
100586,0,104000.0,High_School,M,1,82463,marketing,IC,0,IC,0,181617.3790151326,-77617.37901513261
115008,1,66000.0,PhD,M,1,130135,HR,IC,0,IC,0,73513.19816605755,-7513.198166057555
123154,0,79000.0,PhD,F,14,116660,HR,MM,10,MM,10,89480.26190476191,-10480.261904761908
82728,0,71000.0,Master,F,9,169833,HR,IC,0,IC,0,72985.08865315282,-1985.088653152823
53109,1,231000.0,Master,M,8,130489,sales,MM,11,MM,11,202135.60834351656,28864.391656483436
18837,1,330000.0,Bachelor,M,4,1050,engineering,IC,0,IC,0,243628.2627138922,86371.73728610779
86534,0,265000.0,Master,F,2,1808,engineering,IC,0,IC,0,260023.70872319196,4976.291276808042
4513,0,151000.0,Master,F,6,172321,sales,IC,0,IC,0,195325.24825658792,-44325.24825658792
31260,0,226000.0,Bachelor,F,1,115591,sales,IC,0,IC,0,190803.3928173758,35196.6071826242
57757,0,178000.0,PhD,M,6,119964,marketing,IC,0,IC,0,199498.14193409026,-21498.141934090265
103815,0,234000.0,High_School,M,2,109671,marketing,IC,0,IC,0,195512.34328319496,38487.65671680504
110089,0,104000.0,Bachelor,M,12,41533,HR,MM,10,MM,10,94265.67733417742,9734.322665822576
56494,1,89000.0,Master,M,3,75246,engineering,IC,0,IC,0,243469.85093906373,-154469.85093906373
46272,0,186000.0,Master,M,3,57316,sales,IC,0,IC,0,195369.80999597523,-9369.809995975229
73169,0,210000.0,Master,M,2,173939,marketing,IC,0,IC,0,189747.8553120937,20252.144687906286
115907,1,181000.0,PhD,F,17,97647,marketing,D,30,D,30,208111.25016998808,-27111.25016998808
137326,0,82000.0,PhD,F,4,178147,HR,IC,0,IC,0,82462.33964853613,-462.33964853612997
86444,0,93000.0,Bachelor,M,3,164501,HR,IC,0,IC,0,77553.46065381975,15446.539346180245
6498,0,309000.0,PhD,M,2,148646,engineering,IC,0,IC,0,239738.82647541008,69261.17352458992
162557,1,66000.0,PhD,M,6,123358,sales,IC,0,IC,0,188866.9788219157,-122866.97882191569
124716,0,177000.0,Bachelor,M,3,52923,sales,IC,0,IC,0,194528.5959929,-17528.595992899995
85539,0,151000.0,PhD,M,7,158609,sales,IC,0,IC,0,195867.84805352206,-44867.84805352206
165717,0,137000.0,Bachelor,M,2,157492,sales,MM,6,MM,6,166987.13030860166,-29987.130308601656
124721,0,174000.0,PhD,F,1,191351,marketing,IC,0,IC,0,167799.52370018433,6200.476299815666
22709,0,196000.0,Bachelor,M,1,147106,sales,IC,0,IC,0,179465.38885958475,16534.611140415247
97028,0,212000.0,PhD,M,1,30468,engineering,IC,0,IC,0,245381.45541854406,-33381.455418544065
20440,1,293000.0,Bachelor,F,5,1808,engineering,IC,0,IC,0,239305.37951119905,53694.62048880095
192414,0,151000.0,Master,F,9,47755,sales,MM,9,MM,9,185783.36402447007,-34783.364024470065
109103,1,246000.0,Bachelor,F,1,125775,marketing,IC,0,IC,0,200189.67771152535,45810.32228847465
77998,0,150000.0,High_School,M,2,76073,engineering,IC,0,IC,0,226878.35789292358,-76878.35789292358
1908,0,80000.0,Bachelor,F,5,64858,HR,IC,0,IC,0,85695.75736501839,-5695.757365018391
123362,0,268000.0,High_School,F,4,48120,engineering,IC,0,IC,0,241138.99966121474,26861.000338785263
42577,0,240000.0,Bachelor,M,3,34714,sales,IC,0,IC,0,194528.5959929,45471.404007100005
14636,0,170000.0,High_School,F,1,96420,sales,IC,0,IC,0,184712.4239725275,-14712.423972527497
65470,1,303000.0,Master,M,3,81860,engineering,IC,0,IC,0,243469.85093906373,59530.149060936266
185561,0,155000.0,PhD,M,2,29960,marketing,IC,0,IC,0,198900.55025181093,-43900.55025181093
99258,0,181000.0,Bachelor,M,2,148260,marketing,IC,0,IC,0,196739.27564649528,-15739.275646495284
171156,0,105000.0,High_School,F,4,21086,HR,IC,0,IC,0,77198.66979097077,27801.330209029227
94977,0,379000.0,Bachelor,M,2,142926,engineering,IC,0,IC,0,238810.46474319053,140189.53525680947
78785,0,220000.0,PhD,M,4,187183,marketing,IC,0,IC,0,210382.93359964158,9617.066400358424
136968,0,186000.0,Master,F,5,184998,sales,IC,0,IC,0,199991.97931669242,-13991.979316692421
136042,0,80000.0,High_School,M,1,4421,sales,IC,0,IC,0,186739.580228817,-106739.58022881701
40173,0,234000.0,Master,F,1,139180,marketing,IC,0,IC,0,191328.91733028728,42671.08266971272
46893,0,292000.0,Bachelor,M,2,148418,engineering,IC,0,IC,0,238810.46474319053,53189.53525680947
36817,0,187000.0,Master,M,1,134982,sales,IC,0,IC,0,198051.2011472294,-11051.20114722941
81253,0,253000.0,Bachelor,M,5,181886,sales,IC,0,IC,0,195038.08580704563,57961.91419295437
5111,0,63000.0,Master,F,5,64087,HR,IC,0,IC,0,83499.17048362638,-20499.17048362638
172267,1,159000.0,Master,M,5,8182,sales,IC,0,IC,0,193689.60735178352,-34689.60735178352
105725,0,171000.0,Master,M,7,95609,sales,IC,0,IC,0,189796.9743375098,-18796.974337509804
42511,0,80000.0,Master,M,7,97919,HR,IC,0,IC,0,78571.49998326687,1428.500016733131
47439,1,178000.0,Master,M,4,156010,engineering,IC,0,IC,0,235272.1286071889,-57272.128607188904
18200,1,92000.0,High_School,M,1,64724,marketing,IC,0,IC,0,201774.6310184148,-109774.6310184148
123961,1,193000.0,PhD,M,4,50761,marketing,IC,0,IC,0,206647.66908106598,-13647.669081065978
198275,1,169000.0,Master,F,1,173939,marketing,IC,0,IC,0,153071.42070149296,15928.579298507044
179819,0,66000.0,PhD,M,5,177495,HR,IC,0,IC,0,82276.80041619591,-16276.80041619591
175418,0,326000.0,Master,F,6,15277,engineering,IC,0,IC,0,239936.9073680879,86063.09263191209
29334,0,207000.0,Bachelor,F,1,92210,sales,IC,0,IC,0,190803.3928173758,16196.607182624197
94187,1,369000.0,PhD,M,1,148236,sales,IC,0,IC,0,193940.69232599234,175059.30767400766
6222,0,217000.0,PhD,M,5,4421,sales,IC,0,IC,0,192559.0137282462,24440.98627175379
149192,0,395000.0,Master,F,8,41335,engineering,IC,0,IC,0,238505.5191016877,156494.4808983123
184936,0,330000.0,Master,M,5,160261,marketing,IC,0,IC,0,192239.89997562923,137760.10002437077
163041,0,161000.0,High_School,F,5,21470,marketing,IC,0,IC,0,196285.1315942073,-35285.13159420731
9211,0,68000.0,Bachelor,M,8,55972,HR,IC,0,IC,0,77539.25640521076,-9539.256405210763
130504,0,355000.0,Bachelor,F,3,167921,engineering,IC,0,IC,0,259876.0519044494,95123.94809555059
126988,1,295000.0,Bachelor,M,4,135846,sales,IC,0,IC,0,200945.03521904073,94054.96478095927
1701,0,89000.0,Master,F,4,181781,HR,IC,0,IC,0,79232.74241669648,9767.257583303523
187618,1,152000.0,Master,F,1,111974,engineering,IC,0,IC,0,248653.7440354666,-96653.7440354666
185261,0,92000.0,PhD,F,3,80240,HR,IC,0,IC,0,83843.8873054549,8156.112694545096
175641,1,246000.0,Master,F,2,159906,sales,IC,0,IC,0,198517.56692485747,47482.43307514253
119581,1,77000.0,High_School,F,2,122567,engineering,IC,0,IC,0,174840.34102302935,-97840.34102302935
47066,0,125000.0,Master,M,7,88936,sales,IC,0,IC,0,189796.9743375098,-64796.974337509804
148236,0,70000.0,Bachelor,F,5,2308,sales,MM,14,MM,14,169556.58995530874,-99556.58995530874
21047,1,206000.0,PhD,M,2,149970,marketing,IC,0,IC,0,180493.22465190728,25506.77534809272
90065,1,322000.0,PhD,M,13,194121,engineering,MM,10,MM,10,243572.04745050418,78427.95254949582
156818,0,183000.0,PhD,M,1,63832,marketing,IC,0,IC,0,195577.15476246577,-12577.154762465769
109335,0,182000.0,Bachelor,M,1,26468,engineering,IC,0,IC,0,253447.42674818967,-71447.42674818967
94956,0,372000.0,Bachelor,M,6,162196,engineering,IC,0,IC,0,252047.32944780047,119952.67055219953
196675,0,217000.0,Master,M,5,199184,sales,IC,0,IC,0,196414.1583420818,20585.84165791821
180212,0,229000.0,High_School,M,2,53390,sales,IC,0,IC,0,195986.4498613001,33013.55013869991
160580,0,198000.0,High_School,M,1,189890,engineering,IC,0,IC,0,231847.76096461926,-33847.76096461926
60475,0,151000.0,Master,M,2,71945,engineering,IC,0,IC,0,225404.836709512,-74404.83670951199
59398,0,303000.0,PhD,M,2,24071,engineering,IC,0,IC,0,239738.82647541008,63261.17352458992
48832,0,259000.0,PhD,F,5,45803,sales,IC,0,IC,0,201521.88967796802,57478.11032203198
28583,0,225000.0,Bachelor,F,1,63077,sales,IC,0,IC,0,190803.3928173758,34196.6071826242
73080,0,260000.0,Master,M,4,198879,sales,IC,0,IC,0,194695.32052053208,65304.679479467915
134744,0,276000.0,PhD,M,1,20901,engineering,IC,0,IC,0,245381.45541854406,30618.544581455935
174779,0,63000.0,PhD,M,2,181311,sales,IC,0,IC,0,201356.5442201449,-138356.5442201449
54393,0,109000.0,High_School,M,1,51331,HR,IC,0,IC,0,91327.03513976384,17672.964860236156
121453,0,61000.0,PhD,F,2,94447,HR,IC,0,IC,0,81889.77770686249,-20889.777706862486
171327,0,266000.0,Master,F,2,156927,marketing,IC,0,IC,0,190948.4877860469,75051.5122139531
130532,0,81000.0,Bachelor,M,4,187183,marketing,IC,0,IC,0,192298.8865953424,-111298.8865953424
61773,0,92000.0,PhD,F,5,197896,HR,IC,0,IC,0,81307.52954187465,10692.470458125346
61191,0,188000.0,Master,M,5,68821,engineering,IC,0,IC,0,241342.61319268073,-53342.61319268073
22228,1,62000.0,PhD,M,6,40904,engineering,IC,0,IC,0,225989.68999128733,-163989.68999128733
28697,0,365000.0,PhD,F,23,79693,engineering,D,58,D,58,336225.0,28775.0
5798,0,188000.0,Bachelor,F,3,172321,sales,IC,0,IC,0,194461.09812463698,-6461.098124636977
29493,1,173000.0,Bachelor,M,5,180925,sales,IC,0,IC,0,199879.9083933267,-26879.90839332671
139973,0,293000.0,High_School,F,1,78997,engineering,IC,0,IC,0,256554.63123786892,36445.36876213108
74631,0,339000.0,Bachelor,M,6,175558,engineering,IC,0,IC,0,252047.32944780047,86952.67055219953
180037,0,102000.0,Master,M,2,167941,sales,MM,16,MM,16,143120.62961641152,-41120.62961641152
128966,1,281000.0,High_School,F,9,107049,sales,MM,10,MM,10,210360.8365544473,70639.1634455527
129469,0,300000.0,High_School,M,1,84828,engineering,IC,0,IC,0,231847.76096461926,68152.23903538074
118484,0,148000.0,Bachelor,M,2,10773,engineering,IC,0,IC,0,238810.46474319053,-90810.46474319053
14429,0,340000.0,PhD,M,2,198531,sales,IC,0,IC,0,201356.5442201449,138643.4557798551
122567,1,89000.0,Master,M,4,42270,engineering,MM,10,MM,10,147313.69879265284,-58313.69879265284
162812,0,150000.0,PhD,M,6,129000,marketing,IC,0,IC,0,199498.14193409026,-49498.141934090265
76542,0,126000.0,Bachelor,M,9,122567,engineering,IC,0,IC,0,251333.33129772596,-125333.33129772596
17582,0,186000.0,Master,F,5,102727,marketing,IC,0,IC,0,195556.18676362679,-9556.186763626785
115796,0,126000.0,Bachelor,M,5,87733,sales,IC,0,IC,0,195038.08580704563,-69038.08580704563
131779,1,135000.0,Bachelor,M,3,167877,sales,IC,0,IC,0,189257.1654400931,-54257.165440093086
195238,1,128000.0,Master,M,1,157064,marketing,IC,0,IC,0,165989.76505118783,-37989.76505118783
134556,0,89000.0,PhD,F,24,138045,marketing,D,55,D,55,144841.65969977734,-55841.659699777345
44544,0,66000.0,Master,M,3,41991,sales,IC,0,IC,0,195369.80999597523,-129369.80999597523
193524,0,199000.0,Master,M,4,192369,sales,IC,0,IC,0,194695.32052053208,4304.679479467915
147425,0,78000.0,Master,M,3,252,HR,IC,0,IC,0,81611.19715433878,-3611.197154338777
50864,1,210000.0,High_School,M,3,66453,engineering,IC,0,IC,0,246261.9865189567,-36261.98651895669
123388,0,107000.0,Bachelor,M,4,177495,HR,IC,0,IC,0,85853.00043622433,21146.999563775666
193851,1,230000.0,Master,F,2,113618,marketing,IC,0,IC,0,173888.25401291758,56111.745987082424
124114,0,145000.0,High_School,M,3,24979,marketing,IC,0,IC,0,196140.8951932918,-51140.8951932918
187756,0,364000.0,PhD,F,1,188118,sales,IC,0,IC,0,184864.59303542023,179135.40696457977
56196,0,123000.0,Bachelor,M,3,78215,sales,IC,0,IC,0,194528.5959929,-71528.5959929
108614,1,95000.0,Bachelor,M,4,84193,marketing,IC,0,IC,0,200432.63893380418,-105432.63893380418
119418,0,151000.0,Bachelor,M,1,12649,engineering,IC,0,IC,0,253447.42674818967,-102447.42674818967
79602,1,220000.0,High_School,M,2,113618,marketing,IC,0,IC,0,196899.97053999678,23100.02946000322
55566,0,206000.0,High_School,M,4,103421,engineering,IC,0,IC,0,250920.8991168643,-44920.89911686431
62520,1,316000.0,Bachelor,M,2,102102,sales,IC,0,IC,0,198429.69040148894,117570.30959851106
120383,1,189000.0,Master,M,3,169223,engineering,IC,0,IC,0,243469.85093906373,-54469.850939063734
65366,0,246000.0,Bachelor,M,2,8198,engineering,IC,0,IC,0,238810.46474319053,7189.535256809468
169574,1,373000.0,PhD,M,6,114137,marketing,MM,9,MM,9,195143.66692574645,177856.33307425355
182939,0,83000.0,Bachelor,F,2,101901,engineering,IC,0,IC,0,241425.92290671106,-158425.92290671106
66859,0,76000.0,Master,M,3,116289,engineering,IC,0,IC,0,244073.52979870792,-168073.52979870792
124854,1,122000.0,Master,M,2,160618,sales,IC,0,IC,0,195747.7721196565,-73747.7721196565
33933,0,196000.0,High_School,F,4,55431,sales,IC,0,IC,0,198949.1492696776,-2949.1492696776113
111453,0,209000.0,Master,M,3,95522,marketing,IC,0,IC,0,195418.4685635701,13581.531436429912
132015,0,61000.0,Bachelor,M,3,139278,HR,IC,0,IC,0,77553.46065381975,-16553.460653819755
26100,0,266000.0,PhD,M,5,127266,marketing,IC,0,IC,0,203274.43239263128,62725.56760736872
183109,0,308000.0,PhD,F,1,50679,sales,IC,0,IC,0,184864.59303542023,123135.40696457977
69943,0,257000.0,Bachelor,M,11,154897,sales,MM,9,MM,9,184491.4575140952,72508.54248590479
183551,0,86000.0,PhD,F,1,123502,HR,IC,0,IC,0,87076.16641899414,-1076.1664189941366
130431,0,361000.0,PhD,M,2,61811,sales,IC,0,IC,0,201356.5442201449,159643.4557798551
133331,1,146000.0,Bachelor,F,2,175434,sales,IC,0,IC,0,192222.09002881806,-46222.09002881806
53608,0,111000.0,Bachelor,M,3,146404,marketing,IC,0,IC,0,195837.03111956886,-84837.03111956886
69074,0,68000.0,Master,M,1,9400,HR,IC,0,IC,0,77429.4837578407,-9429.483757840702
175757,0,156000.0,PhD,F,6,160618,sales,IC,0,IC,0,194169.18557509538,-38169.185575095384
91979,0,87000.0,Master,F,4,116660,HR,MM,9,MM,9,83220.34428285778,3779.6557171422173
2230,0,209000.0,High_School,M,5,151005,marketing,IC,0,IC,0,190498.8311588766,18501.168841123406
60592,1,182000.0,High_School,F,7,130449,sales,IC,0,IC,0,191511.5717274521,-9511.571727452101
97376,1,294000.0,High_School,M,1,190566,marketing,IC,0,IC,0,201774.6310184148,92225.3689815852
169921,0,284000.0,Master,M,2,118769,engineering,IC,0,IC,0,225404.836709512,58595.16329048801
160428,1,247000.0,PhD,F,3,148418,engineering,IC,0,IC,0,266408.7034972524,-19408.703497252427
80855,0,189000.0,Master,M,1,108164,sales,IC,0,IC,0,198051.2011472294,-9051.20114722941
5129,0,92000.0,Bachelor,F,5,184236,HR,IC,0,IC,0,85695.75736501839,6304.242634981609
193355,0,99000.0,Master,F,5,8812,HR,IC,0,IC,0,83499.17048362638,15500.829516373618
34597,0,328000.0,Master,F,9,8193,engineering,IC,0,IC,0,298620.20935538865,29379.79064461135
140491,1,285000.0,Master,M,4,191289,engineering,IC,0,IC,0,235272.1286071889,49727.871392811096
117535,0,154000.0,Master,M,5,76135,marketing,IC,0,IC,0,192239.89997562923,-38239.89997562923
193866,0,241000.0,PhD,M,5,189038,engineering,IC,0,IC,0,243058.35787352896,-2058.357873528963
57969,0,148000.0,Bachelor,M,2,5282,sales,IC,0,IC,0,196776.30656462905,-48776.30656462905
158557,0,134000.0,PhD,F,1,129287,HR,IC,0,IC,0,87076.16641899414,46923.83358100586
29733,1,144000.0,Master,F,14,50665,HR,MM,11,MM,11,132378.72727272726,11621.272727272735
66249,1,299000.0,High_School,M,3,1872,engineering,IC,0,IC,0,246261.9865189567,52738.01348104331
95390,0,286000.0,Master,M,8,12214,sales,IC,0,IC,0,182806.4628018026,103193.53719819739
167321,0,104000.0,High_School,F,4,95169,sales,IC,0,IC,0,198949.1492696776,-94949.14926967761
90337,0,84000.0,PhD,F,2,188118,sales,IC,0,IC,0,202419.4707253329,-118419.47072533291
118554,0,250000.0,Bachelor,M,3,46957,sales,IC,0,IC,0,194528.5959929,55471.404007100005
118960,0,316000.0,High_School,M,3,62990,sales,IC,0,IC,0,193926.29331709526,122073.70668290474
173137,0,97000.0,High_School,M,3,754,HR,IC,0,IC,0,86712.65576828775,10287.344231712254
190009,1,67000.0,Bachelor,F,3,742,HR,IC,0,IC,0,76970.02324908353,-9970.023249083533
191705,0,124000.0,PhD,F,7,32405,HR,IC,0,IC,0,77724.75714311065,46275.24285688935
155801,1,321000.0,High_School,M,6,41335,engineering,IC,0,IC,0,206043.43468483628,114956.56531516372
186118,0,195000.0,Bachelor,M,1,82463,marketing,IC,0,IC,0,195298.98660263894,-298.98660263893544
62305,0,236000.0,PhD,F,9,185976,engineering,IC,0,IC,0,274808.87269602926,-38808.872696029255
188336,0,78000.0,Master,F,1,61517,HR,IC,0,IC,0,82364.56846565497,-4364.568465654971
160158,1,119000.0,High_School,F,2,144928,sales,IC,0,IC,0,195457.00986642178,-76457.00986642178
179108,1,187000.0,PhD,F,3,64724,marketing,IC,0,IC,0,185493.86852960358,1506.1314703964163
64458,1,129000.0,Bachelor,M,1,149135,engineering,IC,0,IC,0,241459.58846692662,-112459.58846692662
147779,1,140000.0,PhD,F,1,164501,HR,IC,0,IC,0,93873.13203734726,46126.867962652745
136706,0,366000.0,PhD,M,2,127769,engineering,IC,0,IC,0,239738.82647541008,126261.17352458992
134683,1,62000.0,High_School,F,1,23737,HR,IC,0,IC,0,92385.18359065363,-30385.18359065363
104205,0,110000.0,High_School,F,4,68998,marketing,IC,0,IC,0,201724.40649176008,-91724.40649176008
89627,1,264000.0,Bachelor,M,1,39417,engineering,IC,0,IC,0,241459.58846692662,22540.411533073377
10301,1,115000.0,Master,M,1,134982,sales,IC,0,IC,0,194883.36343501264,-79883.36343501264
195917,0,87000.0,Bachelor,M,5,90065,engineering,IC,0,IC,0,237543.49587850232,-150543.49587850232
168669,1,222000.0,Bachelor,F,1,60373,marketing,IC,0,IC,0,200189.67771152535,21810.32228847465
89420,0,185000.0,PhD,F,3,142367,sales,IC,0,IC,0,195546.71190949707,-10546.71190949707
133795,0,251000.0,PhD,M,11,51535,engineering,VP,179,VP,179,246345.43452380956,4654.565476190444
79923,0,132000.0,PhD,M,2,69379,sales,IC,0,IC,0,201356.5442201449,-69356.54422014489
60801,0,63000.0,Master,M,7,8812,HR,IC,0,IC,0,78571.49998326687,-15571.49998326687
179009,0,71000.0,Bachelor,M,2,84230,marketing,IC,0,IC,0,196739.27564649528,-125739.27564649528
14465,0,101000.0,Master,F,9,116660,HR,MM,11,MM,11,110864.52716459878,-9864.527164598781
39333,0,182000.0,High_School,M,1,89837,marketing,IC,0,IC,0,181617.3790151326,382.6209848673898
133595,1,95000.0,Master,F,1,90639,marketing,IC,0,IC,0,153071.42070149296,-58071.420701492956
68912,0,166000.0,Bachelor,M,1,148236,sales,IC,0,IC,0,179465.38885958475,-13465.388859584753
42714,0,298000.0,High_School,M,6,145126,sales,IC,0,IC,0,190398.68369662002,107601.31630337998
156179,1,190000.0,Master,F,4,181772,sales,IC,0,IC,0,196357.1254950726,-6357.1254950726
167941,0,278000.0,Master,M,16,34051,sales,D,120,D,120,254855.04731020614,23144.952689793863
101095,1,235000.0,PhD,M,1,41991,sales,IC,0,IC,0,193940.69232599234,41059.307674007665
166420,0,86000.0,PhD,M,5,132399,sales,IC,0,IC,0,192559.0137282462,-106559.01372824621
178762,0,210000.0,Master,M,2,118769,engineering,IC,0,IC,0,225404.836709512,-15404.83670951199
80100,0,194000.0,PhD,F,3,168564,sales,IC,0,IC,0,195546.71190949707,-1546.7119094970694
117728,0,160000.0,Master,M,3,46957,sales,IC,0,IC,0,195369.80999597523,-35369.80999597523
93482,0,293000.0,Master,M,1,8663,sales,IC,0,IC,0,198051.2011472294,94948.79885277059
71547,0,258000.0,PhD,M,2,164638,sales,IC,0,IC,0,201356.5442201449,56643.45577985511
172336,0,171000.0,PhD,M,5,178954,engineering,IC,0,IC,0,243058.35787352896,-72058.35787352896
183056,0,217000.0,Master,M,4,73893,sales,IC,0,IC,0,194695.32052053208,22304.679479467915
73145,0,195000.0,Bachelor,M,2,185976,engineering,IC,0,IC,0,238810.46474319053,-43810.46474319053
178320,0,117000.0,Bachelor,F,5,185285,HR,IC,0,IC,0,85695.75736501839,31304.24263498161
138229,0,60000.0,Master,F,1,123263,HR,IC,0,IC,0,82364.56846565497,-22364.56846565497
121813,0,298000.0,PhD,M,2,112302,engineering,IC,0,IC,0,239738.82647541008,58261.17352458992
19127,0,253000.0,Bachelor,F,6,92403,sales,IC,0,IC,0,200771.57459589085,52228.42540410915
186341,0,64000.0,PhD,M,8,91979,HR,IC,0,IC,0,77217.56023676235,-13217.56023676235
189254,0,308000.0,Bachelor,M,1,147249,engineering,IC,0,IC,0,253447.42674818967,54552.57325181033
88597,0,202000.0,Master,M,8,132399,sales,IC,0,IC,0,182806.4628018026,19193.537198197388
103100,0,202000.0,Bachelor,M,2,158777,marketing,IC,0,IC,0,196739.27564649528,5260.724353504716
159671,1,286000.0,Master,F,1,62990,sales,IC,0,IC,0,162567.59691448012,123432.40308551988
87704,0,247000.0,Master,M,6,132283,engineering,IC,0,IC,0,250298.06490293815,-3298.0649029381457
85453,1,145000.0,High_School,F,1,87762,sales,IC,0,IC,0,175018.73009809814,-30018.730098098138
190713,0,187000.0,Bachelor,F,6,54997,sales,IC,0,IC,0,200771.57459589085,-13771.574595890852
140936,0,223000.0,Master,M,5,33266,marketing,IC,0,IC,0,192239.89997562923,30760.100024370768
57999,0,239000.0,Bachelor,M,7,180925,sales,IC,0,IC,0,194389.89332323067,44610.10667676933
35391,0,151000.0,High_School,M,1,192414,sales,IC,0,IC,0,186739.580228817,-35739.58022881701
33896,0,63000.0,Bachelor,M,6,55636,HR,IC,0,IC,0,82309.25309772248,-19309.25309772248
189422,0,358000.0,PhD,F,4,67931,engineering,IC,0,IC,0,246324.63278111335,111675.36721888665
36765,0,76000.0,PhD,M,4,10786,HR,IC,0,IC,0,86837.11909178048,-10837.119091780478
54865,0,149000.0,PhD,M,6,98558,engineering,IC,0,IC,0,247728.11200962216,-98728.11200962216
107750,0,203000.0,PhD,M,1,180924,marketing,IC,0,IC,0,195577.15476246577,7422.845237534231
48120,1,398000.0,Master,M,3,140317,engineering,MM,12,MM,12,279283.49226417794,118716.50773582206
192011,0,281000.0,PhD,M,8,128065,engineering,IC,0,IC,0,261196.27500379895,19803.724996201054
3742,0,126000.0,Bachelor,F,2,69379,sales,IC,0,IC,0,190325.4138625573,-64325.413862557296
38388,1,394000.0,PhD,F,3,127623,engineering,IC,0,IC,0,266408.7034972524,127591.29650274757
192318,0,83000.0,Master,F,2,180006,HR,IC,0,IC,0,82960.55864883834,39.44135116165853
97894,0,347000.0,Master,F,3,102632,marketing,IC,0,IC,0,191708.4988256018,155291.5011743982
69362,0,102000.0,Bachelor,F,2,198403,sales,IC,0,IC,0,190325.4138625573,-88325.4138625573
24437,0,261000.0,Bachelor,M,7,98520,marketing,IC,0,IC,0,193088.13778393113,67911.86221606887
144705,0,84000.0,Bachelor,M,4,61038,sales,IC,0,IC,0,193264.55968086384,-109264.55968086384
66021,0,88000.0,Master,M,3,95841,engineering,IC,0,IC,0,244073.52979870792,-156073.52979870792
169379,0,123000.0,PhD,M,3,113566,engineering,IC,0,IC,0,244594.82101961187,-121594.82101961187
159482,1,175000.0,Bachelor,M,5,148032,sales,IC,0,IC,0,199879.9083933267,-24879.90839332671
70453,1,325000.0,Bachelor,F,5,63785,engineering,IC,0,IC,0,239305.37951119905,85694.62048880095
105851,0,212000.0,Master,F,7,135848,marketing,IC,0,IC,0,187756.81951955231,24243.180480447685
27116,1,123000.0,PhD,M,4,78215,sales,IC,0,IC,0,200154.16277634335,-77154.16277634335
97482,1,127000.0,PhD,M,3,21377,sales,IC,0,IC,0,182782.6484747099,-55782.64847470989
132825,0,252000.0,Master,M,4,115591,sales,IC,0,IC,0,194695.32052053208,57304.679479467915
198920,1,158000.0,Bachelor,F,6,69943,sales,IC,0,IC,0,200667.41278442592,-42667.41278442592
53433,0,263000.0,Master,M,2,147249,engineering,IC,0,IC,0,225404.836709512,37595.16329048801
141083,0,304000.0,Bachelor,M,1,156010,engineering,IC,0,IC,0,253447.42674818967,50552.57325181033
180225,0,380000.0,High_School,M,1,127623,engineering,IC,0,IC,0,231847.76096461926,148152.23903538074
95030,0,202000.0,PhD,F,1,72965,sales,IC,0,IC,0,184864.59303542023,17135.40696457977
10342,1,314000.0,High_School,M,5,102815,sales,IC,0,IC,0,196471.22445234368,117528.77554765632
30093,0,174000.0,High_School,M,2,189627,sales,IC,0,IC,0,195986.4498613001,-21986.44986130009
153656,0,177000.0,Master,M,1,189627,sales,IC,0,IC,0,198051.2011472294,-21051.20114722941
98419,1,72000.0,PhD,F,13,69550,marketing,MM,11,MM,11,134310.18465766293,-62310.18465766293
39828,0,276000.0,Bachelor,F,4,115591,sales,IC,0,IC,0,199971.48280086013,76028.51719913987
159550,1,79000.0,Bachelor,M,1,132192,HR,IC,0,IC,0,88511.26038412712,-9511.26038412712
22354,0,333000.0,Master,M,2,41175,engineering,IC,0,IC,0,225404.836709512,107595.16329048801
115552,0,163000.0,High_School,F,7,191083,marketing,IC,0,IC,0,193993.40192235226,-30993.401922352263
11247,1,176000.0,High_School,M,5,160476,sales,IC,0,IC,0,196471.22445234368,-20471.224452343682
41134,0,276000.0,High_School,M,3,80728,engineering,IC,0,IC,0,251988.4772456092,24011.52275439081
139474,1,240000.0,High_School,F,2,196637,engineering,IC,0,IC,0,174840.34102302935,65159.65897697065
169833,0,124000.0,PhD,F,14,59566,HR,MM,15,MM,15,119944.69047619047,4055.3095238095266
46674,0,87000.0,PhD,F,3,159638,HR,IC,0,IC,0,83843.8873054549,3156.112694545096
38743,1,273000.0,Master,M,1,48742,engineering,IC,0,IC,0,250966.59465767271,22033.405342327285
194904,1,108000.0,Bachelor,F,12,21604,HR,MM,17,MM,17,105324.80808080808,2675.191919191915
101254,0,275000.0,Master,F,1,116774,engineering,IC,0,IC,0,251201.8322477962,23798.167752203793
97863,0,108000.0,PhD,F,1,61517,HR,IC,0,IC,0,87076.16641899414,20923.833581005863
36666,0,103000.0,Bachelor,F,3,64858,HR,IC,0,IC,0,83591.34611794354,19408.65388205646
191624,0,62000.0,Master,M,4,12214,sales,IC,0,IC,0,194695.32052053208,-132695.32052053208
130359,0,257000.0,Master,F,2,172889,sales,IC,0,IC,0,192912.71319514548,64087.28680485452
89748,0,108000.0,Master,M,5,127266,marketing,IC,0,IC,0,192239.89997562923,-84239.89997562923
150248,0,175000.0,Master,M,4,61038,sales,IC,0,IC,0,194695.32052053208,-19695.320520532085
174597,0,73000.0,Bachelor,F,3,154381,sales,IC,0,IC,0,194461.09812463698,-121461.09812463698
126891,0,210000.0,Master,F,2,74066,engineering,IC,0,IC,0,260023.70872319196,-50023.70872319196
181206,0,61000.0,High_School,F,2,146111,HR,IC,0,IC,0,84827.81499972833,-23827.814999728333
129133,0,63000.0,Master,M,3,5743,sales,IC,0,IC,0,195369.80999597523,-132369.80999597523
99259,1,305000.0,PhD,F,7,145710,engineering,IC,0,IC,0,264585.38292714587,40414.61707285413
29647,1,158000.0,PhD,M,5,89523,sales,IC,0,IC,0,191458.68923493737,-33458.68923493737
103251,1,137000.0,High_School,M,1,76641,engineering,IC,0,IC,0,201743.7749494076,-64743.77494940761
107184,1,222000.0,Bachelor,M,5,92845,engineering,IC,0,IC,0,249070.2644405276,-27070.264440527593
113600,0,126000.0,PhD,M,2,112643,sales,IC,0,IC,0,201356.5442201449,-75356.54422014489
132068,1,65000.0,Bachelor,M,2,79193,sales,IC,0,IC,0,198429.69040148894,-133429.69040148894
66261,0,348000.0,PhD,M,4,1872,engineering,IC,0,IC,0,241182.17333249372,106817.82666750628
183620,0,232000.0,Bachelor,F,6,5282,sales,IC,0,IC,0,200771.57459589085,31228.425404109148
178023,0,89000.0,PhD,M,1,108164,sales,IC,0,IC,0,198908.11730505654,-109908.11730505654
48871,1,308000.0,PhD,M,1,94507,engineering,IC,0,IC,0,238639.5918970931,69360.40810290689
66783,1,133000.0,Bachelor,M,3,20901,engineering,IC,0,IC,0,238207.9962027491,-105207.99620274911
130598,0,143000.0,Bachelor,M,2,136468,sales,IC,0,IC,0,196776.30656462905,-53776.30656462905
143686,1,280000.0,Bachelor,F,4,16073,marketing,IC,0,IC,0,207278.65164912542,72721.34835087458
76641,0,399000.0,Master,F,8,154285,engineering,MM,10,MM,10,277475.44066525035,121524.55933474965
95403,0,184000.0,Master,M,3,114572,marketing,IC,0,IC,0,195418.4685635701,-11418.468563570088
61959,1,295000.0,PhD,M,3,116119,marketing,IC,0,IC,0,184507.95041214005,110492.04958785995
152890,0,149000.0,PhD,M,4,198648,marketing,IC,0,IC,0,210382.93359964158,-61382.933599641576
125924,0,321000.0,PhD,F,7,155437,engineering,IC,0,IC,0,276247.6199559844,44752.38004401559
67884,0,119000.0,Master,M,4,39231,HR,IC,0,IC,0,85034.65160610934,33965.34839389066
179998,0,70000.0,High_School,M,2,252,HR,IC,0,IC,0,84800.74930108206,-14800.749301082062
137811,0,209000.0,PhD,M,7,132399,sales,IC,0,IC,0,195867.84805352206,13132.151946477941
5729,1,71000.0,PhD,M,3,100373,HR,IC,0,IC,0,73145.067569542,-2145.067569542007
22090,0,63000.0,Master,M,10,156036,marketing,MM,10,MM,10,158301.15694351232,-95301.15694351232
178070,1,287000.0,Master,M,2,49729,sales,IC,0,IC,0,195747.7721196565,91252.2278803435
35649,0,127000.0,PhD,M,2,71130,engineering,IC,0,IC,0,239738.82647541008,-112738.82647541008
72447,1,147000.0,Bachelor,M,4,87330,engineering,IC,0,IC,0,243628.2627138922,-96628.26271389221
93361,0,215000.0,Bachelor,F,7,171499,engineering,IC,0,IC,0,231671.65697249785,-16671.656972497847
132309,0,113000.0,High_School,M,5,163049,sales,MM,12,MM,12,189893.97283291523,-76893.97283291523
153607,0,227000.0,Bachelor,F,5,69943,sales,IC,0,IC,0,201703.6417993344,25296.358200665592
130018,0,254000.0,PhD,M,3,88007,sales,IC,0,IC,0,197202.7515403313,56797.24845966871
167961,0,230000.0,PhD,F,1,87707,sales,IC,0,IC,0,184864.59303542023,45135.40696457977
158234,0,111000.0,PhD,F,1,178954,engineering,IC,0,IC,0,245816.63079848664,-134816.63079848664
171668,1,294000.0,High_School,F,2,147016,sales,IC,0,IC,0,195457.00986642178,98542.99013357822
188953,0,92000.0,Bachelor,F,5,101901,engineering,IC,0,IC,0,263857.73149032274,-171857.73149032274
63178,0,249000.0,PhD,F,3,177772,marketing,IC,0,IC,0,211839.30129742634,37160.69870257366
62043,0,86000.0,PhD,M,4,189937,engineering,MM,12,MM,12,296007.9777503859,-210007.97775038588
34370,0,173000.0,High_School,F,3,91345,sales,IC,0,IC,0,191417.9608666185,-18417.960866618494
63832,0,210000.0,PhD,M,8,167223,marketing,MM,7,MM,7,216015.94205867324,-6015.942058673245
185729,0,161000.0,Master,M,1,177489,marketing,IC,0,IC,0,195691.75019170734,-34691.75019170734
24163,0,332000.0,Bachelor,F,5,74170,sales,IC,0,IC,0,201703.6417993344,130296.35820066559
40069,1,288000.0,Bachelor,M,2,140542,sales,IC,0,IC,0,198429.69040148894,89570.30959851106
97040,1,115000.0,Master,F,7,95935,HR,MM,2,MM,2,110536.99731442219,4463.002685577812
123521,1,202000.0,Bachelor,M,2,94611,engineering,IC,0,IC,0,242862.72183744767,-40862.721837447665
83007,1,67000.0,PhD,F,2,159638,HR,IC,0,IC,0,76876.70287676553,-9876.702876765528
146023,0,97000.0,Master,F,8,68998,marketing,IC,0,IC,0,189771.63614697114,-92771.63614697114
27975,0,113000.0,Bachelor,M,5,123358,sales,IC,0,IC,0,195038.08580704563,-82038.08580704563
181264,1,164000.0,Master,M,7,7349,marketing,IC,0,IC,0,193518.42336502764,-29518.423365027644
80043,0,75000.0,Bachelor,F,6,99397,HR,MM,15,MM,15,82226.2902598964,-7226.290259896399
89619,0,73000.0,PhD,M,5,26053,HR,D,72,D,72,85611.78174603176,-12611.78174603176
136660,0,136000.0,PhD,M,7,171499,engineering,IC,0,IC,0,243957.16219824034,-107957.16219824034
146600,0,190000.0,Bachelor,M,14,107658,marketing,D,52,D,52,202426.5401147986,-12426.540114798612
117826,0,122000.0,Bachelor,F,7,147783,sales,IC,0,IC,0,202931.0713209912,-80931.0713209912
168331,0,286000.0,Master,F,4,111082,sales,IC,0,IC,0,198453.75863186418,87546.24136813582
188863,1,203000.0,Master,M,9,178314,marketing,IC,0,IC,0,202170.54690949584,829.4530905041611
25090,0,74000.0,Bachelor,F,5,194904,HR,IC,0,IC,0,85695.75736501839,-11695.757365018391
191612,0,139000.0,PhD,F,4,115694,engineering,IC,0,IC,0,246324.63278111335,-107324.63278111335
197716,0,245000.0,High_School,M,4,73489,sales,IC,0,IC,0,192668.28755272523,52331.71244727477
31813,0,85000.0,Master,F,4,169849,HR,IC,0,IC,0,79232.74241669648,5767.257583303523
166881,1,261000.0,Master,M,4,14470,sales,IC,0,IC,0,193172.76047413386,67827.23952586614
146830,0,87000.0,Bachelor,F,1,104539,HR,IC,0,IC,0,77771.4712925606,9228.5287074394
75093,0,74000.0,PhD,F,3,100373,HR,IC,0,IC,0,83843.8873054549,-9843.887305454904
185656,1,228000.0,PhD,M,4,132283,engineering,IC,0,IC,0,236378.21786726158,-8378.217867261585
129631,0,331000.0,Bachelor,M,1,157064,marketing,IC,0,IC,0,195298.98660263894,135701.01339736106
132683,0,234000.0,Master,M,8,146629,engineering,MM,13,MM,13,249021.93766984128,-15021.937669841282
110844,1,88000.0,Master,M,4,153291,sales,IC,0,IC,0,193172.76047413386,-105172.76047413386
35099,1,98000.0,High_School,M,3,122197,engineering,IC,0,IC,0,246261.9865189567,-148261.9865189567
131,0,241000.0,PhD,F,7,133420,sales,IC,0,IC,0,200481.71279382356,40518.287206176436
58431,0,267000.0,Bachelor,F,3,55431,sales,IC,0,IC,0,194461.09812463698,72538.90187536302
5506,0,296000.0,Bachelor,M,2,130204,marketing,IC,0,IC,0,196739.27564649528,99260.72435350472
193566,0,229000.0,Master,M,1,167877,sales,IC,0,IC,0,198051.2011472294,30948.79885277059
26800,0,181000.0,Bachelor,M,3,25805,sales,IC,0,IC,0,194528.5959929,-13528.595992899995
122197,1,184000.0,High_School,M,3,145161,engineering,MM,12,MM,12,284590.692510744,-100590.69251074397
1540,0,100000.0,Bachelor,F,5,196660,sales,IC,0,IC,0,201703.6417993344,-101703.64179933441
178733,0,196000.0,Master,M,1,75198,marketing,IC,0,IC,0,195691.75019170734,308.2498082926613
135956,1,182000.0,Bachelor,M,5,148984,sales,IC,0,IC,0,199879.9083933267,-17879.90839332671
43371,1,81000.0,High_School,M,3,113245,sales,IC,0,IC,0,184716.40600900303,-103716.40600900303
35401,1,228000.0,PhD,M,3,160511,marketing,IC,0,IC,0,184507.95041214005,43492.04958785995
59347,0,112000.0,Bachelor,M,7,75705,HR,IC,0,IC,0,78143.12642095941,33856.87357904059
152323,0,166000.0,Bachelor,M,4,193452,sales,IC,0,IC,0,193264.55968086384,-27264.559680863837
181704,0,238000.0,PhD,M,4,94039,sales,IC,0,IC,0,194705.84234154952,43294.15765845048
120829,1,61000.0,Master,F,2,113578,marketing,IC,0,IC,0,173888.25401291758,-112888.25401291758
159580,0,182000.0,Master,M,2,62161,marketing,IC,0,IC,0,189747.8553120937,-7747.855312093714
88784,0,115000.0,Bachelor,F,4,135804,HR,IC,0,IC,0,86004.53677464435,28995.46322535565
108709,1,177000.0,PhD,M,1,30640,engineering,IC,0,IC,0,238639.5918970931,-61639.59189709311
77345,1,113000.0,Master,M,1,53374,sales,IC,0,IC,0,194883.36343501264,-81883.36343501264
173342,0,363000.0,Master,M,3,51288,engineering,IC,0,IC,0,244073.52979870792,118926.47020129208
52319,0,300000.0,Bachelor,M,3,154897,sales,MM,14,MM,14,216511.89808709026,83488.10191290974
153890,0,283000.0,Bachelor,F,2,146473,marketing,IC,0,IC,0,195854.82935350726,87145.17064649274
156169,0,198000.0,Bachelor,M,1,4110,sales,IC,0,IC,0,179465.38885958475,18534.611140415247
7295,0,112000.0,Master,F,3,80043,HR,IC,0,IC,0,83947.66681572703,28052.333184272968
159926,1,253000.0,Bachelor,F,7,153551,sales,IC,0,IC,0,203566.4650379505,49433.53496204951
161003,0,167000.0,PhD,M,3,23120,marketing,IC,0,IC,0,204409.410789578,-37409.41078957799
102093,0,243000.0,PhD,M,3,148032,sales,IC,0,IC,0,197202.7515403313,45797.24845966871
56391,0,117000.0,Master,F,2,123502,HR,IC,0,IC,0,82960.55864883834,34039.44135116166
134812,0,66000.0,PhD,F,1,5889,HR,IC,0,IC,0,87076.16641899414,-21076.166418994137
148120,0,67000.0,Bachelor,M,7,754,HR,IC,0,IC,0,78143.12642095941,-11143.126420959408
166097,1,154000.0,High_School,M,1,182556,sales,IC,0,IC,0,182145.5554433057,-28145.555443305697
155605,0,121000.0,High_School,M,4,146404,marketing,IC,0,IC,0,195051.7370391725,-74051.7370391725
76894,0,268000.0,Master,M,3,161727,engineering,IC,0,IC,0,244073.52979870792,23926.470201292075
172196,1,61000.0,PhD,M,1,96060,HR,IC,0,IC,0,73513.19816605755,-12513.198166057555
133734,0,222000.0,PhD,M,8,77866,marketing,IC,0,IC,0,206079.79151268277,15920.208487317228
76028,0,83000.0,Master,F,1,14226,HR,IC,0,IC,0,82364.56846565497,635.4315343450289
172626,0,117000.0,Bachelor,M,6,48742,engineering,IC,0,IC,0,252047.32944780047,-135047.32944780047
32940,0,216000.0,Master,M,1,121419,engineering,IC,0,IC,0,253167.61103592915,-37167.61103592915
55286,0,166000.0,High_School,M,2,133420,sales,IC,0,IC,0,195986.4498613001,-29986.44986130009
151838,0,161000.0,Master,M,8,3917,sales,MM,9,MM,9,180689.8145556565,-19689.814555656514
65239,0,85000.0,Master,F,4,21470,marketing,IC,0,IC,0,198018.38231216176,-113018.38231216176
156964,0,83000.0,High_School,M,1,198648,marketing,IC,0,IC,0,181617.3790151326,-98617.37901513261
160175,0,61000.0,Master,F,4,54315,sales,IC,0,IC,0,198453.75863186418,-137453.75863186418
178602,0,370000.0,Bachelor,F,7,37220,engineering,IC,0,IC,0,231671.65697249785,138328.34302750215
129381,0,211000.0,PhD,M,8,142146,sales,D,22,D,22,206559.9593734426,4440.040626557398
68808,0,260000.0,Master,M,2,5374,sales,IC,0,IC,0,196044.60399481485,63955.396005185146
86864,0,191000.0,High_School,F,2,53374,sales,IC,0,IC,0,189874.31344501488,1125.686554985121
41730,0,129000.0,PhD,M,4,55972,HR,IC,0,IC,0,86837.11909178048,42162.88090821952
107735,0,144000.0,Master,M,3,136861,sales,IC,0,IC,0,195369.80999597523,-51369.80999597523
28676,0,99000.0,Bachelor,M,2,191485,sales,IC,0,IC,0,196776.30656462905,-97776.30656462905
49853,1,66000.0,Bachelor,M,4,31063,HR,IC,0,IC,0,90809.33560640585,-24809.335606405846
30935,0,133000.0,PhD,F,1,53374,sales,IC,0,IC,0,184864.59303542023,-51864.59303542023
82123,0,368000.0,Bachelor,M,3,87330,engineering,IC,0,IC,0,244492.12806626968,123507.87193373032
82830,0,62000.0,High_School,M,6,88370,HR,IC,0,IC,0,77257.7937290835,-15257.793729083496
122834,0,63000.0,Bachelor,F,3,53826,HR,IC,0,IC,0,83591.34611794354,-20591.34611794354
85495,1,102000.0,PhD,F,4,64087,HR,IC,0,IC,0,77517.26291450021,24482.737085499786
9152,1,191000.0,High_School,M,1,198403,sales,IC,0,IC,0,182145.5554433057,8854.444556694303
90973,0,312000.0,Bachelor,M,3,155437,engineering,IC,0,IC,0,244492.12806626968,67507.87193373032
53283,0,287000.0,PhD,F,5,198403,sales,IC,0,IC,0,201521.88967796802,85478.11032203198
177448,1,301000.0,PhD,F,3,95841,engineering,IC,0,IC,0,266408.7034972524,34591.29650274757
35707,0,182000.0,Master,M,1,130449,sales,IC,0,IC,0,198051.2011472294,-16051.20114722941
29010,0,293000.0,High_School,M,3,159906,sales,IC,0,IC,0,193926.29331709526,99073.70668290474
123051,0,69000.0,High_School,F,2,66420,HR,IC,0,IC,0,84827.81499972833,-15827.814999728333
30238,0,263000.0,Master,F,5,149970,marketing,IC,0,IC,0,195556.18676362679,67443.81323637321
198765,0,175000.0,Master,M,3,79807,engineering,IC,0,IC,0,244073.52979870792,-69073.52979870792
25805,1,195000.0,Bachelor,F,13,8665,sales,MM,5,MM,5,193847.458473089,1152.5415269109944
37286,0,211000.0,Master,M,5,148418,engineering,IC,0,IC,0,241342.61319268073,-30342.61319268073
170431,0,327000.0,Master,M,2,5692,marketing,MM,5,MM,5,218866.41851034787,108133.58148965213
160647,0,310000.0,Bachelor,F,5,62081,sales,IC,0,IC,0,201703.6417993344,108296.35820066559
87762,1,385000.0,PhD,M,5,154897,sales,MM,11,MM,11,177023.4133161208,207976.5866838792
78516,0,79000.0,PhD,M,8,164851,sales,MM,13,MM,13,154262.75683391956,-75262.75683391956
37124,0,158000.0,Bachelor,F,10,120639,sales,MM,10,MM,10,161858.8613619134,-3858.861361913412
61753,0,72000.0,Bachelor,M,4,8812,HR,IC,0,IC,0,85853.00043622433,-13853.000436224334
133420,1,253000.0,PhD,F,9,120639,sales,MM,10,MM,10,203524.61504658122,49475.384953418776
17423,1,207000.0,Master,M,2,23565,sales,IC,0,IC,0,195747.7721196565,11252.227880343504
56726,0,265000.0,Bachelor,M,3,19806,sales,IC,0,IC,0,194528.5959929,70471.4040071
196259,1,113000.0,High_School,M,1,173939,marketing,IC,0,IC,0,201774.6310184148,-88774.6310184148
110263,1,214000.0,High_School,M,1,184998,sales,IC,0,IC,0,182145.5554433057,31854.444556694303
30786,0,74000.0,PhD,F,3,141211,HR,IC,0,IC,0,83843.8873054549,-9843.887305454904
128544,0,62000.0,High_School,M,5,122762,sales,IC,0,IC,0,190414.06772590298,-128414.06772590298
131696,0,258000.0,PhD,M,3,170922,sales,IC,0,IC,0,197202.7515403313,60797.24845966871
181199,0,251000.0,Master,F,5,51288,engineering,IC,0,IC,0,237036.2608257125,13963.739174287504
172522,0,158000.0,PhD,F,2,93223,engineering,IC,0,IC,0,245586.57159200107,-87586.57159200107
81163,0,92000.0,Bachelor,M,1,71987,HR,IC,0,IC,0,85222.58767315086,6777.4123268491385
535,1,360000.0,PhD,M,3,71945,engineering,IC,0,IC,0,246707.47890110445,113292.52109889555
57140,1,198000.0,Bachelor,M,6,162381,engineering,IC,0,IC,0,254868.05476583744,-56868.05476583744
137748,0,104000.0,Bachelor,M,6,175548,HR,IC,0,IC,0,82309.25309772248,21690.74690227752
46328,0,181000.0,High_School,F,5,158777,marketing,IC,0,IC,0,196285.1315942073,-15285.131594207312
110588,1,184000.0,Master,M,1,101819,engineering,IC,0,IC,0,250966.59465767271,-66966.59465767271
15818,1,144000.0,Master,F,4,111508,marketing,IC,0,IC,0,202198.159483039,-58198.159483038995
123732,0,93000.0,PhD,F,3,87707,sales,IC,0,IC,0,195546.71190949707,-102546.71190949707
2256,0,69000.0,PhD,M,2,66591,sales,IC,0,IC,0,201356.5442201449,-132356.5442201449
103394,0,83000.0,PhD,M,7,39231,HR,IC,0,IC,0,81811.02716801292,1188.9728319870774
87805,1,207000.0,PhD,F,2,148795,engineering,IC,0,IC,0,285728.9021753286,-78728.90217532858
149056,0,241000.0,Bachelor,M,4,126257,engineering,IC,0,IC,0,245313.12529643642,-4313.125296436425
52425,1,208000.0,Master,F,2,8711,marketing,IC,0,IC,0,173888.25401291758,34111.745987082424
85426,0,63000.0,PhD,M,3,24015,HR,MM,13,MM,13,99919.66993393083,-36919.669933930825
82045,0,268000.0,PhD,M,4,94683,marketing,IC,0,IC,0,210382.93359964158,57617.066400358424
28516,0,196000.0,Master,M,1,181219,marketing,IC,0,IC,0,195691.75019170734,308.2498082926613
180032,0,95000.0,Bachelor,M,2,29712,engineering,IC,0,IC,0,238810.46474319053,-143810.46474319053
43468,1,62000.0,High_School,M,2,52525,engineering,IC,0,IC,0,231965.8322813009,-169965.8322813009
24843,1,164000.0,High_School,M,6,102043,marketing,IC,0,IC,0,177651.04742009717,-13651.047420097166
186086,1,260000.0,Master,M,2,184512,engineering,MM,15,MM,15,243219.53875330518,16780.461246694817
122414,0,83000.0,PhD,F,2,9400,HR,IC,0,IC,0,81889.77770686249,1110.2222931375145
187369,0,248000.0,Master,M,4,103448,sales,IC,0,IC,0,194695.32052053208,53304.679479467915
4863,0,327000.0,PhD,F,2,152791,sales,IC,0,IC,0,202419.4707253329,124580.52927466709
184453,0,223000.0,Bachelor,M,4,135846,sales,IC,0,IC,0,193264.55968086384,29735.440319136163
65690,1,286000.0,Bachelor,M,5,35499,sales,IC,0,IC,0,199879.9083933267,86120.09160667329
19642,0,228000.0,Master,F,4,144928,sales,IC,0,IC,0,198453.75863186418,29546.241368135816
136617,0,123000.0,Master,M,3,51121,HR,IC,0,IC,0,81611.19715433878,41388.80284566122
116180,1,228000.0,Master,F,7,113589,engineering,MM,16,MM,16,238652.5213815361,-10652.521381536091
72326,0,207000.0,Master,M,4,133927,engineering,IC,0,IC,0,241830.84919374806,-34830.84919374806
163843,0,259000.0,High_School,M,2,152791,sales,IC,0,IC,0,195986.4498613001,63013.55013869991
93194,1,113000.0,Bachelor,M,1,48912,engineering,IC,0,IC,0,241459.58846692662,-128459.58846692662
46178,1,126000.0,Bachelor,M,5,42270,engineering,MM,11,MM,11,194000.63269683448,-68000.63269683448
22846,0,106000.0,Master,M,3,20828,marketing,IC,0,IC,0,195418.4685635701,-89418.46856357009
79007,0,236000.0,PhD,F,4,52796,sales,IC,0,IC,0,200837.55383701346,35162.44616298654
150204,1,292000.0,Bachelor,M,4,116180,engineering,IC,0,IC,0,243628.2627138922,48371.73728610779
155992,1,152000.0,Bachelor,M,3,128966,sales,IC,0,IC,0,189257.1654400931,-37257.165440093086
84737,1,222000.0,PhD,M,2,103912,sales,IC,0,IC,0,191180.20114872733,30819.798851272673
15756,0,326000.0,Master,M,1,160476,sales,IC,0,IC,0,198051.2011472294,127948.79885277059
138954,0,209000.0,PhD,M,3,123358,sales,IC,0,IC,0,197202.7515403313,11797.248459668714
155903,1,106000.0,Master,M,4,189890,engineering,IC,0,IC,0,235272.1286071889,-129272.1286071889
142295,0,194000.0,Bachelor,M,5,147642,sales,IC,0,IC,0,195038.08580704563,-1038.0858070456306
60038,0,242000.0,PhD,M,2,47472,engineering,IC,0,IC,0,239738.82647541008,2261.173524589918
124044,0,212000.0,Master,F,6,26183,sales,IC,0,IC,0,195325.24825658792,16674.751743412082
61331,0,184000.0,High_School,F,3,25934,engineering,IC,0,IC,0,253399.05649762868,-69399.05649762868
92210,1,283000.0,Bachelor,M,14,78493,sales,MM,10,MM,10,263229.5012546922,19770.498745307792
91860,0,266000.0,High_School,M,4,194078,marketing,IC,0,IC,0,195051.7370391725,70948.2629608275
159129,0,80000.0,PhD,F,6,142630,HR,IC,0,IC,0,80224.81814815088,-224.81814815088
73716,0,132000.0,Master,F,2,65856,sales,IC,0,IC,0,192912.71319514548,-60912.71319514548
150098,1,150000.0,Master,M,1,190249,marketing,IC,0,IC,0,165989.76505118783,-15989.765051187831
65682,0,378000.0,PhD,F,2,167650,engineering,IC,0,IC,0,245586.57159200107,132413.42840799893
175388,0,186000.0,High_School,F,6,34714,sales,IC,0,IC,0,197100.5741972499,-11100.574197249894
104399,0,170000.0,PhD,M,5,190060,sales,IC,0,IC,0,192559.0137282462,-22559.01372824621
103421,1,237000.0,PhD,F,9,5342,engineering,MM,19,MM,19,233452.16732575838,3547.8326742416248
27441,1,173000.0,Master,M,8,80128,sales,IC,0,IC,0,201595.65416309822,-28595.654163098225
192998,0,127000.0,Bachelor,F,9,88303,sales,IC,0,IC,0,170266.74041539893,-43266.740415398934
99387,0,84000.0,Master,F,3,144401,sales,IC,0,IC,0,191260.8810195265,-107260.88101952651
23051,0,133000.0,Master,M,4,69379,sales,IC,0,IC,0,194695.32052053208,-61695.320520532085
171970,1,93000.0,PhD,M,3,108164,sales,IC,0,IC,0,182782.6484747099,-89782.64847470989
171579,0,323000.0,Bachelor,M,2,121527,marketing,IC,0,IC,0,196739.27564649528,126260.72435350472
69892,1,317000.0,Bachelor,M,2,140393,engineering,IC,0,IC,0,242862.72183744767,74137.27816255233
169744,0,65000.0,Bachelor,M,2,55636,HR,IC,0,IC,0,83618.18616664072,-18618.18616664072
151188,0,352000.0,High_School,M,8,68532,engineering,IC,0,IC,0,238267.1345341716,113732.86546582839
45967,0,208000.0,Master,M,3,136468,sales,IC,0,IC,0,195369.80999597523,12630.190004024771
31169,1,61000.0,Master,M,2,4384,HR,IC,0,IC,0,68348.12250334104,-7348.122503341045
69184,0,100000.0,Bachelor,F,5,171461,HR,IC,0,IC,0,85695.75736501839,14304.242634981609
131100,1,142000.0,Master,F,4,140061,sales,IC,0,IC,0,196357.1254950726,-54357.1254950726
174535,0,235000.0,PhD,M,2,148032,sales,IC,0,IC,0,201356.5442201449,33643.45577985511
106642,1,212000.0,Bachelor,M,6,48912,engineering,IC,0,IC,0,254868.05476583744,-42868.05476583744
142367,0,62000.0,PhD,M,6,181201,sales,MM,12,MM,12,186855.87280490887,-124855.87280490887
196953,0,288000.0,Bachelor,M,2,76135,marketing,IC,0,IC,0,196739.27564649528,91260.72435350472
31200,0,188000.0,PhD,M,2,58522,engineering,IC,0,IC,0,239738.82647541008,-51738.82647541008
92048,0,138000.0,High_School,M,5,135848,marketing,IC,0,IC,0,190498.8311588766,-52498.831158876594
60851,0,84000.0,Master,M,3,167188,HR,IC,0,IC,0,81611.19715433878,2388.802845661223
73152,0,274000.0,Bachelor,M,3,92765,engineering,IC,0,IC,0,244492.12806626968,29507.87193373032
136437,0,153000.0,Master,F,4,7212,marketing,IC,0,IC,0,198018.38231216176,-45018.38231216176
54341,1,181000.0,High_School,F,3,160169,sales,IC,0,IC,0,206475.92737872282,-25475.927378722816
84609,1,213000.0,Bachelor,M,4,198240,sales,IC,0,IC,0,200945.03521904073,12054.964780959272
18455,1,179000.0,PhD,M,2,157966,marketing,IC,0,IC,0,180493.22465190728,-1493.2246519072796
78222,1,328000.0,Bachelor,F,3,67931,engineering,IC,0,IC,0,249465.5655649748,78534.4344350252
33901,1,86000.0,High_School,F,1,175365,marketing,IC,0,IC,0,152342.72348095477,-66342.72348095477
83551,0,307000.0,High_School,M,5,110878,engineering,IC,0,IC,0,243781.76916131607,63218.23083868393
49953,0,200000.0,High_School,F,3,144401,sales,IC,0,IC,0,191417.9608666185,8582.039133381506
146678,0,118000.0,Master,M,3,183045,engineering,IC,0,IC,0,244073.52979870792,-126073.52979870792
100280,1,173000.0,PhD,F,2,71945,engineering,IC,0,IC,0,285728.9021753286,-112728.90217532858
75583,1,238000.0,High_School,F,2,92403,sales,IC,0,IC,0,195457.00986642178,42542.99013357822
23442,0,212000.0,Master,M,3,144401,sales,IC,0,IC,0,195369.80999597523,16630.19000402477
198093,0,216000.0,Bachelor,M,2,98931,marketing,IC,0,IC,0,196739.27564649528,19260.724353504716
116774,0,128000.0,High_School,M,11,71595,engineering,MM,10,MM,10,170087.41919191918,-42087.41919191918
59823,0,164000.0,Master,F,5,52319,sales,IC,0,IC,0,199991.97931669242,-35991.97931669242
154030,0,89000.0,PhD,F,5,131063,marketing,IC,0,IC,0,207892.75710233356,-118892.75710233356
141265,1,204000.0,Bachelor,M,3,39417,engineering,IC,0,IC,0,238207.9962027491,-34207.99620274911
166591,1,136000.0,Bachelor,M,8,17395,sales,MM,11,MM,11,203317.62622244257,-67317.62622244257
119513,1,131000.0,Master,M,3,75198,marketing,IC,0,IC,0,189367.86484762578,-58367.86484762578
107299,0,202000.0,Master,F,2,147783,sales,IC,0,IC,0,192912.71319514548,9087.28680485452
160003,0,237000.0,High_School,M,3,137369,sales,IC,0,IC,0,193926.29331709526,43073.70668290474
173732,1,118000.0,Bachelor,M,5,101981,sales,IC,0,IC,0,199879.9083933267,-81879.90839332671
184361,0,203000.0,PhD,M,2,172947,marketing,IC,0,IC,0,198900.55025181093,4099.449748189072
135446,0,63000.0,PhD,F,4,184885,HR,IC,0,IC,0,82462.33964853613,-19462.33964853613
37220,0,195000.0,Bachelor,M,9,7558,engineering,MM,10,MM,10,250639.20266459975,-55639.202664599754
177495,0,113000.0,Master,M,10,39785,HR,MM,11,MM,11,102283.66808153212,10716.331918467884
149807,0,315000.0,PhD,M,3,81644,engineering,IC,0,IC,0,244594.82101961187,70405.17898038813
22938,0,206000.0,PhD,F,3,124186,marketing,IC,0,IC,0,211839.30129742634,-5839.30129742634
106167,1,237000.0,Master,F,5,52920,sales,IC,0,IC,0,197527.31097026527,39472.68902973473
198996,1,102000.0,Master,M,1,30468,engineering,IC,0,IC,0,250966.59465767271,-148966.59465767271
74818,1,69000.0,PhD,M,6,181310,sales,MM,9,MM,9,182714.96044119485,-113714.96044119485
39199,1,82000.0,Master,F,7,194904,HR,IC,0,IC,0,89337.85046829452,-7337.85046829452
29231,1,259000.0,Bachelor,M,2,175434,sales,IC,0,IC,0,198429.69040148894,60570.309598511056
196521,0,210000.0,PhD,M,4,146473,marketing,IC,0,IC,0,210382.93359964158,-382.9335996415757
175310,0,74000.0,Master,M,2,75705,HR,IC,0,IC,0,75830.80845334244,-1830.8084533424408
197361,0,135000.0,Bachelor,M,5,169271,marketing,IC,0,IC,0,192321.90017747923,-57321.90017747923
31544,0,267000.0,Master,M,1,179212,marketing,IC,0,IC,0,195691.75019170734,71308.24980829266
4553,0,109000.0,Bachelor,M,4,174092,sales,IC,0,IC,0,193264.55968086384,-84264.55968086384
127727,1,332000.0,Master,M,1,58365,marketing,IC,0,IC,0,165989.76505118783,166010.23494881217
137131,0,340000.0,PhD,F,3,191351,marketing,IC,0,IC,0,211839.30129742634,128160.69870257366
79438,1,376000.0,Bachelor,M,1,122567,engineering,IC,0,IC,0,241459.58846692662,134540.41153307338
139383,1,373000.0,PhD,F,1,30468,engineering,IC,0,IC,0,263712.13522253255,109287.86477746745
158450,1,233000.0,High_School,M,5,138772,sales,IC,0,IC,0,196471.22445234368,36528.77554765632
23250,1,130000.0,Master,M,9,162381,engineering,IC,0,IC,0,221746.95067497008,-91746.95067497008
115856,0,157000.0,Master,F,5,3235,sales,MM,14,MM,14,174192.74169700584,-17192.74169700584
195222,0,147000.0,High_School,M,3,26505,marketing,IC,0,IC,0,196140.8951932918,-49140.8951932918
60373,0,190000.0,Master,F,2,155485,marketing,MM,9,MM,9,175270.2737126468,14729.726287353202
63908,0,135000.0,Master,F,1,7255,engineering,IC,0,IC,0,251201.8322477962,-116201.8322477962
52260,0,86000.0,Bachelor,M,1,52923,sales,IC,0,IC,0,179465.38885958475,-93465.38885958475
185623,0,112000.0,Master,M,7,22090,marketing,IC,0,IC,0,184687.5348280426,-72687.53482804261
52993,1,178000.0,High_School,M,1,71585,sales,IC,0,IC,0,182145.5554433057,-4145.555443305697
65539,1,128000.0,High_School,M,6,71945,engineering,IC,0,IC,0,206043.43468483628,-78043.43468483628
188629,0,202000.0,PhD,M,3,61811,sales,IC,0,IC,0,197202.7515403313,4797.248459668714
144947,1,93000.0,High_School,F,1,154375,HR,IC,0,IC,0,92385.18359065363,614.8164093463711
166255,1,263000.0,Bachelor,F,1,69200,sales,IC,0,IC,0,188276.224715987,74723.77528401301
110950,0,284000.0,Bachelor,M,4,165717,sales,IC,0,IC,0,193264.55968086384,90735.44031913616
143748,0,185000.0,Bachelor,F,4,148032,sales,IC,0,IC,0,199971.48280086013,-14971.482800860133
42085,0,262000.0,Master,M,5,134536,engineering,IC,0,IC,0,241342.61319268073,20657.38680731927
29547,1,80000.0,Bachelor,F,6,47553,engineering,MM,12,MM,12,167739.12220157764,-87739.12220157764
12305,0,278000.0,Bachelor,M,3,132026,marketing,IC,0,IC,0,195837.03111956886,82162.96888043114
21692,0,212000.0,PhD,M,6,166729,marketing,IC,0,IC,0,199498.14193409026,12501.858065909735
159339,1,261000.0,Master,M,1,53374,sales,IC,0,IC,0,194883.36343501264,66116.63656498736
25031,1,130000.0,PhD,M,1,145710,engineering,IC,0,IC,0,238639.5918970931,-108639.59189709311
174429,1,145000.0,PhD,M,6,126257,engineering,IC,0,IC,0,225989.68999128733,-80989.68999128733
78694,0,242000.0,High_School,M,1,160511,marketing,IC,0,IC,0,181617.3790151326,60382.62098486739
157111,0,187000.0,Bachelor,M,2,5282,sales,IC,0,IC,0,196776.30656462905,-9776.306564629049
196442,1,183000.0,PhD,M,1,65856,sales,IC,0,IC,0,193940.69232599234,-10940.692325992335
71889,0,325000.0,Master,M,24,93708,HR,VP,389,VP,389,259540.0,65460.0
56468,1,138000.0,Master,M,7,52920,sales,IC,0,IC,0,193928.9754311605,-55928.97543116051
95617,0,62000.0,Master,M,3,73254,HR,IC,0,IC,0,81611.19715433878,-19611.197154338777
73011,0,66000.0,Bachelor,F,1,47748,HR,IC,0,IC,0,77771.4712925606,-11771.4712925606
197082,1,248000.0,PhD,M,3,55431,sales,IC,0,IC,0,182782.6484747099,65217.35152529011
74904,0,302000.0,High_School,F,3,53374,sales,IC,0,IC,0,191417.9608666185,110582.0391333815
127433,0,72000.0,High_School,F,1,142630,HR,IC,0,IC,0,84206.1973205254,-12206.197320525403
148249,1,100000.0,High_School,M,7,198240,sales,IC,0,IC,0,188482.87643989455,-88482.87643989455
17304,0,185000.0,Master,F,5,68998,marketing,IC,0,IC,0,195556.18676362679,-10556.186763626785
46442,0,87000.0,Bachelor,M,1,59327,HR,IC,0,IC,0,85222.58767315086,1777.4123268491385
147249,1,336000.0,Master,F,3,27660,engineering,MM,18,MM,18,296847.32104989706,39152.67895010294
77636,1,324000.0,Bachelor,M,1,93223,engineering,IC,0,IC,0,241459.58846692662,82540.41153307338
24962,0,192000.0,High_School,F,3,146404,marketing,IC,0,IC,0,188217.89882621306,3782.101173786941
90925,0,126000.0,PhD,F,7,132187,engineering,IC,0,IC,0,276247.6199559844,-150247.6199559844
71316,0,315000.0,Bachelor,M,1,160511,marketing,IC,0,IC,0,195298.98660263894,119701.01339736106
183701,0,178000.0,Bachelor,F,2,158888,sales,IC,0,IC,0,190325.4138625573,-12325.413862557296
23729,0,84000.0,Master,F,2,61443,HR,IC,0,IC,0,82960.55864883834,1039.4413511616585
100944,0,89000.0,PhD,F,4,27018,HR,IC,0,IC,0,82462.33964853613,6537.66035146387
4815,0,136000.0,PhD,M,2,182038,sales,IC,0,IC,0,201356.5442201449,-65356.54422014489
192129,1,293000.0,Master,F,1,167650,engineering,IC,0,IC,0,248653.7440354666,44346.2559645334
19233,0,286000.0,Bachelor,M,5,7349,marketing,IC,0,IC,0,192321.90017747923,93678.09982252077
57283,1,278000.0,High_School,M,1,123358,sales,IC,0,IC,0,182145.5554433057,95854.4445566943
156026,0,100000.0,Bachelor,M,2,142850,sales,IC,0,IC,0,196776.30656462905,-96776.30656462905
164074,1,206000.0,Bachelor,M,6,116180,engineering,IC,0,IC,0,254868.05476583744,-48868.05476583744
33727,0,233000.0,Master,M,4,199184,sales,IC,0,IC,0,194695.32052053208,38304.679479467915
4736,1,207000.0,Bachelor,M,7,79735,engineering,IC,0,IC,0,261589.3707799731,-54589.370779973106
70024,0,72000.0,PhD,F,3,160289,sales,IC,0,IC,0,195546.71190949707,-123546.71190949707
140107,1,171000.0,Bachelor,F,3,154170,engineering,IC,0,IC,0,249465.5655649748,-78465.5655649748
142895,1,264000.0,Bachelor,M,1,29547,engineering,IC,0,IC,0,241459.58846692662,22540.411533073377
195220,0,135000.0,PhD,M,3,122145,engineering,IC,0,IC,0,244594.82101961187,-109594.82101961187
190316,1,279000.0,Master,F,3,103421,engineering,IC,0,IC,0,245150.29004286497,33849.709957135026
59566,1,156000.0,PhD,F,8,125855,HR,D,83,D,83,122815.1111111111,33184.888888888905
57148,0,207000.0,Bachelor,M,3,168905,engineering,IC,0,IC,0,244492.12806626968,-37492.12806626968
53826,1,68000.0,Bachelor,F,6,185138,HR,MM,14,MM,14,75259.8051115551,-7259.805111555106
101952,0,253000.0,PhD,M,2,41991,sales,IC,0,IC,0,201356.5442201449,51643.45577985511
181248,0,251000.0,Bachelor,F,3,48912,engineering,IC,0,IC,0,259876.0519044494,-8876.051904449414
168672,0,171000.0,Master,M,1,10773,engineering,IC,0,IC,0,253167.61103592915,-82167.61103592915
45022,0,185000.0,Master,M,3,154703,engineering,IC,0,IC,0,244073.52979870792,-59073.529798707925
93720,1,110000.0,PhD,M,7,102712,sales,IC,0,IC,0,197845.63862374052,-87845.63862374052
19152,1,289000.0,Master,M,1,79934,engineering,IC,0,IC,0,250966.59465767271,38033.405342327285
155485,0,381000.0,PhD,M,15,40920,marketing,D,64,D,64,258341.91684916394,122658.08315083606
180411,0,139000.0,Bachelor,M,7,49729,sales,IC,0,IC,0,194389.89332323067,-55389.89332323067
15132,0,283000.0,Bachelor,M,2,180854,sales,IC,0,IC,0,196776.30656462905,86223.69343537095
176953,1,283000.0,High_School,F,2,41721,marketing,IC,0,IC,0,195142.62269212652,87857.37730787348
7531,1,131000.0,PhD,M,7,152500,HR,D,22,D,22,95285.88766788765,35714.112332112345
183625,0,103000.0,PhD,M,1,30640,engineering,IC,0,IC,0,245381.45541854406,-142381.45541854406
16527,0,87000.0,High_School,F,3,43937,HR,IC,0,IC,0,85386.80778186422,1613.1922181357804
64637,0,300000.0,Bachelor,F,3,34163,sales,IC,0,IC,0,194461.09812463698,105538.90187536302
68085,1,177000.0,PhD,F,1,158777,marketing,IC,0,IC,0,183636.80504243038,-6636.80504243038
19354,0,117000.0,PhD,F,8,166928,engineering,IC,0,IC,0,276087.51702335564,-159087.51702335564
106586,1,237000.0,Master,M,8,70547,marketing,IC,0,IC,0,202956.3898476718,34043.61015232821
153748,0,196000.0,Master,M,5,85791,sales,IC,0,IC,0,196414.1583420818,-414.1583420817915
153174,0,256000.0,High_School,M,2,75045,marketing,IC,0,IC,0,195512.34328319496,60487.65671680504
81391,1,199000.0,PhD,M,3,101981,sales,IC,0,IC,0,182782.6484747099,16217.351525290112
60304,1,273000.0,Master,M,4,50679,sales,IC,0,IC,0,193172.76047413386,79827.23952586614
165665,0,176000.0,Master,F,2,138432,sales,IC,0,IC,0,192912.71319514548,-16912.71319514548
188562,0,71000.0,Master,F,6,184885,HR,IC,0,IC,0,86673.97573048914,-15673.97573048914
133710,0,361000.0,PhD,M,1,128447,engineering,IC,0,IC,0,245381.45541854406,115618.54458145594
59028,0,328000.0,PhD,M,6,169231,sales,IC,0,IC,0,194022.9025924341,133977.0974075659
22557,1,240000.0,PhD,F,1,155570,marketing,IC,0,IC,0,183636.80504243038,56363.19495756962
149778,1,177000.0,Bachelor,M,10,110464,marketing,VP,254,VP,254,245190.01260618813,-68190.01260618813
37154,0,344000.0,PhD,M,6,138045,marketing,D,79,D,79,290836.91698107164,53163.08301892836
17538,1,195000.0,High_School,M,1,60373,marketing,IC,0,IC,0,201774.6310184148,-6774.631018414802
66489,0,365000.0,Bachelor,M,3,108428,engineering,IC,0,IC,0,244492.12806626968,120507.87193373032
18725,0,130000.0,PhD,M,1,130585,sales,IC,0,IC,0,198908.11730505654,-68908.11730505654
49994,0,91000.0,Bachelor,F,2,150290,HR,IC,0,IC,0,86599.55002878579,4400.449971214213
147454,1,181000.0,PhD,M,1,4421,sales,IC,0,IC,0,193940.69232599234,-12940.692325992335
156985,1,211000.0,PhD,M,3,189222,engineering,IC,0,IC,0,246707.47890110445,-35707.47890110445
147796,0,79000.0,Bachelor,F,1,32405,HR,IC,0,IC,0,77771.4712925606,1228.5287074394
132397,0,160000.0,PhD,M,6,70547,marketing,IC,0,IC,0,199498.14193409026,-39498.141934090265
139857,0,115000.0,Bachelor,M,3,84193,marketing,IC,0,IC,0,195837.03111956886,-80837.03111956886
58186,1,199000.0,High_School,M,3,79735,engineering,IC,0,IC,0,246261.9865189567,-47261.98651895669
108269,0,273000.0,High_School,F,7,102632,marketing,IC,0,IC,0,193993.40192235226,79006.59807764774
107617,1,107000.0,PhD,F,2,21377,sales,IC,0,IC,0,186910.43460369,-79910.43460369
86202,0,157000.0,Bachelor,M,4,81811,sales,IC,0,IC,0,193264.55968086384,-36264.55968086384
118671,0,286000.0,Bachelor,F,1,74170,sales,IC,0,IC,0,190803.3928173758,95196.6071826242
182098,0,98000.0,Bachelor,F,8,196490,HR,IC,0,IC,0,83803.37035013305,14196.629649866954
131390,1,159000.0,Bachelor,F,3,123258,marketing,IC,0,IC,0,184164.0051782409,-25164.005178240914
97597,0,125000.0,PhD,F,6,197206,marketing,IC,0,IC,0,205528.0855651748,-80528.08556517481
76682,0,256000.0,Bachelor,M,2,120381,sales,IC,0,IC,0,196776.30656462905,59223.69343537095
117458,0,172000.0,Master,M,1,198814,marketing,IC,0,IC,0,195691.75019170734,-23691.75019170734
145759,0,85000.0,PhD,M,4,21086,HR,IC,0,IC,0,86837.11909178048,-1837.119091780478
119126,0,75000.0,PhD,M,1,178147,HR,IC,0,IC,0,77565.84484314994,-2565.844843149942
119894,0,192000.0,Master,F,5,61811,sales,IC,0,IC,0,199991.97931669242,-7991.979316692421
47612,0,241000.0,High_School,M,3,77844,sales,IC,0,IC,0,193926.29331709526,47073.70668290474
25916,0,133000.0,Master,M,2,32938,engineering,IC,0,IC,0,225404.836709512,-92404.83670951199
134431,0,100000.0,Master,F,6,67178,HR,IC,0,IC,0,86673.97573048914,13326.02426951086
24015,0,134000.0,PhD,F,20,125855,HR,D,88,D,88,132110.0,1890.0
124186,1,263000.0,Master,M,11,103443,marketing,MM,9,MM,9,196041.20845358522,66958.79154641478
65126,1,236000.0,Master,M,13,125912,marketing,MM,8,MM,8,213314.9294250035,22685.070574996498
65093,0,94000.0,Bachelor,M,6,138432,sales,IC,0,IC,0,193558.3030501584,-99558.3030501584
34852,0,247000.0,Master,F,2,32159,sales,IC,0,IC,0,192912.71319514548,54087.28680485452
89472,0,100000.0,High_School,M,5,30488,marketing,IC,0,IC,0,190498.8311588766,-90498.8311588766
29065,1,97000.0,PhD,F,6,89523,sales,IC,0,IC,0,196640.35002037467,-99640.35002037467
65729,0,259000.0,Master,M,4,65883,marketing,IC,0,IC,0,194518.27840682067,64481.72159317933
190304,1,77000.0,Bachelor,F,2,55972,HR,IC,0,IC,0,79092.27542418573,-2092.275424185733
159996,0,133000.0,Bachelor,M,4,94362,sales,MM,13,MM,13,227279.61099220582,-94279.61099220582
128292,0,210000.0,High_School,F,3,43858,engineering,IC,0,IC,0,253399.05649762868,-43399.056497628684
110811,0,136000.0,PhD,M,2,168905,engineering,IC,0,IC,0,239738.82647541008,-103738.82647541008
132187,1,231000.0,Master,M,9,146629,engineering,MM,9,MM,9,250368.92384747352,-19368.923847473518
135032,0,70000.0,Master,F,1,23737,HR,IC,0,IC,0,82364.56846565497,-12364.568465654971
134358,1,331000.0,Master,F,1,71945,engineering,IC,0,IC,0,248653.7440354666,82346.2559645334
134774,1,320000.0,Master,M,1,79193,sales,IC,0,IC,0,194883.36343501264,125116.63656498736
102347,0,206000.0,Master,M,9,75198,marketing,IC,0,IC,0,170486.68528871535,35513.31471128465
95522,0,269000.0,High_School,F,13,91869,marketing,MM,16,MM,16,180890.49553507497,88109.50446492503
5438,0,269000.0,PhD,M,1,103448,sales,IC,0,IC,0,198908.11730505654,70091.88269494346
141053,0,230000.0,Master,F,5,10922,sales,IC,0,IC,0,199991.97931669242,30008.02068330758
66558,0,118000.0,PhD,F,1,52920,sales,IC,0,IC,0,184864.59303542023,-66864.59303542023
158575,0,132000.0,PhD,F,2,190065,marketing,IC,0,IC,0,202112.82741275989,-70112.82741275989
117021,0,214000.0,Master,M,8,183045,engineering,IC,0,IC,0,248887.05893000934,-34887.05893000934
36624,1,339000.0,Bachelor,M,1,92765,engineering,IC,0,IC,0,241459.58846692662,97540.41153307338
65743,0,277000.0,PhD,F,2,92403,sales,IC,0,IC,0,202419.4707253329,74580.52927466709
35392,0,308000.0,High_School,F,2,81111,engineering,IC,0,IC,0,249980.76471078486,58019.23528921514
95679,0,108000.0,High_School,F,2,182996,sales,IC,0,IC,0,189874.31344501488,-81874.31344501488
188979,0,369000.0,High_School,M,5,94611,engineering,IC,0,IC,0,243781.76916131607,125218.23083868393
24686,0,261000.0,PhD,M,5,26183,sales,IC,0,IC,0,192559.0137282462,68440.98627175379
2721,0,118000.0,Master,M,2,111508,marketing,IC,0,IC,0,189747.8553120937,-71747.85531209371
177090,0,225000.0,Bachelor,F,4,98558,engineering,IC,0,IC,0,249423.6982508049,-24423.69825080491
49176,0,234000.0,PhD,M,4,35499,sales,IC,0,IC,0,194705.84234154952,39294.15765845048
197373,0,217000.0,Bachelor,M,3,175361,sales,IC,0,IC,0,194528.5959929,22471.404007100005
102217,0,217000.0,PhD,M,5,123000,sales,IC,0,IC,0,192559.0137282462,24440.98627175379
194090,1,331000.0,PhD,M,9,47863,engineering,IC,0,IC,0,270063.0477243361,60936.952275663905
20386,0,81000.0,Bachelor,M,4,96060,HR,IC,0,IC,0,85853.00043622433,-4853.000436224334
159048,0,133000.0,Master,M,3,87707,sales,IC,0,IC,0,195369.80999597523,-62369.80999597523
197970,1,273000.0,High_School,F,2,15277,engineering,IC,0,IC,0,174840.34102302935,98159.65897697065
174477,0,316000.0,Master,M,5,59353,engineering,IC,0,IC,0,241342.61319268073,74657.38680731927
192742,0,290000.0,High_School,M,5,84828,engineering,IC,0,IC,0,243781.76916131607,46218.23083868393
51780,0,316000.0,PhD,F,6,79934,engineering,IC,0,IC,0,250524.0699823515,65475.9300176485
33323,1,81000.0,Bachelor,F,1,59327,HR,IC,0,IC,0,76312.6750285779,4687.324971422102
55428,1,164000.0,PhD,F,3,127544,sales,IC,0,IC,0,187415.0410806651,-23415.041080665105
160885,0,162000.0,Master,F,1,67522,sales,IC,0,IC,0,177865.95495298997,-15865.954952989967
8153,0,112000.0,PhD,F,1,142630,HR,IC,0,IC,0,87076.16641899414,24923.833581005863
85643,0,174000.0,Bachelor,M,6,34977,sales,IC,0,IC,0,193558.3030501584,-19558.3030501584
135095,0,349000.0,Master,M,1,123387,sales,IC,0,IC,0,198051.2011472294,150948.7988527706
164356,0,79000.0,Master,M,2,14465,HR,IC,0,IC,0,75830.80845334244,3169.1915466575592
180151,0,250000.0,Master,M,3,129734,engineering,IC,0,IC,0,244073.52979870792,5926.470201292075
141647,1,271000.0,Bachelor,M,1,109254,sales,IC,0,IC,0,180018.0883550749,90981.9116449251
42366,0,193000.0,Master,M,6,52920,sales,IC,0,IC,0,192430.58157034806,569.4184296519379
107116,0,192000.0,PhD,M,1,197206,marketing,IC,0,IC,0,195577.15476246577,-3577.1547624657687
22726,0,65000.0,High_School,F,3,107694,HR,IC,0,IC,0,85386.80778186422,-20386.80778186422
127045,1,136000.0,Bachelor,M,1,193763,engineering,IC,0,IC,0,241459.58846692662,-105459.58846692662
21274,0,235000.0,Master,F,6,71115,engineering,IC,0,IC,0,239936.9073680879,-4936.907368087908
124364,1,184000.0,Master,F,3,156927,marketing,IC,0,IC,0,173192.14355952016,10807.856440479838
65334,0,202000.0,Master,M,1,103014,engineering,IC,0,IC,0,253167.61103592915,-51167.61103592915
103501,0,203000.0,High_School,F,5,159906,sales,IC,0,IC,0,197019.49258701704,5980.507412982959
31251,1,85000.0,PhD,M,8,57185,engineering,IC,0,IC,0,242105.80665238056,-157105.80665238056
194744,0,303000.0,PhD,M,2,78516,sales,IC,0,IC,0,201356.5442201449,101643.45577985511
87419,0,126000.0,Bachelor,F,3,5374,sales,IC,0,IC,0,194461.09812463698,-68461.09812463698
18478,0,127000.0,Bachelor,M,7,154381,sales,IC,0,IC,0,194389.89332323067,-67389.89332323067
122893,0,218000.0,PhD,M,5,74170,sales,IC,0,IC,0,192559.0137282462,25440.98627175379
111133,1,280000.0,PhD,M,2,57938,engineering,IC,0,IC,0,237027.23882378358,42972.761176216416
55105,1,213000.0,Master,M,6,3260,engineering,IC,0,IC,0,229476.66225561104,-16476.662255611038
20707,0,181000.0,High_School,M,1,138772,sales,IC,0,IC,0,186739.580228817,-5739.580228817009
6275,0,325000.0,Bachelor,M,2,129734,engineering,IC,0,IC,0,238810.46474319053,86189.53525680947
31140,0,243000.0,Master,M,8,37124,sales,IC,0,IC,0,182806.4628018026,60193.53719819739
169615,0,117000.0,Bachelor,M,2,112750,engineering,IC,0,IC,0,238810.46474319053,-121810.46474319053
145071,1,112000.0,PhD,F,2,53390,sales,IC,0,IC,0,186910.43460369,-74910.43460369
59062,0,315000.0,Bachelor,M,3,166928,engineering,IC,0,IC,0,244492.12806626968,70507.87193373032
15732,0,184000.0,Bachelor,M,3,177772,marketing,IC,0,IC,0,195837.03111956886,-11837.031119568856
26639,0,195000.0,Bachelor,F,5,77866,marketing,IC,0,IC,0,197905.0051527127,-2905.0051527126925
64050,0,137000.0,PhD,F,2,169231,sales,IC,0,IC,0,202419.4707253329,-65419.47072533291
55188,0,68000.0,PhD,F,3,119302,HR,IC,0,IC,0,83843.8873054549,-15843.887305454904
27662,0,365000.0,High_School,M,2,87929,sales,IC,0,IC,0,195986.4498613001,169013.5501386999
5993,1,100000.0,Bachelor,F,1,196490,HR,IC,0,IC,0,76312.6750285779,23687.324971422102
125755,1,223000.0,Master,M,11,158490,marketing,MM,9,MM,9,196041.20845358522,26958.79154641478
77952,0,153000.0,Master,M,6,118329,sales,IC,0,IC,0,192430.58157034806,-39430.58157034806
24499,0,204000.0,PhD,F,2,51288,engineering,IC,0,IC,0,245586.57159200107,-41586.57159200107
137984,1,178000.0,High_School,M,3,78215,sales,IC,0,IC,0,184716.40600900303,-6716.406009003025
141840,0,118000.0,PhD,M,3,48352,engineering,IC,0,IC,0,244594.82101961187,-126594.82101961187
13036,0,97000.0,High_School,M,2,123154,HR,IC,0,IC,0,84800.74930108206,12199.250698917938
92551,0,213000.0,Master,F,5,5282,sales,IC,0,IC,0,199991.97931669242,13008.020683307579
148774,0,224000.0,PhD,M,6,6335,sales,IC,0,IC,0,194022.9025924341,29977.09740756589
189423,0,299000.0,PhD,M,1,147783,sales,IC,0,IC,0,198908.11730505654,100091.88269494346
85469,0,63000.0,Bachelor,M,7,172541,HR,IC,0,IC,0,78143.12642095941,-15143.126420959408
34992,0,72000.0,Master,F,1,88370,HR,IC,0,IC,0,82364.56846565497,-10364.568465654971
109344,0,306000.0,PhD,M,3,98931,marketing,IC,0,IC,0,204409.410789578,101590.58921042201
194994,1,141000.0,Master,M,8,133858,engineering,IC,0,IC,0,217148.62717740008,-76148.62717740008
86935,1,160000.0,Bachelor,F,3,140061,sales,IC,0,IC,0,194975.3755380346,-34975.3755380346
95598,1,261000.0,High_School,M,6,79193,sales,IC,0,IC,0,193059.48051434927,67940.51948565073
183175,1,169000.0,PhD,M,10,197876,sales,D,67,D,67,157005.85816720582,11994.14183279418
122297,0,252000.0,Bachelor,M,1,41335,engineering,IC,0,IC,0,253447.42674818967,-1447.4267481896677
68643,0,86000.0,High_School,F,2,9400,HR,IC,0,IC,0,84827.81499972833,1172.1850002716674
132002,0,244000.0,Master,M,7,103421,engineering,IC,0,IC,0,239867.33568426527,4132.664315734728
55102,1,194000.0,Master,M,1,28979,sales,IC,0,IC,0,194883.36343501264,-883.3634350126376
77277,1,182000.0,Master,F,2,124014,sales,IC,0,IC,0,198517.56692485747,-16517.56692485747
85096,0,252000.0,Master,F,3,122197,engineering,IC,0,IC,0,238133.50270656022,13866.497293439781
131488,0,279000.0,High_School,M,6,66453,engineering,IC,0,IC,0,264491.40438673896,14508.595613261044
195795,0,217000.0,PhD,F,3,59535,sales,MM,9,MM,9,187969.841382022,29030.158617978013
169355,1,285000.0,Master,M,2,156010,engineering,IC,0,IC,0,233296.97305636574,51703.026943634264
11020,1,358000.0,High_School,F,4,193518,sales,IC,0,IC,0,198726.40167991037,159273.59832008963
149768,0,238000.0,PhD,M,4,102632,marketing,IC,0,IC,0,210382.93359964158,27617.066400358424
178459,1,190000.0,High_School,M,2,136147,sales,IC,0,IC,0,197187.20652557365,-7187.2065255736525
16501,0,162000.0,Master,M,2,136468,sales,IC,0,IC,0,196044.60399481485,-34044.603994814854
70216,1,207000.0,Bachelor,M,3,147819,sales,IC,0,IC,0,189257.1654400931,17742.834559906914
140393,1,182000.0,Master,F,2,117030,engineering,MM,11,MM,11,246553.67650257208,-64553.67650257208
125605,1,365000.0,PhD,F,2,118769,engineering,IC,0,IC,0,285728.9021753286,79271.09782467142
47923,1,371000.0,High_School,M,3,149135,engineering,IC,0,IC,0,246261.9865189567,124738.01348104331
126754,0,350000.0,Master,F,4,1050,engineering,IC,0,IC,0,241976.73593625068,108023.26406374932
65245,1,60000.0,PhD,M,5,78874,sales,IC,0,IC,0,191458.68923493737,-131458.68923493737
74363,0,144000.0,Master,M,5,82463,marketing,IC,0,IC,0,192239.89997562923,-48239.89997562923
26893,1,73000.0,Bachelor,M,1,144927,sales,IC,0,IC,0,180018.0883550749,-107018.0883550749
118685,0,190000.0,PhD,F,1,162035,sales,IC,0,IC,0,184864.59303542023,5135.406964579772
192080,0,154000.0,PhD,M,3,185982,sales,IC,0,IC,0,197202.7515403313,-43202.75154033129
109284,0,85000.0,High_School,F,2,44056,HR,IC,0,IC,0,84827.81499972833,172.18500027166738
169469,0,155000.0,High_School,F,3,145126,sales,IC,0,IC,0,191417.9608666185,-36417.960866618494
25456,1,81000.0,PhD,F,2,7095,HR,IC,0,IC,0,76876.70287676553,4123.297123234472
111387,0,63000.0,High_School,F,5,175548,HR,IC,0,IC,0,82936.4626631867,-19936.4626631867
25606,0,85000.0,Bachelor,F,1,130135,HR,IC,0,IC,0,77771.4712925606,7228.5287074394
191718,1,214000.0,PhD,M,1,103981,marketing,IC,0,IC,0,198010.52881550777,15989.471184492228
187248,1,291000.0,Master,M,3,54315,sales,IC,0,IC,0,188351.1977603531,102648.8022396469
195435,0,183000.0,PhD,M,4,184998,sales,IC,0,IC,0,194705.84234154952,-11705.84234154952
68841,1,137000.0,Bachelor,M,3,137776,engineering,IC,0,IC,0,238207.9962027491,-101207.99620274911
53553,0,148000.0,Bachelor,M,5,181421,sales,IC,0,IC,0,195038.08580704563,-47038.08580704563
60797,0,234000.0,Bachelor,F,8,7966,sales,IC,0,IC,0,186122.77628616313,47877.223713836865
124988,0,65000.0,Master,F,3,139278,HR,IC,0,IC,0,83947.66681572703,-18947.666815727032
147715,1,199000.0,PhD,M,11,24691,sales,MM,9,MM,9,168797.29722063825,30202.702779361745
167482,0,144000.0,Master,M,5,133795,engineering,D,56,D,56,181602.125,-37602.125
32368,0,83000.0,Bachelor,F,3,16445,HR,IC,0,IC,0,83591.34611794354,-591.3461179435399
142247,1,333000.0,Bachelor,M,4,65856,sales,IC,0,IC,0,200945.03521904073,132054.96478095927
115437,0,92000.0,PhD,F,3,140838,HR,IC,0,IC,0,83843.8873054549,8156.112694545096
63383,1,126000.0,High_School,F,5,21470,marketing,IC,0,IC,0,190859.94475447174,-64859.94475447174
14296,0,66000.0,Bachelor,M,3,125114,HR,IC,0,IC,0,77553.46065381975,-11553.460653819755
107773,1,263000.0,High_School,M,2,185976,engineering,IC,0,IC,0,231965.8322813009,31034.167718699086
192885,0,227000.0,Master,M,5,30640,engineering,IC,0,IC,0,241342.61319268073,-14342.613192680728
59992,0,195000.0,High_School,M,1,79237,marketing,IC,0,IC,0,181617.3790151326,13382.62098486739
117191,1,62000.0,Master,F,4,80240,HR,IC,0,IC,0,76240.23849965347,-14240.238499653467
123258,0,328000.0,Master,M,12,69550,marketing,MM,11,MM,11,242766.51851822552,85233.48148177448
114734,0,121000.0,Bachelor,M,2,22090,marketing,IC,0,IC,0,196739.27564649528,-75739.27564649528
178759,0,60000.0,High_School,M,3,113245,sales,IC,0,IC,0,193926.29331709526,-133926.29331709526
115671,0,158000.0,PhD,F,1,175434,sales,IC,0,IC,0,184864.59303542023,-26864.59303542023
139278,0,63000.0,High_School,M,9,171266,HR,MM,19,MM,19,73593.26960784313,-10593.269607843133
139359,0,71000.0,Bachelor,M,1,62298,HR,IC,0,IC,0,85222.58767315086,-14222.587673150862
187110,0,376000.0,High_School,M,4,155570,marketing,IC,0,IC,0,195051.7370391725,180948.2629608275
45588,0,272000.0,Master,M,2,54136,marketing,IC,0,IC,0,189747.8553120937,82252.14468790629
59476,0,308000.0,PhD,M,1,18312,engineering,IC,0,IC,0,245381.45541854406,62618.544581455935
102549,1,109000.0,PhD,F,7,91979,HR,IC,0,IC,0,82717.32152609891,26282.67847390109
103062,0,263000.0,Master,M,7,58365,marketing,IC,0,IC,0,184687.5348280426,78312.46517195739
78341,0,66000.0,Master,F,3,25934,engineering,IC,0,IC,0,238133.50270656022,-172133.50270656022
111661,0,309000.0,Bachelor,M,4,42096,sales,IC,0,IC,0,193264.55968086384,115735.44031913616
84535,0,68000.0,High_School,F,2,68222,HR,IC,0,IC,0,84827.81499972833,-16827.814999728333
184941,0,295000.0,Bachelor,M,2,1610,engineering,IC,0,IC,0,238810.46474319053,56189.53525680947
126409,0,138000.0,PhD,M,1,173939,marketing,IC,0,IC,0,195577.15476246577,-57577.15476246577
141900,1,237000.0,High_School,F,1,140542,sales,IC,0,IC,0,175018.73009809814,61981.26990190186
98489,0,105000.0,Master,M,4,55972,HR,IC,0,IC,0,85034.65160610934,19965.348393890657
161983,1,175000.0,High_School,M,2,159838,marketing,IC,0,IC,0,196899.97053999678,-21899.97053999678
73359,1,150000.0,Bachelor,M,2,142850,sales,IC,0,IC,0,198429.69040148894,-48429.690401488944
188821,1,85000.0,PhD,F,2,182996,sales,IC,0,IC,0,186910.43460369,-101910.43460369
160531,1,69000.0,Bachelor,F,3,175548,HR,IC,0,IC,0,76970.02324908353,-7970.023249083533
143329,1,368000.0,Bachelor,M,3,168905,engineering,IC,0,IC,0,238207.9962027491,129792.00379725089
126833,1,70000.0,Master,F,5,88779,sales,IC,0,IC,0,197527.31097026527,-127527.31097026527
80189,1,277000.0,Master,M,3,79,sales,IC,0,IC,0,188351.1977603531,88648.8022396469
11793,0,135000.0,Bachelor,M,2,127623,engineering,IC,0,IC,0,238810.46474319053,-103810.46474319053
172518,0,147000.0,Master,M,2,149696,sales,IC,0,IC,0,196044.60399481485,-49044.603994814854
26159,0,296000.0,PhD,M,3,133858,engineering,IC,0,IC,0,244594.82101961187,51405.178980388126
12638,0,202000.0,Master,F,7,132309,sales,IC,0,IC,0,194228.1761660175,7771.823833982489
131525,0,261000.0,PhD,F,14,172989,sales,MM,13,MM,13,250190.95031314463,10809.049686855375
127766,1,216000.0,High_School,M,2,41991,sales,IC,0,IC,0,197187.20652557365,18812.793474426348
4942,0,184000.0,Bachelor,F,7,74818,sales,IC,0,IC,0,202931.0713209912,-18931.071320991206
74430,0,273000.0,PhD,M,2,160261,marketing,IC,0,IC,0,198900.55025181093,74099.44974818907
77846,1,174000.0,PhD,F,6,57316,sales,IC,0,IC,0,196640.35002037467,-22640.350020374666
748,0,116000.0,High_School,M,1,2644,sales,IC,0,IC,0,186739.580228817,-70739.58022881701
107047,0,269000.0,PhD,M,1,10357,marketing,IC,0,IC,0,195577.15476246577,73422.84523753423
195263,1,158000.0,High_School,M,3,53374,sales,IC,0,IC,0,184716.40600900303,-26716.406009003025
28558,0,94000.0,PhD,F,1,51121,HR,IC,0,IC,0,87076.16641899414,6923.833581005863
44755,0,386000.0,Master,M,3,126330,engineering,IC,0,IC,0,244073.52979870792,141926.47020129208
145245,0,194000.0,Bachelor,F,8,154381,sales,IC,0,IC,0,186122.77628616313,7877.2237138368655
135240,0,236000.0,High_School,F,1,21377,sales,IC,0,IC,0,184712.4239725275,51287.5760274725
136903,0,263000.0,PhD,M,2,149970,marketing,IC,0,IC,0,198900.55025181093,64099.44974818907
79276,1,107000.0,Master,M,2,115694,engineering,IC,0,IC,0,233296.97305636574,-126296.97305636574
197581,0,77000.0,PhD,F,1,94447,HR,IC,0,IC,0,87076.16641899414,-10076.166418994137
166450,0,120000.0,PhD,F,3,32159,sales,IC,0,IC,0,195546.71190949707,-75546.71190949707
192881,0,77000.0,Master,M,3,129287,HR,IC,0,IC,0,81611.19715433878,-4611.197154338777
182384,0,256000.0,PhD,F,2,142685,sales,IC,0,IC,0,202419.4707253329,53580.52927466709
181058,1,64000.0,High_School,M,1,29508,HR,IC,0,IC,0,89043.06332838496,-25043.06332838496
104414,0,199000.0,Master,F,4,190566,marketing,IC,0,IC,0,198018.38231216176,981.6176878382394
181430,0,70000.0,High_School,M,2,127623,engineering,IC,0,IC,0,226878.35789292358,-156878.35789292358
199601,0,235000.0,Master,M,1,32572,marketing,IC,0,IC,0,195691.75019170734,39308.24980829266
52071,0,303000.0,Bachelor,M,7,105395,engineering,IC,0,IC,0,241492.8631037237,61507.13689627629
41769,0,156000.0,Master,F,3,175361,sales,IC,0,IC,0,191260.8810195265,-35260.88101952651
21589,1,66000.0,PhD,M,1,166591,sales,IC,0,IC,0,193940.69232599234,-127940.69232599234
104417,0,268000.0,High_School,F,4,157064,marketing,IC,0,IC,0,201724.40649176008,66275.59350823992
189030,1,336000.0,Bachelor,M,5,74818,sales,IC,0,IC,0,199879.9083933267,136120.0916066733
5500,0,255000.0,High_School,M,5,157931,engineering,IC,0,IC,0,243781.76916131607,11218.230838683929
15768,0,64000.0,Bachelor,M,10,77857,HR,MM,12,MM,12,79214.2595438561,-15214.259543856097
197706,1,239000.0,PhD,M,1,128065,engineering,IC,0,IC,0,238639.5918970931,360.40810290689114
130794,0,95000.0,PhD,F,3,184236,HR,IC,0,IC,0,83843.8873054549,11156.112694545096
32791,1,61000.0,Master,M,6,77613,sales,IC,0,IC,0,193447.7320829517,-132447.7320829517
144370,1,203000.0,Master,F,3,32938,engineering,IC,0,IC,0,245150.29004286497,-42150.290042864974
74799,1,166000.0,Bachelor,M,7,101819,engineering,IC,0,IC,0,261589.3707799731,-95589.3707799731
80162,0,84000.0,Master,F,1,53677,HR,IC,0,IC,0,82364.56846565497,1635.431534345029
29561,0,102000.0,High_School,F,2,33665,HR,IC,0,IC,0,84827.81499972833,17172.185000271667
27078,0,147000.0,Bachelor,M,4,61038,sales,IC,0,IC,0,193264.55968086384,-46264.55968086384
172541,0,71000.0,High_School,F,12,138823,HR,MM,14,MM,14,82968.06818181818,-11968.068181818177
81901,0,143000.0,High_School,M,2,65126,marketing,IC,0,IC,0,195512.34328319496,-52512.34328319496
115534,0,165000.0,High_School,M,5,3260,engineering,IC,0,IC,0,243781.76916131607,-78781.76916131607
44715,0,148000.0,PhD,F,4,160261,marketing,IC,0,IC,0,215242.36812769604,-67242.36812769604
94665,0,261000.0,Bachelor,M,3,74818,sales,IC,0,IC,0,194528.5959929,66471.4040071
21327,1,83000.0,Master,F,4,119576,engineering,IC,0,IC,0,254657.44241884115,-171657.44241884115
79133,1,351000.0,Master,F,3,75242,engineering,IC,0,IC,0,245150.29004286497,105849.70995713503
183023,1,110000.0,PhD,M,1,16510,sales,IC,0,IC,0,193940.69232599234,-83940.69232599234
54014,0,157000.0,Bachelor,F,3,68201,sales,IC,0,IC,0,194461.09812463698,-37461.09812463698
40362,1,286000.0,Master,M,1,35499,sales,IC,0,IC,0,194883.36343501264,91116.63656498736
182595,1,196000.0,Master,F,2,123103,engineering,IC,0,IC,0,253356.57931868994,-57356.57931868994
74264,1,260000.0,Bachelor,M,2,82419,marketing,MM,11,MM,11,219356.3655707791,40643.634429220896
121283,0,325000.0,PhD,M,7,134982,sales,IC,0,IC,0,195867.84805352206,129132.15194647794
19364,0,182000.0,Master,F,2,180854,sales,IC,0,IC,0,192912.71319514548,-10912.71319514548
133427,0,104000.0,PhD,M,8,165442,sales,IC,0,IC,0,166448.08693168403,-62448.086931684025
78268,0,241000.0,Master,M,3,12649,engineering,IC,0,IC,0,244073.52979870792,-3073.529798707925
105585,0,396000.0,PhD,F,1,130834,engineering,IC,0,IC,0,245816.63079848664,150183.36920151336
151281,0,88000.0,Bachelor,F,2,171461,HR,IC,0,IC,0,86599.55002878579,1400.4499712142133
27561,0,311000.0,Master,M,2,182996,sales,IC,0,IC,0,196044.60399481485,114955.39600518515
101981,1,202000.0,PhD,F,7,134865,sales,MM,9,MM,9,194651.35180852792,7348.648191472079
104423,0,214000.0,High_School,M,3,198879,sales,IC,0,IC,0,193926.29331709526,20073.70668290474
46049,1,206000.0,Master,F,8,73846,sales,IC,0,IC,0,204415.45829782414,1584.5417021758622
165151,0,183000.0,Bachelor,F,1,192369,sales,IC,0,IC,0,190803.3928173758,-7803.392817375803
27781,0,153000.0,Master,M,2,121233,marketing,MM,11,MM,11,172990.49507512234,-19990.495075122337
170450,0,259000.0,PhD,M,4,78516,sales,IC,0,IC,0,194705.84234154952,64294.15765845048
20201,0,331000.0,Master,M,2,78516,sales,IC,0,IC,0,196044.60399481485,134955.39600518515
61940,0,302000.0,PhD,M,5,30468,engineering,IC,0,IC,0,243058.35787352896,58941.64212647104
184362,0,73000.0,Master,F,3,151696,HR,IC,0,IC,0,83947.66681572703,-10947.666815727032
110020,1,175000.0,Bachelor,M,1,148236,sales,IC,0,IC,0,180018.0883550749,-5018.088355074899
3909,0,180000.0,Bachelor,F,4,113189,sales,IC,0,IC,0,199971.48280086013,-19971.482800860133
104760,0,200000.0,PhD,F,2,69903,engineering,IC,0,IC,0,245586.57159200107,-45586.57159200107
82339,0,151000.0,High_School,F,3,165442,sales,IC,0,IC,0,191417.9608666185,-40417.960866618494
24926,1,262000.0,High_School,M,7,90834,sales,IC,0,IC,0,188482.87643989455,73517.12356010545
44732,0,288000.0,Master,F,1,142685,sales,IC,0,IC,0,177865.95495298997,110134.04504701003
167453,0,350000.0,High_School,M,5,129626,marketing,IC,0,IC,0,190498.8311588766,159501.1688411234
95567,1,193000.0,PhD,M,3,144927,sales,IC,0,IC,0,182782.6484747099,10217.351525290112
122493,0,245000.0,PhD,M,5,150194,engineering,IC,0,IC,0,243058.35787352896,1941.642126471037
133230,1,183000.0,Master,M,1,102632,marketing,IC,0,IC,0,165989.76505118783,17010.23494881217
9245,0,244000.0,PhD,F,1,59705,sales,IC,0,IC,0,184864.59303542023,59135.40696457977
64087,0,126000.0,PhD,M,4,45969,HR,MM,15,MM,15,86302.66926793016,39697.33073206984
168037,0,146000.0,Bachelor,M,2,78997,engineering,IC,0,IC,0,238810.46474319053,-92810.46474319053
105942,0,195000.0,Bachelor,F,1,108164,sales,IC,0,IC,0,190803.3928173758,4196.607182624197
69804,0,155000.0,PhD,M,1,95609,sales,IC,0,IC,0,198908.11730505654,-43908.11730505654
19812,1,221000.0,Bachelor,M,3,132360,sales,IC,0,IC,0,189257.1654400931,31742.834559906914
32653,1,284000.0,Bachelor,F,8,186283,engineering,IC,0,IC,0,247116.83290922866,36883.16709077134
99871,0,96000.0,Bachelor,F,6,32405,HR,IC,0,IC,0,83463.54288976562,12536.457110234376
99231,0,75000.0,Bachelor,M,6,192369,sales,IC,0,IC,0,193558.3030501584,-118558.3030501584
19232,0,214000.0,Master,F,2,69200,sales,IC,0,IC,0,192912.71319514548,21087.28680485452
83656,1,258000.0,Master,F,6,181311,sales,IC,0,IC,0,196863.24942382856,61136.75057617144
186323,1,162000.0,PhD,M,1,109102,sales,IC,0,IC,0,193940.69232599234,-31940.692325992335
155579,0,117000.0,High_School,F,5,135848,marketing,IC,0,IC,0,196285.1315942073,-79285.13159420731
82060,1,263000.0,PhD,M,1,54808,sales,IC,0,IC,0,193940.69232599234,69059.30767400766
42915,0,200000.0,PhD,F,3,189038,engineering,IC,0,IC,0,250494.2058762398,-50494.20587623981
9658,0,60000.0,Master,F,2,189742,HR,IC,0,IC,0,82960.55864883834,-22960.55864883834
147117,1,128000.0,Master,F,1,64087,HR,IC,0,IC,0,96318.58180277134,31681.41819722866
184247,0,381000.0,Master,M,4,185976,engineering,IC,0,IC,0,241830.84919374806,139169.15080625194
108496,0,137000.0,High_School,F,7,162035,sales,IC,0,IC,0,194001.4593275081,-57001.45932750811
66505,0,307000.0,Bachelor,F,6,51738,engineering,IC,0,IC,0,270179.264244216,36820.73575578397
53759,0,132000.0,Master,M,2,148260,marketing,IC,0,IC,0,189747.8553120937,-57747.855312093714
23195,0,144000.0,Master,F,1,102026,sales,IC,0,IC,0,177865.95495298997,-33865.95495298997
122671,0,74000.0,Bachelor,F,1,53826,HR,IC,0,IC,0,77771.4712925606,-3771.4712925606
89670,0,157000.0,PhD,M,2,32159,sales,IC,0,IC,0,201356.5442201449,-44356.54422014489
11522,0,225000.0,Master,M,1,26183,sales,IC,0,IC,0,198051.2011472294,26948.79885277059
53770,1,322000.0,Bachelor,M,3,162381,engineering,IC,0,IC,0,238207.9962027491,83792.00379725089
130873,0,170000.0,High_School,F,1,108164,sales,IC,0,IC,0,184712.4239725275,-14712.423972527497
24776,0,104000.0,High_School,F,8,129410,sales,IC,0,IC,0,167744.6413551193,-63744.641355119296
1109,0,392000.0,Master,M,4,170076,engineering,IC,0,IC,0,241830.84919374806,150169.15080625194
171351,0,194000.0,Bachelor,M,17,79693,engineering,D,56,D,56,201126.6636141636,-7126.663614163612
54811,0,75000.0,PhD,M,5,185285,HR,IC,0,IC,0,82276.80041619591,-7276.800416195911
884,0,180000.0,PhD,M,2,155570,marketing,IC,0,IC,0,198900.55025181093,-18900.550251810928
168368,0,261000.0,Master,F,2,62043,engineering,IC,0,IC,0,260023.70872319196,976.2912768080423
114547,0,174000.0,Master,M,7,14470,sales,IC,0,IC,0,189796.9743375098,-15796.974337509804
14677,0,261000.0,PhD,M,4,168951,sales,IC,0,IC,0,194705.84234154952,66294.15765845048
97878,0,68000.0,Master,M,8,94362,sales,MM,5,MM,5,152769.1074742024,-84769.1074742024
40332,0,90000.0,Bachelor,M,7,11507,HR,IC,0,IC,0,78143.12642095941,11856.873579040592
67824,0,186000.0,High_School,M,4,88936,sales,IC,0,IC,0,192668.28755272523,-6668.287552725233
20795,0,115000.0,High_School,M,3,58365,marketing,IC,0,IC,0,196140.8951932918,-81140.8951932918
166729,1,140000.0,PhD,M,14,125912,marketing,MM,12,MM,12,176326.68458955825,-36326.68458955825
61038,1,313000.0,Master,M,13,65451,sales,MM,11,MM,11,228652.14133359137,84347.85866640863
101484,0,115000.0,PhD,M,4,91654,engineering,MM,21,MM,21,166455.30071644043,-51455.300716440426
27704,0,281000.0,PhD,F,10,171907,sales,MM,16,MM,16,196801.40740035204,84198.59259964796
198240,0,155000.0,Master,F,9,94454,sales,MM,10,MM,10,175717.86588423082,-20717.86588423082
99116,0,89000.0,PhD,M,4,177166,engineering,IC,0,IC,0,241182.17333249372,-152182.17333249372
39717,0,347000.0,PhD,F,8,119576,engineering,IC,0,IC,0,276087.51702335564,70912.48297664436
195502,1,95000.0,Bachelor,M,5,76135,marketing,IC,0,IC,0,193996.92968217094,-98996.92968217094
638,0,124000.0,Master,M,2,94683,marketing,IC,0,IC,0,189747.8553120937,-65747.85531209371
169360,0,63000.0,High_School,F,5,14465,HR,IC,0,IC,0,82936.4626631867,-19936.4626631867
5342,0,292000.0,PhD,M,3,133795,engineering,D,76,D,76,281128.53846153844,10871.46153846156
1841,0,191000.0,PhD,F,2,73489,sales,IC,0,IC,0,202419.4707253329,-11419.47072533291
164051,0,142000.0,Bachelor,F,2,57316,sales,IC,0,IC,0,190325.4138625573,-48325.413862557296
113997,0,61000.0,PhD,M,6,189148,HR,IC,0,IC,0,79413.27248501003,-18413.272485010035
82725,0,348000.0,Bachelor,F,3,128447,engineering,IC,0,IC,0,259876.0519044494,88123.94809555059
129762,0,158000.0,Master,M,5,123103,engineering,IC,0,IC,0,241342.61319268073,-83342.61319268073
32724,0,253000.0,Master,M,3,76310,engineering,IC,0,IC,0,244073.52979870792,8926.470201292075
119658,0,374000.0,PhD,M,11,61403,engineering,MM,12,MM,12,296527.2463329672,77472.75366703281
72374,0,237000.0,PhD,M,4,32159,sales,IC,0,IC,0,194705.84234154952,42294.15765845048
97606,1,127000.0,Master,M,2,138432,sales,IC,0,IC,0,195747.7721196565,-68747.7721196565
170772,0,299000.0,PhD,F,7,87929,sales,IC,0,IC,0,200481.71279382356,98518.28720617644
71125,0,347000.0,Master,F,5,57185,engineering,IC,0,IC,0,237036.2608257125,109963.7391742875
109308,0,210000.0,Master,F,21,110464,marketing,VP,121,VP,121,238241.76947072535,-28241.769470725354
9757,0,79000.0,PhD,F,1,95609,sales,IC,0,IC,0,184864.59303542023,-105864.59303542023
147003,1,310000.0,Master,M,3,63077,sales,IC,0,IC,0,188351.1977603531,121648.8022396469
127400,0,133000.0,Master,F,5,78516,sales,IC,0,IC,0,199991.97931669242,-66991.97931669242
17193,0,339000.0,High_School,M,2,47863,engineering,IC,0,IC,0,226878.35789292358,112121.64210707642
72343,0,194000.0,Master,F,3,182028,engineering,IC,0,IC,0,238133.50270656022,-44133.50270656022
2978,0,89000.0,Bachelor,F,3,130135,HR,IC,0,IC,0,83591.34611794354,5408.65388205646
63182,1,139000.0,Bachelor,M,2,27704,sales,IC,0,IC,0,198429.69040148894,-59429.690401488944
197533,0,244000.0,Bachelor,F,4,145126,sales,IC,0,IC,0,199971.48280086013,44028.51719913987
105597,1,140000.0,Bachelor,M,4,133927,engineering,IC,0,IC,0,243628.2627138922,-103628.26271389221
27660,1,378000.0,Master,M,3,69728,engineering,D,59,D,59,325690.22303921566,52309.77696078434
674,0,152000.0,Master,M,3,190249,marketing,IC,0,IC,0,195418.4685635701,-43418.46856357009
113618,0,275000.0,Master,F,12,103443,marketing,MM,13,MM,13,244784.49800500364,30215.50199499636
196450,0,196000.0,High_School,M,2,7255,engineering,IC,0,IC,0,226878.35789292358,-30878.35789292358
154261,1,224000.0,Bachelor,M,1,92585,marketing,IC,0,IC,0,169925.83131011992,54074.16868988008
118172,0,233000.0,Master,M,3,146220,marketing,IC,0,IC,0,195418.4685635701,37581.53143642991
108774,0,220000.0,High_School,M,3,161132,marketing,IC,0,IC,0,196140.8951932918,23859.1048067082
176985,1,107000.0,High_School,F,1,148032,sales,IC,0,IC,0,175018.73009809814,-68018.73009809814
56157,1,294000.0,PhD,F,3,5743,sales,IC,0,IC,0,187415.0410806651,106584.9589193349
14797,0,318000.0,High_School,M,2,171940,marketing,IC,0,IC,0,195512.34328319496,122487.65671680504
140214,0,291000.0,PhD,F,3,47618,marketing,IC,0,IC,0,211839.30129742634,79160.69870257366
199826,0,147000.0,High_School,M,3,192414,sales,IC,0,IC,0,193926.29331709526,-46926.29331709526
173667,0,169000.0,High_School,F,5,185982,sales,IC,0,IC,0,197019.49258701704,-28019.49258701704
143209,1,149000.0,High_School,M,5,55653,sales,IC,0,IC,0,196471.22445234368,-47471.22445234368
170407,0,242000.0,Bachelor,F,2,179212,marketing,IC,0,IC,0,195854.82935350726,46145.17064649274
64373,0,259000.0,High_School,M,5,74170,sales,IC,0,IC,0,190414.06772590298,68585.93227409702
92060,0,259000.0,Bachelor,M,1,136861,sales,IC,0,IC,0,179465.38885958475,79534.61114041525
55816,0,177000.0,PhD,M,4,55476,marketing,IC,0,IC,0,210382.93359964158,-33382.933599641576
154170,0,278000.0,PhD,F,12,27660,engineering,MM,11,MM,11,248104.35687356014,29895.643126439856
8889,0,92000.0,High_School,M,4,21086,HR,IC,0,IC,0,87030.10157120656,4969.898428793444
181606,0,264000.0,Bachelor,M,8,69463,marketing,IC,0,IC,0,190835.4442587671,73164.5557412329
30488,0,309000.0,PhD,M,6,115539,marketing,MM,12,MM,12,229584.26513546062,79415.73486453938
96221,0,244000.0,PhD,M,2,46957,sales,IC,0,IC,0,201356.5442201449,42643.45577985511
87200,0,67000.0,Master,F,1,66420,HR,IC,0,IC,0,82364.56846565497,-15364.568465654971
150189,0,108000.0,High_School,F,9,138823,HR,MM,14,MM,14,97131.9005602241,10868.099439775906
192551,0,219000.0,PhD,M,1,78874,sales,IC,0,IC,0,198908.11730505654,20091.88269494346
112340,1,189000.0,High_School,F,4,74170,sales,IC,0,IC,0,198726.40167991037,-9726.40167991037
85445,1,66000.0,High_School,F,5,123263,HR,IC,0,IC,0,69404.2745037112,-3404.2745037112036
94030,0,209000.0,Bachelor,M,12,78493,sales,MM,12,MM,12,187520.78850803283,21479.211491967173
167384,0,225000.0,Master,M,3,161132,marketing,IC,0,IC,0,195418.4685635701,29581.531436429912
46339,0,253000.0,PhD,F,7,41175,engineering,IC,0,IC,0,276247.6199559844,-23247.61995598441
124365,0,194000.0,Master,M,4,77613,sales,IC,0,IC,0,194695.32052053208,-695.3205205320846
50317,1,93000.0,PhD,M,2,102102,sales,IC,0,IC,0,191180.20114872733,-98180.20114872733
136610,0,177000.0,Master,M,1,182996,sales,IC,0,IC,0,198051.2011472294,-21051.20114722941
29894,1,181000.0,Bachelor,M,2,71115,engineering,IC,0,IC,0,242862.72183744767,-61862.721837447665
82037,0,296000.0,High_School,M,1,68532,engineering,IC,0,IC,0,231847.76096461926,64152.23903538074
169962,0,118000.0,Bachelor,M,4,171940,marketing,IC,0,IC,0,192298.8865953424,-74298.8865953424
103686,1,114000.0,PhD,F,1,52319,sales,IC,0,IC,0,177727.6568266361,-63727.656826636114
163228,0,285000.0,Master,F,5,130585,sales,IC,0,IC,0,199991.97931669242,85008.02068330758
144516,1,166000.0,PhD,M,3,76135,marketing,IC,0,IC,0,184507.95041214005,-18507.950412140053
168294,1,109000.0,PhD,F,8,121527,marketing,IC,0,IC,0,204128.31500605814,-95128.31500605814
85845,0,82000.0,PhD,M,1,17211,HR,IC,0,IC,0,77565.84484314994,4434.155156850058
143655,0,69000.0,Bachelor,F,5,123154,HR,IC,0,IC,0,85695.75736501839,-16695.75736501839
141046,0,360000.0,Bachelor,M,1,1050,engineering,IC,0,IC,0,253447.42674818967,106552.57325181033
186928,1,204000.0,High_School,M,2,109102,sales,IC,0,IC,0,197187.20652557365,6812.7934744263475
175333,1,172000.0,Bachelor,M,3,61811,sales,IC,0,IC,0,189257.1654400931,-17257.165440093086
110260,1,107000.0,PhD,M,20,125855,HR,D,78,D,78,150780.0,-43780.0
167743,0,216000.0,PhD,M,2,109102,sales,IC,0,IC,0,201356.5442201449,14643.45577985511
42972,0,164000.0,Bachelor,M,1,181772,sales,IC,0,IC,0,179465.38885958475,-15465.388859584753
184296,1,196000.0,Bachelor,M,3,111363,sales,IC,0,IC,0,189257.1654400931,6742.834559906914
54715,1,233000.0,Master,M,2,174122,engineering,IC,0,IC,0,233296.97305636574,-296.97305636573583
169294,1,180000.0,Master,M,1,60489,marketing,IC,0,IC,0,165989.76505118783,14010.234948812169
130978,0,131000.0,High_School,M,1,81811,sales,IC,0,IC,0,186739.580228817,-55739.58022881701
104759,0,75000.0,Master,F,11,20378,HR,MM,10,MM,10,82809.38382506974,-7809.3838250697445
33263,0,306000.0,PhD,M,2,57938,engineering,IC,0,IC,0,239738.82647541008,66261.17352458992
94447,0,155000.0,Master,M,8,39785,HR,MM,11,MM,11,126621.28546097441,28378.71453902559
40512,0,275000.0,High_School,F,3,32572,marketing,IC,0,IC,0,188217.89882621306,86782.10117378694
52249,0,386000.0,Master,F,5,167389,sales,IC,0,IC,0,199991.97931669242,186008.02068330758
44252,0,106000.0,High_School,F,3,146473,marketing,IC,0,IC,0,188217.89882621306,-82217.89882621306
138908,1,83000.0,PhD,M,1,134048,sales,IC,0,IC,0,193940.69232599234,-110940.69232599234
128657,1,70000.0,Master,M,3,9239,sales,IC,0,IC,0,188351.1977603531,-118351.1977603531
154716,0,97000.0,Master,M,5,73254,HR,IC,0,IC,0,79443.02078272104,17556.97921727896
2067,0,167000.0,Bachelor,M,5,8193,engineering,IC,0,IC,0,237543.49587850232,-70543.49587850232
146072,0,276000.0,PhD,M,4,122145,engineering,IC,0,IC,0,241182.17333249372,34817.82666750628
140241,0,213000.0,PhD,M,1,126330,engineering,IC,0,IC,0,245381.45541854406,-32381.455418544065
93668,0,225000.0,Bachelor,M,2,198403,sales,IC,0,IC,0,196776.30656462905,28223.69343537095
150161,0,220000.0,PhD,F,3,69379,sales,IC,0,IC,0,195546.71190949707,24453.28809050293
168572,0,83000.0,High_School,F,3,14226,HR,IC,0,IC,0,85386.80778186422,-2386.8077818642196
199471,0,248000.0,High_School,M,2,103014,engineering,IC,0,IC,0,226878.35789292358,21121.64210707642
86025,0,99000.0,High_School,M,3,133420,sales,IC,0,IC,0,193926.29331709526,-94926.29331709526
44056,0,60000.0,PhD,F,10,16178,HR,MM,9,MM,9,67017.77696717352,-7017.776967173515
50632,1,183000.0,Bachelor,M,1,81644,engineering,IC,0,IC,0,241459.58846692662,-58459.58846692662
70108,0,281000.0,Master,M,8,119576,engineering,IC,0,IC,0,248887.05893000934,32112.94106999066
110625,0,101000.0,Master,M,1,71152,HR,IC,0,IC,0,77429.4837578407,23570.516242159298
91017,1,196000.0,Master,F,1,157064,marketing,IC,0,IC,0,153071.42070149296,42928.579298507044
162223,0,178000.0,Bachelor,M,4,28979,sales,IC,0,IC,0,193264.55968086384,-15264.559680863837
29882,0,242000.0,Master,M,3,94039,sales,IC,0,IC,0,195369.80999597523,46630.19000402477
62578,1,174000.0,Bachelor,F,5,198032,sales,IC,0,IC,0,202564.03332828608,-28564.03332828608
168295,1,272000.0,Master,M,1,168905,engineering,IC,0,IC,0,250966.59465767271,21033.405342327285
123192,0,178000.0,Master,F,3,95473,sales,IC,0,IC,0,191260.8810195265,-13260.88101952651
33843,0,137000.0,High_School,M,7,64087,HR,IC,0,IC,0,83535.55760889543,53464.442391104574
34631,1,228000.0,Bachelor,M,2,37220,engineering,IC,0,IC,0,242862.72183744767,-14862.721837447665
86076,1,250000.0,PhD,F,9,136147,sales,IC,0,IC,0,196459.57099590215,53540.42900409785
71537,1,297000.0,High_School,F,2,64190,sales,IC,0,IC,0,195457.00986642178,101542.99013357822
86905,0,302000.0,Bachelor,M,5,147103,engineering,IC,0,IC,0,237543.49587850232,64456.50412149768
114271,1,114000.0,Master,F,5,185285,HR,IC,0,IC,0,89778.6876682673,24221.312331732697
27307,1,313000.0,Bachelor,F,4,192414,sales,IC,0,IC,0,205322.95392083208,107677.04607916792
62299,1,292000.0,Bachelor,M,2,42096,sales,IC,0,IC,0,198429.69040148894,93570.30959851106
25569,0,223000.0,High_School,M,1,170431,marketing,IC,0,IC,0,181617.3790151326,41382.62098486739
75246,0,190000.0,Master,M,13,140317,engineering,MM,12,MM,12,237337.4960501128,-47337.49605011279
15959,0,216000.0,PhD,M,7,48742,engineering,IC,0,IC,0,243957.16219824034,-27957.162198240345
72347,0,152000.0,Bachelor,F,1,159838,marketing,IC,0,IC,0,216750.62192916207,-64750.621929162065
51566,0,207000.0,Master,F,2,168905,engineering,IC,0,IC,0,260023.70872319196,-53023.70872319196
77495,0,251000.0,Bachelor,F,1,87884,engineering,IC,0,IC,0,221439.98962197226,29560.010378027742
59366,0,294000.0,PhD,M,5,142850,sales,IC,0,IC,0,192559.0137282462,101440.98627175379
23619,0,310000.0,Bachelor,M,2,10773,engineering,IC,0,IC,0,238810.46474319053,71189.53525680947
71223,1,280000.0,PhD,M,1,47472,engineering,IC,0,IC,0,238639.5918970931,41360.40810290689
35850,1,141000.0,Master,F,1,130834,engineering,IC,0,IC,0,248653.7440354666,-107653.7440354666
199543,0,123000.0,Bachelor,F,2,68222,HR,IC,0,IC,0,86599.55002878579,36400.44997121421
34438,0,164000.0,High_School,M,1,178314,marketing,IC,0,IC,0,181617.3790151326,-17617.37901513261
68967,0,168000.0,Master,M,3,17291,sales,IC,0,IC,0,195369.80999597523,-27369.80999597523
91527,0,199000.0,Bachelor,M,2,113578,marketing,IC,0,IC,0,196739.27564649528,2260.7243535047164
137063,1,298000.0,Master,M,5,181996,engineering,IC,0,IC,0,228892.63088194563,69107.36911805437
56686,1,113000.0,Bachelor,F,1,172321,sales,IC,0,IC,0,188276.224715987,-75276.22471598699
84370,0,112000.0,Bachelor,M,1,150189,HR,IC,0,IC,0,85222.58767315086,26777.41232684914
163989,0,60000.0,Bachelor,M,3,14226,HR,IC,0,IC,0,77553.46065381975,-17553.460653819755
28202,0,302000.0,Bachelor,M,3,115856,sales,IC,0,IC,0,194528.5959929,107471.4040071
133204,1,211000.0,PhD,F,4,114572,marketing,IC,0,IC,0,219187.708066179,-8187.70806617901
130384,0,152000.0,PhD,M,5,109671,marketing,IC,0,IC,0,203274.43239263128,-51274.43239263128
136313,0,172000.0,PhD,F,4,8207,engineering,MM,6,MM,6,221077.98757577807,-49077.98757577807
161284,1,394000.0,Bachelor,M,10,109804,engineering,D,39,D,39,331305.857648099,62694.142351900984
71255,0,125000.0,PhD,F,2,102498,HR,IC,0,IC,0,81889.77770686249,43110.222293137514
13667,0,153000.0,Bachelor,M,2,58365,marketing,IC,0,IC,0,196739.27564649528,-43739.27564649528
162967,1,141000.0,Master,M,3,67522,sales,IC,0,IC,0,188351.1977603531,-47351.1977603531
183570,0,195000.0,High_School,M,2,59705,sales,IC,0,IC,0,195986.4498613001,-986.4498613000906
145137,0,249000.0,Bachelor,M,5,171499,engineering,IC,0,IC,0,237543.49587850232,11456.50412149768
128251,0,118000.0,Master,M,3,47618,marketing,IC,0,IC,0,195418.4685635701,-77418.46856357009
36466,1,183000.0,Bachelor,M,4,51293,sales,IC,0,IC,0,200945.03521904073,-17945.03521904073
175346,1,186000.0,Master,M,1,134982,sales,IC,0,IC,0,194883.36343501264,-8883.363435012638
106535,1,86000.0,PhD,M,2,149135,engineering,IC,0,IC,0,237027.23882378358,-151027.23882378358
47260,0,71000.0,Bachelor,M,5,24015,HR,MM,12,MM,12,88279.64137956798,-17279.641379567984
122145,1,196000.0,PhD,M,2,72243,engineering,MM,15,MM,15,231044.7738693497,-35044.77386934971
167987,0,197000.0,Master,M,3,142104,engineering,IC,0,IC,0,244073.52979870792,-47073.529798707925
21703,0,282000.0,Bachelor,M,2,50679,sales,IC,0,IC,0,196776.30656462905,85223.69343537095
108116,0,61000.0,Bachelor,F,2,104759,HR,IC,0,IC,0,86599.55002878579,-25599.550028785787
132680,1,186000.0,Bachelor,M,3,199282,marketing,IC,0,IC,0,188192.39140789176,-2192.3914078917587
128599,0,134000.0,Bachelor,M,4,61811,sales,IC,0,IC,0,193264.55968086384,-59264.55968086384
34660,0,89000.0,PhD,M,3,17211,HR,IC,0,IC,0,82709.4195275736,6290.580472426402
43171,0,83000.0,PhD,M,1,29960,marketing,IC,0,IC,0,195577.15476246577,-112577.15476246577
130173,1,208000.0,PhD,M,7,127266,marketing,IC,0,IC,0,202702.61017714458,5297.389822855417
192398,1,87000.0,High_School,F,2,184885,HR,IC,0,IC,0,83924.29636093852,3075.703639061481
70256,1,266000.0,PhD,M,4,94039,sales,IC,0,IC,0,200154.16277634335,65845.83722365665
151693,0,298000.0,High_School,M,3,168951,sales,IC,0,IC,0,193926.29331709526,104073.70668290474
135213,0,71000.0,Bachelor,M,6,62081,sales,IC,0,IC,0,193558.3030501584,-122558.3030501584
95144,0,177000.0,PhD,M,2,74264,marketing,IC,0,IC,0,198900.55025181093,-21900.550251810928
62107,1,113000.0,PhD,M,5,5282,sales,IC,0,IC,0,191458.68923493737,-78458.68923493737
21841,0,115000.0,Bachelor,F,4,104539,HR,IC,0,IC,0,86004.53677464435,28995.46322535565
31511,0,148000.0,Bachelor,M,6,95841,engineering,IC,0,IC,0,252047.32944780047,-104047.32944780047
46167,1,131000.0,Master,M,2,145126,sales,IC,0,IC,0,195747.7721196565,-64747.772119656496
177089,0,252000.0,Bachelor,M,1,164439,marketing,IC,0,IC,0,195298.98660263894,56701.013397361065
42374,1,170000.0,PhD,M,3,122567,engineering,IC,0,IC,0,246707.47890110445,-76707.47890110445
171461,0,77000.0,Bachelor,M,8,138823,HR,MM,14,MM,14,90618.98367155722,-13618.983671557216
197083,0,301000.0,PhD,M,2,138432,sales,IC,0,IC,0,201356.5442201449,99643.45577985511
146220,0,228000.0,PhD,M,2,196484,marketing,MM,9,MM,9,171305.5319108152,56694.46808918481
81111,0,313000.0,PhD,M,9,18295,engineering,MM,10,MM,10,255695.3397124705,57304.66028752949
178939,0,271000.0,Bachelor,M,2,61988,engineering,IC,0,IC,0,238810.46474319053,32189.535256809468
110153,0,220000.0,Master,M,4,8711,marketing,IC,0,IC,0,194518.27840682067,25481.721593179333
10213,0,245000.0,Master,F,1,5222,sales,IC,0,IC,0,177865.95495298997,67134.04504701003
139999,1,201000.0,Master,M,4,26183,sales,IC,0,IC,0,193172.76047413386,7827.239525866142
6281,0,299000.0,Master,F,3,191495,sales,IC,0,IC,0,191260.8810195265,107739.11898047349
32992,0,163000.0,Master,F,5,110878,engineering,IC,0,IC,0,237036.2608257125,-74036.2608257125
57761,0,253000.0,Bachelor,M,4,116750,engineering,IC,0,IC,0,245313.12529643642,7686.874703563575
91242,0,162000.0,Master,F,1,69345,sales,IC,0,IC,0,177865.95495298997,-15865.954952989967
176022,0,115000.0,Bachelor,M,4,14470,sales,IC,0,IC,0,193264.55968086384,-78264.55968086384
119589,0,245000.0,Bachelor,M,8,119576,engineering,IC,0,IC,0,229476.58349799537,15523.416502004635
172621,0,335000.0,Bachelor,F,2,7349,marketing,IC,0,IC,0,195854.82935350726,139145.17064649274
138973,0,67000.0,Bachelor,M,3,754,HR,IC,0,IC,0,77553.46065381975,-10553.460653819755
78359,0,246000.0,PhD,F,3,30488,marketing,IC,0,IC,0,211839.30129742634,34160.69870257366
29255,0,142000.0,Master,F,6,62990,sales,IC,0,IC,0,195325.24825658792,-53325.24825658792
149886,0,211000.0,Master,F,2,161132,marketing,IC,0,IC,0,190948.4877860469,20051.5122139531
6819,0,327000.0,Bachelor,F,3,4110,sales,IC,0,IC,0,194461.09812463698,132538.90187536302
160304,0,85000.0,Master,M,5,123502,HR,IC,0,IC,0,79443.02078272104,5556.97921727896
2382,0,207000.0,PhD,F,1,111974,engineering,IC,0,IC,0,245816.63079848664,-38816.63079848664
165096,0,198000.0,High_School,M,7,191073,sales,IC,0,IC,0,187723.0207662197,10276.979233780294
106915,0,254000.0,Bachelor,M,1,70819,engineering,IC,0,IC,0,253447.42674818967,552.5732518103323
82419,1,61000.0,PhD,F,21,74062,marketing,D,46,D,46,144694.55106317383,-83694.55106317383
133302,0,93000.0,PhD,M,4,129287,HR,IC,0,IC,0,86837.11909178048,6162.880908219522
29283,0,169000.0,High_School,M,5,132309,sales,IC,0,IC,0,190414.06772590298,-21414.067725902976
113279,0,255000.0,Bachelor,M,1,150194,engineering,IC,0,IC,0,253447.42674818967,1552.5732518103323
51923,0,65000.0,PhD,F,13,41533,HR,MM,11,MM,11,84034.48941798945,-19034.489417989447
24343,0,90000.0,Bachelor,M,2,102727,marketing,IC,0,IC,0,196739.27564649528,-106739.27564649528
169223,0,316000.0,Bachelor,M,12,5342,engineering,MM,12,MM,12,294540.68521927897,21459.314780721033
184311,0,326000.0,High_School,M,4,127275,engineering,IC,0,IC,0,250920.8991168643,75079.10088313569
54837,1,353000.0,High_School,M,2,191073,sales,IC,0,IC,0,197187.20652557365,155812.79347442635
94209,1,231000.0,PhD,F,5,146220,marketing,IC,0,IC,0,210195.70974031196,20804.290259688045
198788,0,189000.0,PhD,F,4,68201,sales,IC,0,IC,0,200837.55383701346,-11837.55383701346
54952,1,99000.0,PhD,F,6,127544,sales,IC,0,IC,0,196640.35002037467,-97640.35002037467
64666,1,203000.0,Bachelor,F,1,108164,sales,IC,0,IC,0,188276.224715987,14723.775284013012
189418,0,197000.0,PhD,F,4,19806,sales,IC,0,IC,0,200837.55383701346,-3837.55383701346
18285,1,79000.0,Bachelor,F,1,29508,HR,IC,0,IC,0,76312.6750285779,2687.324971422102
2806,0,193000.0,Master,M,1,126368,sales,IC,0,IC,0,198051.2011472294,-5051.201147229411
7723,1,120000.0,Master,M,5,60489,marketing,IC,0,IC,0,191923.89872502946,-71923.89872502946
84230,0,127000.0,PhD,M,4,5692,marketing,MM,16,MM,16,207698.24768056997,-80698.24768056997
34531,0,178000.0,Master,M,7,116180,engineering,IC,0,IC,0,239867.33568426527,-61867.33568426527
164547,1,218000.0,Master,F,7,32510,sales,MM,7,MM,7,197690.72054297815,20309.279457021854
199239,0,128000.0,Master,F,1,148236,sales,IC,0,IC,0,177865.95495298997,-49865.95495298997
145328,0,220000.0,Bachelor,M,3,121527,marketing,IC,0,IC,0,195837.03111956886,24162.968880431144
137121,0,137000.0,Bachelor,M,7,185982,sales,IC,0,IC,0,194389.89332323067,-57389.89332323067
73254,0,129000.0,Bachelor,M,9,192056,HR,MM,14,MM,14,105002.9955763191,23997.004423680904
185171,1,99000.0,Bachelor,M,3,99121,marketing,IC,0,IC,0,188192.39140789176,-89192.39140789176
59217,1,72000.0,Master,M,4,4384,HR,IC,0,IC,0,76788.14777597826,-4788.147775978257
99441,0,326000.0,PhD,M,6,101819,engineering,IC,0,IC,0,247728.11200962216,78271.88799037784
78004,0,75000.0,Master,M,4,148984,sales,IC,0,IC,0,194695.32052053208,-119695.32052053208
185591,0,99000.0,PhD,M,1,55883,engineering,IC,0,IC,0,245381.45541854406,-146381.45541854406
48379,1,237000.0,Master,F,4,70406,marketing,IC,0,IC,0,202198.159483039,34801.840516961005
47799,1,120000.0,Bachelor,F,4,76073,engineering,IC,0,IC,0,250652.48560468346,-130652.48560468346
49793,0,274000.0,PhD,M,2,115694,engineering,IC,0,IC,0,239738.82647541008,34261.17352458992
72376,0,100000.0,PhD,M,2,75860,engineering,IC,0,IC,0,239738.82647541008,-139738.82647541008
150690,1,195000.0,Master,M,1,73649,sales,IC,0,IC,0,194883.36343501264,116.63656498736236
90033,0,279000.0,Bachelor,M,5,79,sales,IC,0,IC,0,195038.08580704563,83961.91419295437
147642,0,88000.0,Master,M,9,100942,sales,MM,11,MM,11,164292.4380264372,-76292.43802643719
143478,1,207000.0,Bachelor,M,4,35499,sales,IC,0,IC,0,200945.03521904073,6054.964780959272
142920,1,163000.0,Master,F,1,168905,engineering,IC,0,IC,0,248653.7440354666,-85653.7440354666
170452,0,83000.0,PhD,F,1,104539,HR,IC,0,IC,0,87076.16641899414,-4076.1664189941366
30132,0,62000.0,PhD,M,3,65856,sales,IC,0,IC,0,197202.7515403313,-135202.7515403313
192065,1,174000.0,PhD,M,1,142685,sales,IC,0,IC,0,193940.69232599234,-19940.692325992335
67320,1,221000.0,PhD,M,3,102815,sales,IC,0,IC,0,182782.6484747099,38217.35152529011
169087,0,147000.0,Master,F,1,119964,marketing,IC,0,IC,0,191328.91733028728,-44328.91733028728
174189,0,157000.0,Master,M,1,47863,engineering,IC,0,IC,0,253167.61103592915,-96167.61103592915
134398,1,161000.0,Master,M,3,160289,sales,IC,0,IC,0,188351.1977603531,-27351.197760353098
146471,1,117000.0,PhD,M,5,168905,engineering,IC,0,IC,0,234389.674076652,-117389.67407665201
73936,1,246000.0,Bachelor,F,5,64750,engineering,IC,0,IC,0,239305.37951119905,6694.620488800952
94934,1,148000.0,High_School,F,2,123258,marketing,IC,0,IC,0,195142.62269212652,-47142.62269212652
192056,0,131000.0,Master,M,20,71889,HR,D,109,D,109,128940.0,2060.0
119890,1,293000.0,PhD,F,2,64190,sales,IC,0,IC,0,186910.43460369,106089.56539631
121347,1,278000.0,High_School,F,3,29712,engineering,IC,0,IC,0,268785.44577182253,9214.554228177469
30595,1,230000.0,Master,F,3,110878,engineering,IC,0,IC,0,245150.29004286497,-15150.290042864974
56382,0,296000.0,Bachelor,F,2,93223,engineering,IC,0,IC,0,241425.92290671106,54574.07709328894
78059,0,399000.0,PhD,M,9,110091,engineering,IC,0,IC,0,320529.52285454306,78470.47714545694
74778,1,184000.0,Bachelor,M,2,180930,sales,IC,0,IC,0,198429.69040148894,-14429.690401488944
48364,0,77000.0,PhD,M,3,41175,engineering,IC,0,IC,0,244594.82101961187,-167594.82101961187
48884,0,102000.0,PhD,M,2,132399,sales,IC,0,IC,0,201356.5442201449,-99356.54422014489
58850,0,304000.0,Master,M,6,171499,engineering,IC,0,IC,0,250298.06490293815,53701.935097061854
55481,1,332000.0,PhD,M,11,72243,engineering,MM,11,MM,11,253423.7457641116,78576.2542358884
137595,0,243000.0,Bachelor,M,6,82463,marketing,IC,0,IC,0,189453.14893188572,53546.85106811428
88893,0,266000.0,Master,M,2,85791,sales,IC,0,IC,0,196044.60399481485,69955.39600518515
159843,0,93000.0,PhD,F,4,85426,HR,IC,0,IC,0,82462.33964853613,10537.66035146387
45328,0,231000.0,PhD,F,6,147715,sales,IC,0,IC,0,194169.18557509538,36830.814424904616
78924,0,187000.0,High_School,M,5,182531,sales,IC,0,IC,0,190414.06772590298,-3414.0677259029762
169654,1,199000.0,High_School,M,2,32159,sales,IC,0,IC,0,197187.20652557365,1812.7934744263475
112428,0,242000.0,Bachelor,M,4,162381,engineering,IC,0,IC,0,245313.12529643642,-3313.125296436425
11390,0,240000.0,Master,M,5,68532,engineering,IC,0,IC,0,241342.61319268073,-1342.6131926807284
101713,0,188000.0,High_School,M,5,110091,engineering,IC,0,IC,0,243781.76916131607,-55781.76916131607
168961,1,152000.0,Bachelor,F,3,149696,sales,IC,0,IC,0,194975.3755380346,-42975.3755380346
168415,0,71000.0,Bachelor,F,12,39785,HR,MM,11,MM,11,92228.2480329231,-21228.248032923104
38684,0,154000.0,Bachelor,M,2,194078,marketing,IC,0,IC,0,196739.27564649528,-42739.27564649528
124014,0,230000.0,Master,M,11,79285,sales,MM,15,MM,15,207004.74266232512,22995.257337674877
176278,1,332000.0,Bachelor,F,1,150300,marketing,IC,0,IC,0,200189.67771152535,131810.32228847465
21503,0,324000.0,High_School,M,2,89837,marketing,IC,0,IC,0,195512.34328319496,128487.65671680504
54078,0,143000.0,Master,M,2,94507,engineering,IC,0,IC,0,225404.836709512,-82404.83670951199
92755,0,67000.0,High_School,F,2,173939,marketing,IC,0,IC,0,191544.59382960657,-124544.59382960657
165320,1,308000.0,Bachelor,M,1,80728,engineering,IC,0,IC,0,241459.58846692662,66540.41153307338
80911,0,99000.0,Master,M,1,140393,engineering,IC,0,IC,0,253167.61103592915,-154167.61103592915
1651,0,325000.0,Bachelor,M,4,146629,engineering,MM,12,MM,12,239650.66925059087,85349.33074940913
24805,1,183000.0,Master,M,5,138948,marketing,IC,0,IC,0,191923.89872502946,-8923.89872502946
147937,0,240000.0,Master,M,6,77766,marketing,IC,0,IC,0,190104.69597924425,49895.30402075575
112653,0,74000.0,High_School,F,1,21086,HR,IC,0,IC,0,84206.1973205254,-10206.197320525403
27452,1,127000.0,PhD,F,5,85717,sales,IC,0,IC,0,201105.53032258726,-74105.53032258726
124812,1,346000.0,PhD,M,4,184998,sales,IC,0,IC,0,200154.16277634335,145845.83722365665
134295,0,213000.0,PhD,F,2,147016,sales,IC,0,IC,0,202419.4707253329,10580.52927466709
133387,1,200000.0,Bachelor,M,1,144401,sales,IC,0,IC,0,180018.0883550749,19981.9116449251
174603,0,189000.0,PhD,M,5,182777,marketing,IC,0,IC,0,203274.43239263128,-14274.432392631279
165884,1,139000.0,PhD,M,1,125775,marketing,IC,0,IC,0,198010.52881550777,-59010.52881550777
113298,1,204000.0,High_School,M,1,56451,sales,IC,0,IC,0,182145.5554433057,21854.444556694303
171793,1,64000.0,Bachelor,F,4,180006,HR,IC,0,IC,0,83055.65916338643,-19055.65916338643
134982,0,238000.0,Bachelor,M,9,66119,sales,MM,13,MM,13,193297.27145762715,44702.728542372846
118612,0,77000.0,PhD,M,1,172717,HR,IC,0,IC,0,77565.84484314994,-565.8448431499419
53025,0,163000.0,Master,M,6,55653,sales,IC,0,IC,0,192430.58157034806,-29430.581570348062
194373,0,371000.0,PhD,M,2,134048,sales,IC,0,IC,0,201356.5442201449,169643.4557798551
82056,1,315000.0,PhD,M,2,9239,sales,IC,0,IC,0,191180.20114872733,123819.79885127267
130736,1,74000.0,High_School,F,3,81421,HR,IC,0,IC,0,78171.16123674017,-4171.1612367401685
172250,0,136000.0,PhD,F,7,115907,marketing,MM,9,MM,9,214409.7393179278,-78409.7393179278
17970,0,394000.0,High_School,M,4,171499,engineering,IC,0,IC,0,250920.8991168643,143079.1008831357
135214,1,63000.0,Master,F,4,39231,HR,IC,0,IC,0,76240.23849965347,-13240.238499653467
98045,1,323000.0,High_School,M,3,126368,sales,IC,0,IC,0,184716.40600900303,138283.59399099697
5721,0,239000.0,Bachelor,M,4,12214,sales,IC,0,IC,0,193264.55968086384,45735.44031913616
109596,0,107000.0,Master,F,3,110878,engineering,IC,0,IC,0,238133.50270656022,-131133.50270656022
127601,1,125000.0,High_School,F,6,53826,HR,IC,0,IC,0,97452.30874417955,27547.69125582045
62081,0,104000.0,PhD,M,9,3917,sales,MM,12,MM,12,167098.4366444876,-63098.43664448761
118110,0,189000.0,PhD,M,7,78874,sales,IC,0,IC,0,195867.84805352206,-6867.848053522059
90237,1,91000.0,High_School,M,3,193088,sales,MM,10,MM,10,173869.29246932556,-82869.29246932556
21181,0,300000.0,Bachelor,M,3,5875,marketing,IC,0,IC,0,195837.03111956886,104162.96888043114
27881,0,67000.0,Master,F,4,5889,HR,IC,0,IC,0,79232.74241669648,-12232.742416696477
63501,0,294000.0,Bachelor,F,4,23120,marketing,IC,0,IC,0,198300.07769298556,95699.92230701444
21073,1,215000.0,Bachelor,M,4,67151,engineering,IC,0,IC,0,243628.2627138922,-28628.26271389221
13342,0,96000.0,Bachelor,F,2,96420,sales,IC,0,IC,0,190325.4138625573,-94325.4138625573
100991,1,192000.0,High_School,F,2,10922,sales,IC,0,IC,0,195457.00986642178,-3457.0098664217803
92050,0,226000.0,High_School,F,5,84193,marketing,IC,0,IC,0,196285.1315942073,29714.868405792688
105629,1,164000.0,Master,M,1,167921,engineering,IC,0,IC,0,250966.59465767271,-86966.59465767271
82904,0,122000.0,PhD,M,1,153291,sales,IC,0,IC,0,198908.11730505654,-76908.11730505654
100654,0,71000.0,Bachelor,F,1,184236,HR,IC,0,IC,0,77771.4712925606,-6771.4712925606
29908,0,104000.0,Bachelor,F,7,73489,sales,IC,0,IC,0,202931.0713209912,-98931.0713209912
171973,0,250000.0,Master,M,2,119964,marketing,IC,0,IC,0,189747.8553120937,60252.144687906286
69344,0,375000.0,Master,M,3,62043,engineering,IC,0,IC,0,244073.52979870792,130926.47020129208
136468,1,356000.0,Master,M,6,167941,sales,MM,13,MM,13,217698.76201934315,138301.23798065685
154109,1,162000.0,Master,F,5,75860,engineering,IC,0,IC,0,260549.11009045102,-98549.11009045102
150837,0,197000.0,Bachelor,M,4,76073,engineering,IC,0,IC,0,245313.12529643642,-48313.125296436425
47952,0,287000.0,Master,M,1,191649,sales,IC,0,IC,0,198051.2011472294,88948.79885277059
10979,1,296000.0,Bachelor,M,1,162381,engineering,IC,0,IC,0,241459.58846692662,54540.41153307338
79328,1,183000.0,PhD,M,1,138432,sales,IC,0,IC,0,193940.69232599234,-10940.692325992335
149927,1,103000.0,Bachelor,F,2,28979,sales,IC,0,IC,0,192222.09002881806,-89222.09002881806
26989,0,396000.0,Bachelor,M,2,159098,engineering,IC,0,IC,0,238810.46474319053,157189.53525680947
195911,0,224000.0,PhD,F,3,103912,sales,IC,0,IC,0,195546.71190949707,28453.28809050293
53777,0,254000.0,PhD,M,5,66306,engineering,IC,0,IC,0,243058.35787352896,10941.642126471037
181787,1,126000.0,Master,M,11,23830,marketing,MM,8,MM,8,188221.8384118622,-62221.838411862205
2422,0,135000.0,Bachelor,M,4,4440,marketing,IC,0,IC,0,192298.8865953424,-57298.886595342396
382,0,212000.0,Bachelor,M,2,166653,engineering,IC,0,IC,0,238810.46474319053,-26810.464743190532
154534,0,329000.0,Master,M,1,107493,engineering,IC,0,IC,0,253167.61103592915,75832.38896407085
181122,0,278000.0,Bachelor,F,4,102632,marketing,IC,0,IC,0,198300.07769298556,79699.92230701444
28460,0,305000.0,Bachelor,M,8,10773,engineering,IC,0,IC,0,229476.58349799537,75523.41650200463
178037,0,219000.0,Bachelor,M,3,138432,sales,IC,0,IC,0,194528.5959929,24471.404007100005
123916,0,220000.0,Master,M,1,193621,sales,IC,0,IC,0,198051.2011472294,21948.79885277059
166896,0,62000.0,Bachelor,M,3,39231,HR,IC,0,IC,0,77553.46065381975,-15553.460653819755
6798,0,245000.0,PhD,F,2,45803,sales,IC,0,IC,0,202419.4707253329,42580.52927466709
95164,0,226000.0,Bachelor,F,1,103421,engineering,IC,0,IC,0,221439.98962197226,4560.010378027742
196824,1,372000.0,Bachelor,M,1,132283,engineering,IC,0,IC,0,241459.58846692662,130540.41153307338
40677,0,291000.0,Bachelor,M,3,112750,engineering,IC,0,IC,0,244492.12806626968,46507.87193373032
143558,0,268000.0,Master,M,1,94683,marketing,IC,0,IC,0,195691.75019170734,72308.24980829266
98882,0,76000.0,Bachelor,M,1,123154,HR,IC,0,IC,0,85222.58767315086,-9222.587673150862
3693,0,180000.0,PhD,M,3,132683,engineering,IC,0,IC,0,244594.82101961187,-64594.821019611874
187360,0,83000.0,PhD,F,1,181781,HR,IC,0,IC,0,87076.16641899414,-4076.1664189941366
114572,0,192000.0,Bachelor,M,10,5692,marketing,MM,16,MM,16,186562.88216857254,5437.117831427458
13299,1,72000.0,Bachelor,M,7,110089,HR,IC,0,IC,0,95221.3401352617,-23221.340135261693
167059,0,76000.0,PhD,M,1,75705,HR,IC,0,IC,0,77565.84484314994,-1565.8448431499419
66998,0,250000.0,PhD,M,1,135848,marketing,IC,0,IC,0,195577.15476246577,54422.84523753423
121527,0,397000.0,PhD,M,3,139507,marketing,MM,15,MM,15,268245.49794357794,128754.50205642206
123780,0,80000.0,Master,M,1,779,marketing,IC,0,IC,0,195691.75019170734,-115691.75019170734
197004,1,258000.0,Master,M,3,140393,engineering,IC,0,IC,0,243469.85093906373,14530.149060936266
58290,0,90000.0,PhD,M,1,180925,sales,IC,0,IC,0,198908.11730505654,-108908.11730505654
170121,1,144000.0,Bachelor,M,5,95169,sales,IC,0,IC,0,199879.9083933267,-55879.90839332671
18483,1,89000.0,PhD,F,2,164439,marketing,IC,0,IC,0,178705.9724548009,-89705.97245480091
179945,0,99000.0,Bachelor,F,3,183283,HR,IC,0,IC,0,83591.34611794354,15408.65388205646
112750,0,296000.0,Master,F,8,39726,engineering,MM,13,MM,13,257267.70167397152,38732.29832602848
143015,0,213000.0,Master,M,4,84828,engineering,IC,0,IC,0,241830.84919374806,-28830.849193748058
61053,1,153000.0,High_School,M,5,182556,sales,IC,0,IC,0,196471.22445234368,-43471.22445234368
66455,0,74000.0,PhD,M,8,180006,HR,IC,0,IC,0,77217.56023676235,-3217.5602367623505
12603,1,161000.0,Master,M,5,25367,marketing,IC,0,IC,0,191923.89872502946,-30923.89872502946
41316,1,289000.0,High_School,F,1,9239,sales,IC,0,IC,0,175018.73009809814,113981.26990190186
190818,1,113000.0,PhD,F,7,140393,engineering,IC,0,IC,0,264585.38292714587,-151585.38292714587
53856,0,138000.0,Master,M,3,16178,HR,MM,9,MM,9,84914.15250888959,53085.84749111041
14978,1,247000.0,Master,F,3,119774,sales,IC,0,IC,0,192638.1102185486,54361.889781451406
94955,1,271000.0,High_School,F,1,73106,engineering,IC,0,IC,0,216804.56625324997,54195.43374675003
9965,0,93000.0,PhD,M,6,41721,marketing,IC,0,IC,0,199498.14193409026,-106498.14193409026
191454,0,222000.0,Bachelor,M,7,191391,marketing,MM,8,MM,8,200813.04046033203,21186.959539667965
36350,1,133000.0,Master,M,1,102043,marketing,IC,0,IC,0,165989.76505118783,-32989.76505118783
193288,0,110000.0,Master,M,1,134536,engineering,IC,0,IC,0,253167.61103592915,-143167.61103592915
61175,0,118000.0,PhD,M,4,122762,sales,IC,0,IC,0,194705.84234154952,-76705.84234154952
31680,1,142000.0,PhD,M,4,73663,marketing,IC,0,IC,0,206647.66908106598,-64647.66908106598
6110,0,117000.0,Bachelor,M,1,77613,sales,IC,0,IC,0,179465.38885958475,-62465.38885958475
59529,0,88000.0,High_School,M,2,82463,marketing,IC,0,IC,0,195512.34328319496,-107512.34328319496
37903,0,67000.0,Master,M,2,145710,engineering,IC,0,IC,0,225404.836709512,-158404.836709512
6158,0,265000.0,High_School,M,1,93223,engineering,IC,0,IC,0,231847.76096461926,33152.23903538074
32510,1,285000.0,Master,M,23,197876,sales,D,81,D,81,265035.37116772117,19964.62883227883
105246,1,315000.0,High_School,M,2,190249,marketing,IC,0,IC,0,196899.97053999678,118100.02946000322
167389,1,167000.0,PhD,M,2,181201,sales,MM,12,MM,12,186420.10825970714,-19420.108259707136
98316,0,211000.0,Bachelor,M,3,191495,sales,IC,0,IC,0,194528.5959929,16471.404007100005
196987,0,123000.0,Bachelor,F,1,87762,sales,IC,0,IC,0,190803.3928173758,-67803.3928173758
152219,1,185000.0,PhD,F,5,70819,engineering,IC,0,IC,0,235619.31312139722,-50619.31312139722
157372,1,197000.0,Bachelor,M,4,87707,sales,IC,0,IC,0,200945.03521904073,-3945.0352190407284
8856,1,201000.0,Master,M,4,134556,marketing,MM,10,MM,10,214301.0565621965,-13301.056562196492
114011,1,122000.0,Master,F,14,28697,engineering,MM,11,MM,11,190078.96551724136,-68078.96551724136
146537,0,63000.0,PhD,F,9,199950,HR,IC,0,IC,0,76268.39358347576,-13268.393583475758
3396,1,285000.0,Bachelor,M,2,148795,engineering,IC,0,IC,0,242862.72183744767,42137.278162552335
84909,0,271000.0,Bachelor,F,7,112245,sales,IC,0,IC,0,202931.0713209912,68068.9286790088
41619,0,88000.0,Bachelor,F,1,17211,HR,IC,0,IC,0,77771.4712925606,10228.5287074394
181380,0,76000.0,Bachelor,M,1,142104,engineering,IC,0,IC,0,253447.42674818967,-177447.42674818967
88649,0,292000.0,High_School,M,5,71945,engineering,IC,0,IC,0,243781.76916131607,48218.23083868393
93964,1,208000.0,PhD,M,1,150194,engineering,IC,0,IC,0,238639.5918970931,-30639.59189709311
174847,1,225000.0,PhD,F,4,53390,sales,IC,0,IC,0,201771.61572670785,23228.384273292148
177003,0,79000.0,Bachelor,M,6,55972,HR,IC,0,IC,0,82309.25309772248,-3309.2530977224815
51984,1,117000.0,Bachelor,M,3,162035,sales,IC,0,IC,0,189257.1654400931,-72257.16544009309
180885,1,230000.0,PhD,F,2,147715,sales,IC,0,IC,0,186910.43460369,43089.565396310005
191409,0,65000.0,PhD,M,2,182996,sales,IC,0,IC,0,201356.5442201449,-136356.5442201449
20077,0,81000.0,Master,F,3,15768,HR,IC,0,IC,0,83947.66681572703,-2947.6668157270324
135854,0,72000.0,High_School,M,1,32159,sales,IC,0,IC,0,186739.580228817,-114739.58022881701
78365,0,345000.0,Master,F,2,142104,engineering,IC,0,IC,0,260023.70872319196,84976.29127680804
121816,0,247000.0,PhD,F,5,148984,sales,IC,0,IC,0,201521.88967796802,45478.11032203198
97456,0,117000.0,High_School,F,1,14299,engineering,IC,0,IC,0,256554.63123786892,-139554.63123786892
61079,0,211000.0,High_School,F,5,88936,sales,IC,0,IC,0,197019.49258701704,13980.507412982959
142146,1,380000.0,PhD,F,34,11277,sales,VP,363,VP,363,351600.0,28400.0
193302,1,286000.0,High_School,M,2,132283,engineering,IC,0,IC,0,231965.8322813009,54034.167718699086
9794,1,162000.0,Bachelor,M,3,32572,marketing,IC,0,IC,0,188192.39140789176,-26192.39140789176
58032,0,229000.0,PhD,M,1,81860,engineering,IC,0,IC,0,245381.45541854406,-16381.455418544065
79322,1,180000.0,PhD,F,2,52920,sales,IC,0,IC,0,186910.43460369,-6910.434603689995
102527,0,125000.0,High_School,F,2,118329,sales,IC,0,IC,0,189874.31344501488,-64874.31344501488
175825,0,146000.0,Bachelor,M,4,76135,marketing,IC,0,IC,0,192298.8865953424,-46298.886595342396
174793,0,82000.0,PhD,F,5,110089,HR,IC,0,IC,0,81307.52954187465,692.4704581253463
29759,0,128000.0,Bachelor,F,7,189742,HR,IC,0,IC,0,79025.13326882306,48974.86673117694
96313,0,228000.0,Bachelor,M,4,33266,marketing,IC,0,IC,0,192298.8865953424,35701.113404657604
50523,0,343000.0,Master,M,5,174122,engineering,IC,0,IC,0,241342.61319268073,101657.38680731927
118357,0,302000.0,High_School,M,4,69379,sales,IC,0,IC,0,192668.28755272523,109331.71244727477
115421,0,219000.0,PhD,M,3,113618,marketing,IC,0,IC,0,204409.410789578,14590.589210422011
184133,1,114000.0,Bachelor,M,3,41721,marketing,IC,0,IC,0,188192.39140789176,-74192.39140789176
195445,0,197000.0,PhD,M,6,118329,sales,IC,0,IC,0,194022.9025924341,2977.0974075658887
187949,0,182000.0,High_School,M,3,94039,sales,IC,0,IC,0,193926.29331709526,-11926.29331709526
111539,0,189000.0,Bachelor,M,1,1050,engineering,IC,0,IC,0,253447.42674818967,-64447.42674818967
127693,0,179000.0,Master,M,1,159838,marketing,IC,0,IC,0,195691.75019170734,-16691.75019170734
89390,1,205000.0,PhD,F,4,123358,sales,IC,0,IC,0,201771.61572670785,3228.3842732921476
79780,0,337000.0,Bachelor,M,6,95841,engineering,IC,0,IC,0,252047.32944780047,84952.67055219953
102382,0,207000.0,High_School,M,1,7966,sales,IC,0,IC,0,186739.580228817,20260.41977118299
171129,1,273000.0,Master,F,4,94039,sales,IC,0,IC,0,196357.1254950726,76642.8745049274
152549,1,148000.0,PhD,M,9,10357,marketing,IC,0,IC,0,187502.8406483692,-39502.840648369194
13970,1,284000.0,PhD,F,2,46178,engineering,IC,0,IC,0,285728.9021753286,-1728.9021753285779
42512,0,226000.0,Bachelor,F,2,168951,sales,IC,0,IC,0,190325.4138625573,35674.586137442704
54201,1,131000.0,Bachelor,F,3,8182,sales,IC,0,IC,0,194975.3755380346,-63975.3755380346
115888,1,194000.0,Bachelor,M,2,127623,engineering,IC,0,IC,0,242862.72183744767,-48862.721837447665
31916,0,261000.0,Bachelor,M,2,132309,sales,IC,0,IC,0,196776.30656462905,64223.69343537095
148795,1,224000.0,Master,M,13,49002,engineering,MM,11,MM,11,246335.29085599483,-22335.290855994826
18289,1,278000.0,PhD,M,5,59862,engineering,IC,0,IC,0,234389.674076652,43610.32592334799
18840,0,314000.0,Bachelor,F,5,143317,sales,IC,0,IC,0,201703.6417993344,112296.35820066559
184363,0,90000.0,High_School,M,3,110089,HR,IC,0,IC,0,86712.65576828775,3287.3442317122535
118732,1,91000.0,PhD,M,3,132683,engineering,IC,0,IC,0,246707.47890110445,-155707.47890110445
117402,0,162000.0,PhD,M,2,136468,sales,IC,0,IC,0,201356.5442201449,-39356.54422014489
110085,0,210000.0,PhD,M,2,165853,engineering,IC,0,IC,0,239738.82647541008,-29738.826475410082
178999,1,327000.0,Bachelor,M,7,176415,engineering,IC,0,IC,0,261589.3707799731,65410.629220026894
157864,1,99000.0,High_School,F,1,71152,HR,IC,0,IC,0,92385.18359065363,6614.816409346371
66300,0,159000.0,PhD,M,1,182556,sales,IC,0,IC,0,198908.11730505654,-39908.11730505654
91762,0,293000.0,High_School,F,2,148418,engineering,IC,0,IC,0,249980.76471078486,43019.23528921514
146317,1,272000.0,High_School,F,3,141317,sales,IC,0,IC,0,206475.92737872282,65524.072621277184
21787,0,211000.0,Bachelor,M,1,153291,sales,IC,0,IC,0,179465.38885958475,31534.611140415247
172321,0,103000.0,Master,M,5,145667,sales,MM,11,MM,11,195517.54463105983,-92517.54463105983
135412,0,92000.0,Bachelor,F,3,151696,HR,IC,0,IC,0,83591.34611794354,8408.65388205646
162752,0,80000.0,Master,M,3,57185,engineering,IC,0,IC,0,244073.52979870792,-164073.52979870792
181185,0,215000.0,High_School,M,2,55653,sales,IC,0,IC,0,195986.4498613001,19013.55013869991
47905,1,319000.0,Master,M,7,65856,sales,IC,0,IC,0,193928.9754311605,125071.0245688395
131063,0,70000.0,Master,M,5,5692,marketing,MM,8,MM,8,169535.7746308576,-99535.7746308576
33751,0,288000.0,Bachelor,M,2,126257,engineering,IC,0,IC,0,238810.46474319053,49189.53525680947
63656,1,168000.0,PhD,M,4,92765,engineering,IC,0,IC,0,236378.21786726158,-68378.21786726158
116813,1,84000.0,High_School,M,3,7095,HR,IC,0,IC,0,87800.81449192135,-3800.814491921352
169527,0,272000.0,Bachelor,M,7,188118,sales,IC,0,IC,0,194389.89332323067,77610.10667676933
89,0,83000.0,Bachelor,F,6,189742,HR,IC,0,IC,0,83463.54288976562,-463.54288976562384
21192,0,307000.0,Bachelor,M,4,133927,engineering,IC,0,IC,0,245313.12529643642,61686.874703563575
197467,0,131000.0,PhD,F,1,26505,marketing,IC,0,IC,0,167799.52370018433,-36799.523700184334
82199,1,177000.0,High_School,M,3,5282,sales,IC,0,IC,0,184716.40600900303,-7716.406009003025
46649,1,361000.0,PhD,M,3,98558,engineering,IC,0,IC,0,246707.47890110445,114292.52109889555
39869,0,320000.0,PhD,M,2,92845,engineering,IC,0,IC,0,239738.82647541008,80261.17352458992
123610,1,178000.0,High_School,F,3,114572,marketing,IC,0,IC,0,189990.99941281584,-11990.999412815843
18291,1,226000.0,PhD,M,1,147103,engineering,IC,0,IC,0,238639.5918970931,-12639.591897093109
156652,1,249000.0,Bachelor,M,2,19424,engineering,IC,0,IC,0,242862.72183744767,6137.278162552335
87853,0,222000.0,High_School,M,5,12649,engineering,IC,0,IC,0,243781.76916131607,-21781.76916131607
13852,0,88000.0,Master,M,4,175548,HR,IC,0,IC,0,85034.65160610934,2965.3483938906575
137914,1,234000.0,Master,M,2,87929,sales,IC,0,IC,0,195747.7721196565,38252.227880343504
26173,0,128000.0,Bachelor,F,1,66453,engineering,IC,0,IC,0,221439.98962197226,-93439.98962197226
86962,0,346000.0,High_School,M,3,191485,sales,IC,0,IC,0,193926.29331709526,152073.70668290474
123000,1,115000.0,PhD,F,11,94454,sales,MM,8,MM,8,180591.3711544158,-65591.3711544158
157380,0,62000.0,High_School,M,2,181781,HR,IC,0,IC,0,84800.74930108206,-22800.74930108206
98861,1,372000.0,Bachelor,M,7,112750,engineering,IC,0,IC,0,261589.3707799731,110410.6292200269
73846,0,116000.0,PhD,F,10,171907,sales,MM,13,MM,13,176790.8672298833,-60790.8672298833
139507,1,71000.0,PhD,M,7,97647,marketing,D,58,D,58,137480.56201328628,-66480.56201328628
23744,0,208000.0,Master,M,2,779,marketing,IC,0,IC,0,189747.8553120937,18252.144687906286
51738,1,354000.0,Bachelor,F,12,183869,engineering,MM,13,MM,13,282070.58540559444,71929.41459440556
54004,0,287000.0,Bachelor,M,3,134982,sales,IC,0,IC,0,194528.5959929,92471.4040071
49810,0,179000.0,Bachelor,M,4,61811,sales,IC,0,IC,0,193264.55968086384,-14264.559680863837
49849,0,127000.0,PhD,F,2,129778,HR,IC,0,IC,0,81889.77770686249,45110.222293137514
4434,0,76000.0,Master,M,2,117376,HR,IC,0,IC,0,75830.80845334244,169.19154665755923
82819,1,220000.0,PhD,M,4,96420,sales,IC,0,IC,0,200154.16277634335,19845.83722365665
43182,1,204000.0,Master,F,2,52525,engineering,IC,0,IC,0,253356.57931868994,-49356.57931868994
32660,0,94000.0,PhD,M,4,187183,marketing,IC,0,IC,0,210382.93359964158,-116382.93359964158
33390,0,215000.0,Bachelor,M,2,119774,sales,IC,0,IC,0,196776.30656462905,18223.69343537095
91265,1,211000.0,Master,F,5,69463,marketing,IC,0,IC,0,196759.7701332858,14240.229866714188
11032,0,168000.0,Master,M,2,63832,marketing,IC,0,IC,0,189747.8553120937,-21747.855312093714
17923,1,158000.0,PhD,M,3,59939,marketing,IC,0,IC,0,184507.95041214005,-26507.950412140053
35198,1,248000.0,High_School,M,1,8856,marketing,IC,0,IC,0,201774.6310184148,46225.3689815852
47450,0,65000.0,Master,M,1,66420,HR,IC,0,IC,0,77429.4837578407,-12429.483757840702
44711,1,138000.0,PhD,F,6,142367,sales,IC,0,IC,0,196640.35002037467,-58640.350020374666
47175,1,118000.0,Bachelor,F,2,198403,sales,IC,0,IC,0,192222.09002881806,-74222.09002881806
11117,0,283000.0,Master,F,2,137369,sales,IC,0,IC,0,192912.71319514548,90087.28680485452
146404,0,142000.0,PhD,M,5,143437,marketing,MM,9,MM,9,197325.09009651205,-55325.09009651205
63396,0,71000.0,PhD,M,2,102498,HR,IC,0,IC,0,76157.36192109241,-5157.361921092408
28954,0,75000.0,Bachelor,F,2,181311,sales,IC,0,IC,0,190325.4138625573,-115325.4138625573
142868,0,134000.0,Bachelor,F,2,53390,sales,IC,0,IC,0,190325.4138625573,-56325.413862557296
125881,0,86000.0,Bachelor,M,8,160618,sales,IC,0,IC,0,181827.5254596792,-95827.5254596792
142086,0,79000.0,Bachelor,F,2,139278,HR,IC,0,IC,0,86599.55002878579,-7599.550028785787
31133,1,76000.0,High_School,F,1,54136,marketing,IC,0,IC,0,152342.72348095477,-76342.72348095477
100532,0,177000.0,PhD,M,3,21470,marketing,IC,0,IC,0,204409.410789578,-27409.41078957799
140263,0,110000.0,PhD,M,5,110089,HR,IC,0,IC,0,82276.80041619591,27723.19958380409
162105,0,242000.0,High_School,M,5,71130,engineering,IC,0,IC,0,243781.76916131607,-1781.7691613160714
24071,0,225000.0,Bachelor,M,11,119832,engineering,MM,9,MM,9,221867.97181180705,3132.028188192955
89895,0,205000.0,PhD,F,7,73982,sales,IC,0,IC,0,200481.71279382356,4518.287206176436
198893,0,88000.0,PhD,M,12,124994,HR,D,33,D,33,101630.91075591074,-13630.910755910736
107622,0,65000.0,Master,M,5,21086,HR,IC,0,IC,0,79443.02078272104,-14443.02078272104
166301,0,82000.0,Master,M,6,34163,sales,IC,0,IC,0,192430.58157034806,-110430.58157034806
52971,0,92000.0,PhD,F,1,172717,HR,IC,0,IC,0,87076.16641899414,4923.833581005863
156720,0,85000.0,High_School,F,1,88370,HR,IC,0,IC,0,84206.1973205254,793.8026794745965
86774,0,175000.0,Bachelor,M,2,50679,sales,IC,0,IC,0,196776.30656462905,-21776.30656462905
21660,0,76000.0,Bachelor,M,3,96060,HR,IC,0,IC,0,77553.46065381975,-1553.460653819755
46640,0,240000.0,Bachelor,M,1,157064,marketing,IC,0,IC,0,195298.98660263894,44701.013397361065
11088,0,203000.0,PhD,M,1,6335,sales,IC,0,IC,0,198908.11730505654,4091.882694943459
27576,0,111000.0,High_School,M,3,84230,marketing,IC,0,IC,0,196140.8951932918,-85140.8951932918
48737,1,60000.0,PhD,M,1,4384,HR,IC,0,IC,0,73513.19816605755,-13513.198166057555
39417,1,222000.0,Bachelor,M,8,140317,engineering,MM,15,MM,15,247862.4828168812,-25862.48281688121
28383,0,370000.0,Bachelor,F,2,45803,sales,IC,0,IC,0,190325.4138625573,179674.5861374427
84828,1,171000.0,PhD,F,13,33814,engineering,MM,18,MM,18,190095.07178786126,-19095.071787861263
103853,0,185000.0,Master,M,9,60609,sales,IC,0,IC,0,179119.77160184595,5880.228398154053
172039,0,240000.0,PhD,M,1,92403,sales,IC,0,IC,0,198908.11730505654,41091.88269494346
183101,0,177000.0,PhD,M,2,150300,marketing,IC,0,IC,0,198900.55025181093,-21900.550251810928
105954,0,205000.0,High_School,F,1,150408,engineering,IC,0,IC,0,256554.63123786892,-51554.63123786892
27012,0,98000.0,Master,M,3,51121,HR,IC,0,IC,0,81611.19715433878,16388.802845661223
106478,0,220000.0,Master,M,6,162518,sales,IC,0,IC,0,192430.58157034806,27569.418429651938
3530,0,296000.0,PhD,F,3,112302,engineering,IC,0,IC,0,250494.2058762398,45505.79412376019
104746,0,167000.0,Master,M,6,69345,sales,IC,0,IC,0,192430.58157034806,-25430.581570348062
119009,0,219000.0,Master,M,6,198531,sales,IC,0,IC,0,192430.58157034806,26569.418429651938
65794,1,272000.0,PhD,M,3,98558,engineering,IC,0,IC,0,246707.47890110445,25292.52109889555
42617,0,104000.0,Bachelor,F,3,175361,sales,IC,0,IC,0,194461.09812463698,-90461.09812463698
129745,0,81000.0,PhD,F,1,47748,HR,IC,0,IC,0,87076.16641899414,-6076.166418994137
72878,0,155000.0,Bachelor,F,4,79237,marketing,IC,0,IC,0,198300.07769298556,-43300.077692985564
103553,1,205000.0,PhD,M,3,95522,marketing,IC,0,IC,0,184507.95041214005,20492.049587859947
197832,0,235000.0,Master,F,4,139507,marketing,MM,14,MM,14,189381.43649054892,45618.56350945108
107159,1,377000.0,Master,M,1,25934,engineering,IC,0,IC,0,250966.59465767271,126033.40534232729
47002,0,132000.0,Master,M,2,132360,sales,IC,0,IC,0,196044.60399481485,-64044.603994814854
100555,0,61000.0,High_School,F,2,5875,marketing,IC,0,IC,0,191544.59382960657,-130544.59382960657
35806,0,84000.0,Master,F,6,184885,HR,IC,0,IC,0,86673.97573048914,-2673.975730489139
7862,0,75000.0,Bachelor,F,1,161727,engineering,IC,0,IC,0,221439.98962197226,-146439.98962197226
128243,0,167000.0,PhD,M,6,115591,sales,IC,0,IC,0,194022.9025924341,-27022.90259243411
123605,0,281000.0,Bachelor,F,4,87733,sales,IC,0,IC,0,199971.48280086013,81028.51719913987
181692,0,119000.0,Bachelor,M,1,107547,sales,IC,0,IC,0,179465.38885958475,-60465.38885958475
175783,0,289000.0,Master,M,1,53390,sales,IC,0,IC,0,198051.2011472294,90948.79885277059
77857,1,217000.0,Bachelor,M,17,152500,HR,D,63,D,63,185355.0,31645.0
69544,0,164000.0,PhD,F,6,64190,sales,IC,0,IC,0,194169.18557509538,-30169.185575095384
173361,0,137000.0,Master,F,2,12679,sales,IC,0,IC,0,192912.71319514548,-55912.71319514548
90716,1,358000.0,PhD,F,1,116774,engineering,IC,0,IC,0,263712.13522253255,94287.86477746745
73893,1,280000.0,Bachelor,M,10,134865,sales,MM,11,MM,11,205008.42007120256,74991.57992879744
149932,0,166000.0,Master,M,1,125755,marketing,IC,0,IC,0,195691.75019170734,-29691.75019170734
166259,0,299000.0,PhD,M,6,55883,engineering,IC,0,IC,0,247728.11200962216,51271.88799037784
119302,0,67000.0,Master,F,9,25036,HR,MM,8,MM,8,69663.50794951775,-2663.507949517749
153072,0,99000.0,PhD,M,3,67178,HR,IC,0,IC,0,82709.4195275736,16290.580472426402
4624,0,146000.0,Bachelor,M,1,159996,sales,IC,0,IC,0,179465.38885958475,-33465.38885958475
174247,0,163000.0,PhD,M,3,11275,marketing,IC,0,IC,0,204409.410789578,-41409.41078957799
23343,1,101000.0,Bachelor,F,7,129410,sales,IC,0,IC,0,203566.4650379505,-102566.46503795049
24175,0,97000.0,PhD,M,4,158888,sales,IC,0,IC,0,194705.84234154952,-97705.84234154952
108134,1,244000.0,High_School,M,2,132399,sales,IC,0,IC,0,197187.20652557365,46812.79347442635
1546,0,322000.0,Master,M,1,189890,engineering,IC,0,IC,0,253167.61103592915,68832.38896407085
49053,0,335000.0,Bachelor,M,4,51738,engineering,IC,0,IC,0,245313.12529643642,89686.87470356358
187544,0,184000.0,PhD,M,5,161132,marketing,IC,0,IC,0,203274.43239263128,-19274.43239263128
22798,0,282000.0,Master,M,3,98520,marketing,IC,0,IC,0,195418.4685635701,86581.53143642991
140728,0,143000.0,High_School,M,7,94030,sales,IC,0,IC,0,187723.0207662197,-44723.020766219706
179332,1,86000.0,Master,M,4,113189,sales,IC,0,IC,0,193172.76047413386,-107172.76047413386
35139,0,107000.0,High_School,M,4,80043,HR,IC,0,IC,0,87030.10157120656,19969.898428793444
54183,0,216000.0,PhD,M,3,82463,marketing,IC,0,IC,0,204409.410789578,11590.589210422011
145316,0,88000.0,High_School,F,5,115593,HR,IC,0,IC,0,82936.4626631867,5063.5373368133005
83435,0,137000.0,Bachelor,M,4,168791,engineering,IC,0,IC,0,245313.12529643642,-108313.12529643642
87112,1,301000.0,Bachelor,M,4,128065,engineering,IC,0,IC,0,243628.2627138922,57371.73728610779
132606,0,79000.0,High_School,M,5,142276,HR,IC,0,IC,0,79935.7666218699,-935.7666218699014
174092,0,188000.0,Master,F,13,3235,sales,MM,5,MM,5,193708.48049699303,-5708.4804969930265
125638,0,260000.0,Master,F,1,21470,marketing,IC,0,IC,0,191328.91733028728,68671.08266971272
143920,0,221000.0,PhD,F,3,18627,marketing,IC,0,IC,0,211839.30129742634,9160.69870257366
17223,1,66000.0,High_School,M,3,69345,sales,IC,0,IC,0,184716.40600900303,-118716.40600900303
25609,0,79000.0,PhD,M,3,199950,HR,IC,0,IC,0,82709.4195275736,-3709.4195275735983
32677,0,85000.0,Bachelor,F,2,119302,HR,IC,0,IC,0,86599.55002878579,-1599.5500287857867
152392,0,161000.0,High_School,M,2,77844,sales,IC,0,IC,0,195986.4498613001,-34986.44986130009
132092,0,205000.0,Master,M,6,22090,marketing,IC,0,IC,0,190104.69597924425,14895.30402075575
113124,0,157000.0,Master,M,9,65451,sales,MM,18,MM,18,194833.44238787235,-37833.44238787235
52027,0,149000.0,Bachelor,F,5,199184,sales,IC,0,IC,0,201703.6417993344,-52703.64179933441
72098,0,66000.0,PhD,M,2,193818,HR,IC,0,IC,0,76157.36192109241,-10157.361921092408
87344,0,338000.0,PhD,F,17,138045,marketing,D,64,D,64,272081.325311943,65918.67468805698
166233,0,237000.0,PhD,F,3,69943,sales,IC,0,IC,0,195546.71190949707,41453.28809050293
187014,1,268000.0,Bachelor,M,2,150194,engineering,IC,0,IC,0,242862.72183744767,25137.278162552335
30749,0,322000.0,PhD,F,9,28697,engineering,MM,9,MM,9,294910.85315100156,27089.14684899844
88929,1,310000.0,Bachelor,M,2,122145,engineering,IC,0,IC,0,242862.72183744767,67137.27816255233
122614,0,136000.0,Bachelor,F,6,4394,marketing,IC,0,IC,0,191347.17958827774,-55347.17958827774
46230,1,62000.0,PhD,M,3,138948,marketing,IC,0,IC,0,184507.95041214005,-122507.95041214005
29227,0,180000.0,High_School,F,4,98931,marketing,IC,0,IC,0,201724.40649176008,-21724.406491760077
58497,0,120000.0,High_School,F,6,187183,marketing,IC,0,IC,0,194352.66130487705,-74352.66130487705
66386,0,320000.0,PhD,M,3,91002,marketing,IC,0,IC,0,204409.410789578,115590.58921042201
135188,1,110000.0,Bachelor,M,5,182777,marketing,IC,0,IC,0,193996.92968217094,-83996.92968217094
46957,1,110000.0,PhD,F,11,89002,sales,MM,12,MM,12,166186.43789239763,-56186.43789239763
118585,0,138000.0,Master,F,2,160289,sales,IC,0,IC,0,192912.71319514548,-54912.71319514548
95637,0,203000.0,Master,M,2,92845,engineering,IC,0,IC,0,225404.836709512,-22404.83670951199
181177,0,337000.0,Master,M,5,174122,engineering,IC,0,IC,0,241342.61319268073,95657.38680731927
170358,0,325000.0,Bachelor,F,5,98967,marketing,IC,0,IC,0,197905.0051527127,127094.99484728731
69128,0,61000.0,High_School,F,2,84230,marketing,IC,0,IC,0,191544.59382960657,-130544.59382960657
73177,0,255000.0,High_School,M,4,60373,marketing,IC,0,IC,0,195051.7370391725,59948.2629608275
171123,0,151000.0,Bachelor,M,5,182996,sales,IC,0,IC,0,195038.08580704563,-44038.08580704563
12209,0,257000.0,PhD,F,2,24979,marketing,IC,0,IC,0,202112.82741275989,54887.172587240115
123306,0,182000.0,High_School,M,1,98967,marketing,IC,0,IC,0,181617.3790151326,382.6209848673898
73389,1,197000.0,Bachelor,F,1,134048,sales,IC,0,IC,0,188276.224715987,8723.775284013012
48189,0,243000.0,High_School,M,1,123258,marketing,IC,0,IC,0,181617.3790151326,61382.62098486739
199003,0,141000.0,Master,M,2,191485,sales,IC,0,IC,0,196044.60399481485,-55044.603994814854
128692,0,145000.0,Master,M,1,191485,sales,IC,0,IC,0,198051.2011472294,-53051.20114722941
105689,0,96000.0,High_School,M,2,85426,HR,IC,0,IC,0,84800.74930108206,11199.250698917938
55125,0,96000.0,Bachelor,M,3,189627,sales,IC,0,IC,0,194528.5959929,-98528.5959929
82380,0,257000.0,PhD,M,3,57938,engineering,IC,0,IC,0,244594.82101961187,12405.178980388126
100009,1,132000.0,Bachelor,M,1,167389,sales,IC,0,IC,0,180018.0883550749,-48018.0883550749
59824,1,245000.0,PhD,F,7,125775,marketing,IC,0,IC,0,201800.58059596684,43199.419404033164
107621,0,77000.0,Master,M,3,59555,marketing,IC,0,IC,0,195418.4685635701,-118418.46856357009
119714,0,86000.0,PhD,F,9,147715,sales,IC,0,IC,0,154161.7058918292,-68161.70589182919
156294,0,86000.0,Bachelor,M,2,61517,HR,IC,0,IC,0,83618.18616664072,2381.8138333592797
50399,0,251000.0,PhD,F,3,81490,sales,IC,0,IC,0,195546.71190949707,55453.28809050293
141803,0,129000.0,Bachelor,M,2,185982,sales,IC,0,IC,0,196776.30656462905,-67776.30656462905
139005,0,227000.0,PhD,M,1,39417,engineering,IC,0,IC,0,245381.45541854406,-18381.455418544065
39659,1,356000.0,Master,F,3,16510,sales,IC,0,IC,0,192638.1102185486,163361.8897814514
133979,0,265000.0,High_School,M,1,195795,sales,IC,0,IC,0,186739.580228817,78260.41977118299
196288,0,175000.0,PhD,M,4,134671,sales,IC,0,IC,0,194705.84234154952,-19705.84234154952
120853,0,199000.0,High_School,M,5,41991,sales,IC,0,IC,0,190414.06772590298,8585.932274097024
49992,0,78000.0,PhD,F,4,104759,HR,IC,0,IC,0,82462.33964853613,-4462.33964853613
81945,0,295000.0,High_School,M,3,193518,sales,IC,0,IC,0,193926.29331709526,101073.70668290474
26114,0,394000.0,PhD,M,3,79934,engineering,IC,0,IC,0,244594.82101961187,149405.17898038813
144219,0,312000.0,Bachelor,M,10,146629,engineering,MM,14,MM,14,292584.3912836242,19415.608716375777
60863,0,321000.0,Master,M,3,160511,marketing,IC,0,IC,0,195418.4685635701,125581.53143642991
115490,0,263000.0,PhD,M,4,77844,sales,IC,0,IC,0,194705.84234154952,68294.15765845048
43136,0,376000.0,PhD,M,2,185982,sales,IC,0,IC,0,201356.5442201449,174643.4557798551
57358,0,230000.0,Master,M,3,150408,engineering,IC,0,IC,0,244073.52979870792,-14073.529798707925
121887,1,293000.0,PhD,M,4,78874,sales,IC,0,IC,0,200154.16277634335,92845.83722365665
154508,0,266000.0,PhD,M,1,56451,sales,IC,0,IC,0,198908.11730505654,67091.88269494346
128447,0,131000.0,PhD,M,13,193330,engineering,MM,10,MM,10,191642.04486915664,-60642.04486915664
109442,0,87000.0,Master,M,4,129410,sales,IC,0,IC,0,194695.32052053208,-107695.32052053208
70785,0,132000.0,PhD,M,2,87847,sales,IC,0,IC,0,201356.5442201449,-69356.54422014489
59139,1,88000.0,Master,M,7,129410,sales,IC,0,IC,0,193928.9754311605,-105928.9754311605
181835,1,74000.0,Master,M,3,88370,HR,IC,0,IC,0,74398.09261606609,-398.09261606608925
22879,0,349000.0,Master,M,3,121419,engineering,IC,0,IC,0,244073.52979870792,104926.47020129208
145405,0,86000.0,PhD,M,1,59353,engineering,IC,0,IC,0,245381.45541854406,-159381.45541854406
181954,0,265000.0,Bachelor,M,3,112245,sales,IC,0,IC,0,194528.5959929,70471.4040071
170059,0,124000.0,PhD,M,4,189148,HR,IC,0,IC,0,86837.11909178048,37162.88090821952
94039,1,217000.0,Master,M,6,107049,sales,MM,10,MM,10,208013.8144877306,8986.18551226941
65449,1,302000.0,High_School,M,4,121419,engineering,IC,0,IC,0,265464.78858191444,36535.21141808556
45133,0,252000.0,PhD,F,3,5875,marketing,IC,0,IC,0,211839.30129742634,40160.69870257366
116428,0,179000.0,Master,M,2,145710,engineering,IC,0,IC,0,225404.836709512,-46404.83670951199
187885,0,163000.0,Bachelor,F,1,110508,engineering,IC,0,IC,0,221439.98962197226,-58439.98962197226
19015,1,264000.0,High_School,F,3,122567,engineering,IC,0,IC,0,268785.44577182253,-4785.445771822531
121082,1,103000.0,PhD,M,1,168564,sales,IC,0,IC,0,193940.69232599234,-90940.69232599234
53545,0,94000.0,PhD,M,5,184885,HR,IC,0,IC,0,82276.80041619591,11723.19958380409
185542,0,114000.0,Master,F,1,181772,sales,IC,0,IC,0,177865.95495298997,-63865.95495298997
9186,0,67000.0,Master,M,4,31063,HR,IC,0,IC,0,85034.65160610934,-18034.651606109343
192620,0,147000.0,PhD,M,5,113189,sales,IC,0,IC,0,192559.0137282462,-45559.01372824621
115029,0,254000.0,PhD,F,6,187183,marketing,IC,0,IC,0,205528.0855651748,48471.91443482519
152926,1,219000.0,PhD,M,4,87762,sales,IC,0,IC,0,200154.16277634335,18845.83722365665
168342,1,251000.0,Master,M,6,92567,engineering,MM,9,MM,9,241313.75055332066,9686.249446679343
170466,0,61000.0,Bachelor,M,1,27704,sales,IC,0,IC,0,179465.38885958475,-118465.38885958475
180535,0,209000.0,High_School,F,1,147783,sales,IC,0,IC,0,184712.4239725275,24287.576027472503
180313,0,142000.0,High_School,F,1,6536,marketing,IC,0,IC,0,186565.31241750674,-44565.312417506735
55451,0,277000.0,Master,F,4,27393,sales,IC,0,IC,0,198453.75863186418,78546.24136813582
56547,0,74000.0,Master,F,5,97422,HR,IC,0,IC,0,83499.17048362638,-9499.170483626382
176262,0,76000.0,High_School,F,5,64087,HR,IC,0,IC,0,82936.4626631867,-6936.4626631866995
49203,0,68000.0,PhD,F,3,754,HR,IC,0,IC,0,83843.8873054549,-15843.887305454904
150928,0,268000.0,PhD,M,5,94611,engineering,IC,0,IC,0,243058.35787352896,24941.642126471037
165291,1,66000.0,PhD,M,2,183283,HR,IC,0,IC,0,69839.96450968934,-3839.9645096893364
2515,0,237000.0,Master,M,3,88303,sales,IC,0,IC,0,195369.80999597523,41630.19000402477
156147,0,247000.0,High_School,F,5,78874,sales,IC,0,IC,0,197019.49258701704,49980.50741298296
30701,0,133000.0,PhD,M,1,65126,marketing,IC,0,IC,0,195577.15476246577,-62577.15476246577
187262,0,193000.0,Bachelor,F,4,69345,sales,IC,0,IC,0,199971.48280086013,-6971.482800860133
156949,0,264000.0,PhD,F,4,48352,engineering,IC,0,IC,0,246324.63278111335,17675.367218886648
70138,1,215000.0,High_School,M,3,1651,engineering,IC,0,IC,0,246261.9865189567,-31261.98651895669
9216,0,67000.0,PhD,F,1,158777,marketing,IC,0,IC,0,167799.52370018433,-100799.52370018433
116205,1,164000.0,Master,F,2,109671,marketing,IC,0,IC,0,173888.25401291758,-9888.254012917576
56068,1,239000.0,Master,M,32,11277,sales,VP,116,VP,116,259034.3588744589,-20034.358874458907
144038,1,175000.0,Bachelor,F,4,52313,sales,IC,0,IC,0,205322.95392083208,-30322.95392083208
116832,0,192000.0,High_School,F,5,158609,sales,IC,0,IC,0,197019.49258701704,-5019.492587017041
155590,0,234000.0,Master,M,3,114572,marketing,IC,0,IC,0,195418.4685635701,38581.53143642991
152662,0,155000.0,Master,M,1,84230,marketing,IC,0,IC,0,195691.75019170734,-40691.75019170734
37803,0,150000.0,PhD,M,3,103421,engineering,IC,0,IC,0,244594.82101961187,-94594.82101961187
176062,0,92000.0,PhD,F,3,179149,HR,IC,0,IC,0,83843.8873054549,8156.112694545096
150107,0,292000.0,Bachelor,F,4,113618,marketing,IC,0,IC,0,198300.07769298556,93699.92230701444
70050,0,211000.0,Bachelor,M,6,195795,sales,IC,0,IC,0,193558.3030501584,17441.6969498416
82824,0,243000.0,High_School,F,4,70819,engineering,IC,0,IC,0,241138.99966121474,1861.000338785263
24979,1,200000.0,PhD,M,4,146600,marketing,MM,10,MM,10,203921.80794281603,-3921.807942816027
190057,0,81000.0,High_School,F,1,104539,HR,IC,0,IC,0,84206.1973205254,-3206.1973205254035
57366,0,304000.0,Master,M,7,115591,sales,IC,0,IC,0,189796.9743375098,114203.0256624902
162035,0,189000.0,Bachelor,M,13,134865,sales,MM,13,MM,13,194329.38402302985,-5329.384023029852
136347,1,343000.0,Master,F,5,47472,engineering,IC,0,IC,0,260549.11009045102,82450.88990954898
17100,0,224000.0,PhD,M,2,175593,sales,IC,0,IC,0,201356.5442201449,22643.45577985511
13689,0,189000.0,Master,F,4,74818,sales,IC,0,IC,0,198453.75863186418,-9453.758631864184
96020,1,105000.0,Master,M,1,126515,HR,IC,0,IC,0,86856.88175625405,18143.11824374595
89962,0,244000.0,Bachelor,F,5,160169,sales,IC,0,IC,0,201703.6417993344,42296.35820066559
158840,1,268000.0,Master,M,7,179569,sales,IC,0,IC,0,193928.9754311605,74071.0245688395
48471,0,139000.0,Master,M,5,168742,sales,IC,0,IC,0,196414.1583420818,-57414.15834208179
53374,0,124000.0,Master,F,14,157492,sales,MM,9,MM,9,183537.42011191332,-59537.42011191332
177361,0,113000.0,Bachelor,M,8,75198,marketing,IC,0,IC,0,190835.4442587671,-77835.4442587671
38792,0,62000.0,Master,F,2,41808,HR,IC,0,IC,0,82960.55864883834,-20960.55864883834
193370,0,265000.0,Master,M,2,71757,marketing,IC,0,IC,0,189747.8553120937,75252.14468790629
153412,1,296000.0,PhD,M,3,139507,marketing,MM,12,MM,12,221519.42737740424,74480.57262259576
10898,1,159000.0,Master,M,7,55481,engineering,IC,0,IC,0,225125.6637037776,-66125.6637037776
28774,1,259000.0,PhD,F,6,68998,marketing,IC,0,IC,0,207110.00846371253,51889.991536287474
64768,0,74000.0,Bachelor,F,4,75198,marketing,IC,0,IC,0,198300.07769298556,-124300.07769298556
51257,0,217000.0,Bachelor,M,7,88007,sales,IC,0,IC,0,194389.89332323067,22610.106676769326
92114,0,68000.0,PhD,F,1,62298,HR,IC,0,IC,0,87076.16641899414,-19076.166418994137
119353,0,234000.0,Master,M,4,51738,engineering,IC,0,IC,0,241830.84919374806,-7830.849193748058
79193,1,61000.0,Master,F,13,91117,sales,MM,11,MM,11,180547.88419709727,-119547.88419709727
118083,0,178000.0,Master,M,1,48352,engineering,IC,0,IC,0,253167.61103592915,-75167.61103592915
11507,0,87000.0,Master,F,8,20378,HR,MM,18,MM,18,96032.62607440869,-9032.62607440869
188845,0,105000.0,PhD,F,2,131525,sales,IC,0,IC,0,202419.4707253329,-97419.47072533291
14017,1,337000.0,High_School,F,5,85791,sales,IC,0,IC,0,199248.5115740508,137751.4884259492
118175,0,61000.0,High_School,F,4,51121,HR,IC,0,IC,0,77198.66979097077,-16198.669790970773
164008,1,144000.0,Bachelor,M,1,5282,sales,IC,0,IC,0,180018.0883550749,-36018.0883550749
177475,0,74000.0,Bachelor,F,3,51331,HR,IC,0,IC,0,83591.34611794354,-9591.34611794354
114207,1,85000.0,Bachelor,F,2,12649,engineering,IC,0,IC,0,209125.3162083094,-124125.3162083094
86127,0,76000.0,PhD,F,4,80240,HR,IC,0,IC,0,82462.33964853613,-6462.33964853613
16189,0,274000.0,PhD,M,6,188118,sales,IC,0,IC,0,194022.9025924341,79977.09740756589
97261,0,156000.0,Bachelor,F,4,132399,sales,IC,0,IC,0,199971.48280086013,-43971.48280086013
113578,0,142000.0,Bachelor,M,5,125912,marketing,MM,17,MM,17,249750.18741824196,-107750.18741824196
127554,1,171000.0,High_School,F,1,83032,marketing,IC,0,IC,0,152342.72348095477,18657.276519045234
133469,0,71000.0,Bachelor,M,2,146111,HR,IC,0,IC,0,83618.18616664072,-12618.18616664072
110756,1,233000.0,Master,M,1,75860,engineering,IC,0,IC,0,250966.59465767271,-17966.594657672715
68126,0,126000.0,Bachelor,F,9,101981,sales,IC,0,IC,0,170266.74041539893,-44266.740415398934
23162,0,240000.0,High_School,M,3,95522,marketing,IC,0,IC,0,196140.8951932918,43859.1048067082
1198,0,73000.0,Bachelor,F,4,75705,HR,IC,0,IC,0,86004.53677464435,-13004.536774644352
77359,0,316000.0,Bachelor,M,7,19424,engineering,IC,0,IC,0,241492.8631037237,74507.1368962763
8488,0,102000.0,High_School,M,3,52525,engineering,IC,0,IC,0,251988.4772456092,-149988.4772456092
24402,1,367000.0,PhD,F,2,26468,engineering,IC,0,IC,0,285728.9021753286,81271.09782467142
66639,0,116000.0,Bachelor,M,1,191495,sales,IC,0,IC,0,179465.38885958475,-63465.38885958475
146771,1,184000.0,Bachelor,F,2,144927,sales,IC,0,IC,0,192222.09002881806,-8222.090028818056
34714,1,275000.0,Master,M,6,32248,sales,MM,16,MM,16,180039.19805828188,94960.80194171812
67665,0,69000.0,Master,F,1,197896,HR,IC,0,IC,0,82364.56846565497,-13364.568465654971
79854,0,347000.0,Bachelor,M,2,66306,engineering,IC,0,IC,0,238810.46474319053,108189.53525680947
68281,0,112000.0,Master,F,3,134944,sales,IC,0,IC,0,191260.8810195265,-79260.88101952651
16801,1,316000.0,Master,M,7,192145,sales,IC,0,IC,0,193928.9754311605,122071.0245688395
12649,0,302000.0,High_School,F,14,17837,engineering,MM,15,MM,15,283867.1962626746,18132.80373732542
199950,0,66000.0,PhD,F,6,41533,HR,MM,9,MM,9,72729.08513956529,-6729.085139565286
185403,0,119000.0,Master,M,1,124014,sales,IC,0,IC,0,198051.2011472294,-79051.20114722941
147783,0,81000.0,Bachelor,M,11,65522,sales,MM,11,MM,11,154643.66718271718,-73643.66718271718
117671,0,252000.0,Master,F,2,190065,marketing,IC,0,IC,0,190948.4877860469,61051.5122139531
177824,0,133000.0,Bachelor,M,4,198778,engineering,IC,0,IC,0,245313.12529643642,-112313.12529643642
116326,0,249000.0,Bachelor,M,5,149485,sales,IC,0,IC,0,195038.08580704563,53961.91419295437
114636,0,85000.0,Bachelor,F,1,66692,sales,IC,0,IC,0,190803.3928173758,-105803.3928173758
10631,0,74000.0,Bachelor,M,9,59939,marketing,IC,0,IC,0,162820.37100923323,-88820.37100923323
91241,1,306000.0,Bachelor,F,2,81860,engineering,IC,0,IC,0,209125.3162083094,96874.6837916906
75537,1,212000.0,High_School,M,1,168905,engineering,IC,0,IC,0,201743.7749494076,10256.225050592388
166390,1,282000.0,Bachelor,M,4,160169,sales,IC,0,IC,0,200945.03521904073,81054.96478095927
81005,0,171000.0,Master,M,9,149696,sales,IC,0,IC,0,179119.77160184595,-8119.771601845947
164204,0,65000.0,High_School,M,2,11275,marketing,IC,0,IC,0,195512.34328319496,-130512.34328319496
117812,0,65000.0,PhD,F,3,47260,HR,IC,0,IC,0,83843.8873054549,-18843.887305454904
130987,0,304000.0,Bachelor,F,3,136468,sales,IC,0,IC,0,194461.09812463698,109538.90187536302
50559,0,257000.0,Bachelor,M,3,23565,sales,IC,0,IC,0,194528.5959929,62471.404007100005
22394,0,71000.0,Master,M,3,125775,marketing,IC,0,IC,0,195418.4685635701,-124418.46856357009
62171,0,245000.0,High_School,F,3,54808,sales,IC,0,IC,0,191417.9608666185,53582.039133381506
152254,1,366000.0,Master,M,6,92845,engineering,IC,0,IC,0,229476.66225561104,136523.33774438896
110298,0,223000.0,High_School,M,4,133858,engineering,IC,0,IC,0,250920.8991168643,-27920.89911686431
73516,1,369000.0,Master,M,4,102632,marketing,IC,0,IC,0,200024.3248884556,168975.6751115444
32297,0,110000.0,Master,F,3,141211,HR,IC,0,IC,0,83947.66681572703,26052.333184272968
57580,1,161000.0,Master,F,1,134982,sales,IC,0,IC,0,162567.59691448012,-1567.5969144801202
58926,0,167000.0,Bachelor,M,2,70547,marketing,IC,0,IC,0,196739.27564649528,-29739.275646495284
49128,0,264000.0,Bachelor,M,1,74066,engineering,IC,0,IC,0,253447.42674818967,10552.573251810332
186640,0,83000.0,Master,F,1,94030,sales,IC,0,IC,0,177865.95495298997,-94865.95495298997
65830,0,78000.0,High_School,M,1,11507,HR,IC,0,IC,0,91327.03513976384,-13327.035139763844
89960,0,67000.0,PhD,F,1,71152,HR,IC,0,IC,0,87076.16641899414,-20076.166418994137
192954,0,60000.0,Bachelor,M,5,4384,HR,IC,0,IC,0,83388.6198347678,-23388.6198347678
86053,0,227000.0,Bachelor,F,3,4110,sales,IC,0,IC,0,194461.09812463698,32538.901875363023
2255,0,86000.0,High_School,M,1,179149,HR,IC,0,IC,0,91327.03513976384,-5327.035139763844
168742,0,363000.0,Bachelor,M,7,59535,sales,MM,12,MM,12,266885.32901451073,96114.67098548927
75799,1,200000.0,Bachelor,M,3,67522,sales,IC,0,IC,0,189257.1654400931,10742.834559906914
36763,0,196000.0,Bachelor,M,1,119658,engineering,IC,0,IC,0,253447.42674818967,-57447.42674818967
80240,0,102000.0,Master,F,11,50665,HR,MM,8,MM,8,75118.71256400604,26881.28743599396
182661,1,170000.0,Bachelor,F,7,12214,sales,IC,0,IC,0,203566.4650379505,-33566.46503795049
44733,1,113000.0,Master,F,2,191454,marketing,IC,0,IC,0,173888.25401291758,-60888.254012917576
188360,1,72000.0,Master,M,1,105542,marketing,IC,0,IC,0,165989.76505118783,-93989.76505118783
101588,0,131000.0,High_School,M,2,6536,marketing,IC,0,IC,0,195512.34328319496,-64512.34328319496
71560,0,109000.0,High_School,F,1,136313,engineering,IC,0,IC,0,256554.63123786892,-147554.63123786892
56479,0,184000.0,High_School,F,4,159996,sales,IC,0,IC,0,198949.1492696776,-14949.149269677611
105910,0,228000.0,Master,M,1,151005,marketing,IC,0,IC,0,195691.75019170734,32308.24980829266
189661,0,146000.0,PhD,M,2,90,engineering,IC,0,IC,0,239738.82647541008,-93738.82647541008
12357,0,175000.0,Master,M,6,112245,sales,IC,0,IC,0,192430.58157034806,-17430.581570348062
119560,0,302000.0,Master,M,3,48912,engineering,IC,0,IC,0,244073.52979870792,57926.470201292075
120379,0,71000.0,Bachelor,F,5,130342,HR,IC,0,IC,0,85695.75736501839,-14695.757365018391
91375,0,318000.0,PhD,F,4,150722,marketing,IC,0,IC,0,215242.36812769604,102757.63187230396
52390,0,266000.0,Bachelor,M,1,78215,sales,IC,0,IC,0,179465.38885958475,86534.61114041525
120938,0,272000.0,Master,M,4,32938,engineering,IC,0,IC,0,241830.84919374806,30169.150806251942
140022,0,329000.0,Master,M,3,6335,sales,IC,0,IC,0,195369.80999597523,133630.19000402477
53127,1,110000.0,Master,M,4,96420,sales,IC,0,IC,0,193172.76047413386,-83172.76047413386
129852,0,352000.0,High_School,M,2,81111,engineering,IC,0,IC,0,226878.35789292358,125121.64210707642
91170,0,76000.0,Master,M,7,17211,HR,IC,0,IC,0,78571.49998326687,-2571.499983266869
171996,0,388000.0,Master,M,7,24071,engineering,IC,0,IC,0,239867.33568426527,148132.66431573473
50166,0,147000.0,High_School,F,5,158609,sales,IC,0,IC,0,197019.49258701704,-50019.49258701704
148957,0,233000.0,Master,M,6,179459,marketing,IC,0,IC,0,190104.69597924425,42895.30402075575
189066,1,259000.0,Master,M,3,148260,marketing,IC,0,IC,0,189367.86484762578,69632.13515237422
173043,1,172000.0,PhD,M,3,5282,sales,IC,0,IC,0,182782.6484747099,-10782.648474709888
163145,0,97000.0,Bachelor,M,3,87733,sales,IC,0,IC,0,194528.5959929,-97528.5959929
181455,0,130000.0,Bachelor,M,4,61811,sales,IC,0,IC,0,193264.55968086384,-63264.55968086384
155653,0,310000.0,PhD,M,3,194078,marketing,IC,0,IC,0,204409.410789578,105590.58921042201
192684,0,66000.0,Master,F,4,754,HR,IC,0,IC,0,79232.74241669648,-13232.742416696477
81177,0,95000.0,PhD,M,3,130342,HR,IC,0,IC,0,82709.4195275736,12290.580472426402
43756,0,209000.0,PhD,M,1,48742,engineering,IC,0,IC,0,245381.45541854406,-36381.455418544065
38044,1,61000.0,Bachelor,F,1,168742,sales,IC,0,IC,0,188276.224715987,-127276.22471598699
31412,1,154000.0,High_School,M,1,6536,marketing,IC,0,IC,0,201774.6310184148,-47774.6310184148
179244,0,395000.0,PhD,M,5,166928,engineering,IC,0,IC,0,243058.35787352896,151941.64212647104
92706,1,315000.0,High_School,F,3,4394,marketing,IC,0,IC,0,189990.99941281584,125009.00058718416
185942,0,210000.0,Master,M,4,120381,sales,IC,0,IC,0,194695.32052053208,15304.679479467915
49428,1,247000.0,PhD,M,2,112245,sales,IC,0,IC,0,191180.20114872733,55819.79885127267
186885,0,119000.0,PhD,M,5,114011,engineering,IC,0,IC,0,243058.35787352896,-124058.35787352896
114086,1,256000.0,High_School,M,2,9706,sales,IC,0,IC,0,197187.20652557365,58812.79347442635
83242,1,305000.0,Bachelor,M,1,188118,sales,IC,0,IC,0,180018.0883550749,124981.9116449251
125888,1,226000.0,Master,M,3,5282,sales,IC,0,IC,0,188351.1977603531,37648.8022396469
172577,0,71000.0,PhD,F,2,15768,HR,IC,0,IC,0,81889.77770686249,-10889.777706862486
66160,0,226000.0,Master,F,3,79285,sales,MM,5,MM,5,201464.71951802232,24535.28048197768
62121,0,103000.0,PhD,M,1,14299,engineering,IC,0,IC,0,245381.45541854406,-142381.45541854406
63642,1,70000.0,High_School,F,3,142630,HR,IC,0,IC,0,78171.16123674017,-8171.1612367401685
131240,0,321000.0,Bachelor,M,6,61811,sales,IC,0,IC,0,193558.3030501584,127441.6969498416
181410,1,290000.0,High_School,F,5,181772,sales,IC,0,IC,0,199248.5115740508,90751.48842594921
95087,0,202000.0,PhD,F,4,123258,marketing,IC,0,IC,0,215242.36812769604,-13242.368127696041
114794,0,240000.0,High_School,M,3,26468,engineering,IC,0,IC,0,251988.4772456092,-11988.477245609189
19305,0,315000.0,Bachelor,M,2,166928,engineering,IC,0,IC,0,238810.46474319053,76189.53525680947
77661,1,201000.0,PhD,F,6,128966,sales,IC,0,IC,0,196640.35002037467,4359.649979625334
21586,0,297000.0,PhD,M,4,76435,sales,IC,0,IC,0,194705.84234154952,102294.15765845048
149246,0,147000.0,High_School,M,1,87847,sales,IC,0,IC,0,186739.580228817,-39739.58022881701
76973,0,234000.0,High_School,M,6,147249,engineering,IC,0,IC,0,264491.40438673896,-30491.404386738956
154802,0,133000.0,PhD,M,4,148236,sales,IC,0,IC,0,194705.84234154952,-61705.84234154952
108763,0,204000.0,Bachelor,F,4,121419,engineering,IC,0,IC,0,249423.6982508049,-45423.69825080491
184203,1,189000.0,Bachelor,M,3,168742,sales,IC,0,IC,0,189257.1654400931,-257.16544009308564
179122,0,325000.0,PhD,F,3,71585,sales,IC,0,IC,0,195546.71190949707,129453.28809050293
50007,0,246000.0,Bachelor,M,4,109254,sales,IC,0,IC,0,193264.55968086384,52735.44031913616
188783,0,96000.0,Bachelor,M,6,193818,HR,IC,0,IC,0,82309.25309772248,13690.746902277519
153475,1,87000.0,PhD,M,5,183065,engineering,IC,0,IC,0,234389.674076652,-147389.674076652
104855,0,352000.0,Master,M,3,154891,engineering,IC,0,IC,0,244073.52979870792,107926.47020129208
175382,0,383000.0,Bachelor,M,2,108428,engineering,IC,0,IC,0,238810.46474319053,144189.53525680947
143395,0,160000.0,Master,M,5,37434,sales,IC,0,IC,0,196414.1583420818,-36414.15834208179
62806,0,122000.0,Master,M,2,132399,sales,IC,0,IC,0,196044.60399481485,-74044.60399481485
109002,0,350000.0,PhD,F,6,12649,engineering,IC,0,IC,0,250524.0699823515,99475.9300176485
197012,1,296000.0,Bachelor,M,7,144219,engineering,IC,0,IC,0,261589.3707799731,34410.629220026894
157446,1,265000.0,Bachelor,M,6,129626,marketing,IC,0,IC,0,189734.3170658435,75265.6829341565
178159,1,290000.0,Bachelor,M,4,46957,sales,IC,0,IC,0,200945.03521904073,89054.96478095927
146559,0,60000.0,PhD,M,2,129287,HR,IC,0,IC,0,76157.36192109241,-16157.361921092408
181559,0,249000.0,Master,M,4,169574,marketing,IC,0,IC,0,194518.27840682067,54481.72159317933
101030,0,237000.0,Bachelor,M,3,131063,marketing,IC,0,IC,0,195837.03111956886,41162.968880431144
120769,0,350000.0,Master,F,2,131620,sales,IC,0,IC,0,192912.71319514548,157087.28680485452
2314,1,120000.0,Master,F,7,166928,engineering,IC,0,IC,0,244934.79327474465,-124934.79327474465
101827,0,106000.0,PhD,F,4,150290,HR,IC,0,IC,0,82462.33964853613,23537.66035146387
25895,1,71000.0,High_School,F,1,39388,sales,IC,0,IC,0,175018.73009809814,-104018.73009809814
121819,0,121000.0,Master,F,2,123502,HR,IC,0,IC,0,82960.55864883834,38039.44135116166
133729,0,76000.0,PhD,M,3,11507,HR,IC,0,IC,0,82709.4195275736,-6709.419527573598
147388,0,157000.0,Master,M,1,116774,engineering,IC,0,IC,0,253167.61103592915,-96167.61103592915
156238,1,96000.0,Bachelor,M,3,45803,sales,IC,0,IC,0,189257.1654400931,-93257.16544009309
10748,0,311000.0,High_School,M,5,168905,engineering,IC,0,IC,0,243781.76916131607,67218.23083868393
42144,0,116000.0,Bachelor,F,3,41808,HR,IC,0,IC,0,83591.34611794354,32408.65388205646
198879,0,157000.0,PhD,M,7,83356,sales,MM,13,MM,13,190365.9754069211,-33365.97540692109
39290,0,74000.0,High_School,F,1,126515,HR,IC,0,IC,0,84206.1973205254,-10206.197320525403
150809,0,80000.0,PhD,F,8,61517,HR,IC,0,IC,0,77435.56827670474,2564.43172329526
194736,0,379000.0,Bachelor,F,1,91002,marketing,IC,0,IC,0,216750.62192916207,162249.37807083793
196713,0,86000.0,PhD,F,2,115593,HR,IC,0,IC,0,81889.77770686249,4110.2222931375145
137109,0,93000.0,Bachelor,F,4,22887,HR,IC,0,IC,0,86004.53677464435,6995.463225355648
164113,0,66000.0,High_School,F,5,17211,HR,IC,0,IC,0,82936.4626631867,-16936.4626631867
107770,0,88000.0,PhD,M,6,68222,HR,IC,0,IC,0,79413.27248501003,8586.727514989965
9239,0,169000.0,Bachelor,M,11,47127,sales,MM,14,MM,14,187898.04796207257,-18898.047962072567
120257,0,68000.0,Master,F,5,123263,HR,IC,0,IC,0,83499.17048362638,-15499.170483626382
78775,1,112000.0,Master,M,2,29712,engineering,IC,0,IC,0,233296.97305636574,-121296.97305636574
189690,1,114000.0,PhD,M,3,193452,sales,IC,0,IC,0,182782.6484747099,-68782.64847470989
15411,0,236000.0,PhD,M,2,77670,sales,IC,0,IC,0,201356.5442201449,34643.45577985511
28088,1,202000.0,High_School,F,5,111363,sales,IC,0,IC,0,199248.5115740508,2751.48842594921
19143,1,314000.0,Master,M,2,129734,engineering,IC,0,IC,0,233296.97305636574,80703.02694363426
58585,1,264000.0,PhD,F,6,148260,marketing,IC,0,IC,0,207110.00846371253,56889.991536287474
81562,0,185000.0,PhD,F,4,67931,engineering,IC,0,IC,0,246324.63278111335,-61324.63278111335
77344,0,377000.0,PhD,M,3,158056,engineering,IC,0,IC,0,244594.82101961187,132405.17898038813
41648,0,199000.0,Master,M,5,92403,sales,IC,0,IC,0,196414.1583420818,2585.8416579182085
67393,1,182000.0,Bachelor,F,2,198240,sales,IC,0,IC,0,192222.09002881806,-10222.090028818056
59035,0,388000.0,High_School,F,7,180925,sales,IC,0,IC,0,194001.4593275081,193998.5406724919
183528,1,202000.0,Master,M,14,184512,engineering,MM,5,MM,5,242116.57776059594,-40116.577760595945
53012,0,259000.0,Master,F,10,91869,marketing,MM,7,MM,7,176776.73530909407,82223.26469090593
149856,0,91000.0,PhD,F,3,47260,HR,IC,0,IC,0,83843.8873054549,7156.112694545096
116926,0,178000.0,PhD,M,3,182777,marketing,IC,0,IC,0,204409.410789578,-26409.41078957799
51095,0,230000.0,Master,M,1,47618,marketing,IC,0,IC,0,195691.75019170734,34308.24980829266
46097,0,163000.0,PhD,M,2,140542,sales,IC,0,IC,0,201356.5442201449,-38356.54422014489
36531,1,210000.0,PhD,M,2,56316,sales,IC,0,IC,0,191180.20114872733,18819.798851272673
110979,0,75000.0,Master,F,1,123502,HR,IC,0,IC,0,82364.56846565497,-7364.568465654971
92074,0,395000.0,PhD,M,4,198531,sales,IC,0,IC,0,194705.84234154952,200294.15765845048
78049,0,109000.0,High_School,F,1,11507,HR,IC,0,IC,0,84206.1973205254,24793.802679474597
85665,0,256000.0,Bachelor,M,2,138772,sales,IC,0,IC,0,196776.30656462905,59223.69343537095
93198,0,399000.0,Bachelor,M,4,156010,engineering,IC,0,IC,0,245313.12529643642,153686.87470356358
177406,0,345000.0,High_School,M,5,101484,engineering,IC,0,IC,0,243781.76916131607,101218.23083868393
170681,1,86000.0,Bachelor,F,1,62043,engineering,IC,0,IC,0,217588.1074776503,-131588.1074776503
142200,0,96000.0,High_School,M,6,47748,HR,IC,0,IC,0,77257.7937290835,18742.206270916504
108912,1,125000.0,PhD,M,3,79237,marketing,IC,0,IC,0,184507.95041214005,-59507.95041214005
159670,0,235000.0,Master,M,6,52920,sales,IC,0,IC,0,192430.58157034806,42569.41842965194
22903,0,296000.0,High_School,M,1,154170,engineering,IC,0,IC,0,231847.76096461926,64152.23903538074
70747,1,117000.0,Master,M,6,47863,engineering,IC,0,IC,0,229476.66225561104,-112476.66225561104
162309,0,64000.0,Master,M,5,97040,HR,IC,0,IC,0,79443.02078272104,-15443.02078272104
41277,1,67000.0,Bachelor,F,4,754,HR,IC,0,IC,0,83055.65916338643,-16055.65916338643
78093,0,350000.0,High_School,M,4,116289,engineering,IC,0,IC,0,250920.8991168643,99079.10088313569
26466,0,61000.0,Bachelor,F,3,135804,HR,IC,0,IC,0,83591.34611794354,-22591.34611794354
77684,0,197000.0,Bachelor,M,2,191083,marketing,IC,0,IC,0,196739.27564649528,260.7243535047164
182289,0,244000.0,PhD,F,4,190060,sales,IC,0,IC,0,200837.55383701346,43162.44616298654
42182,1,230000.0,PhD,F,2,192414,sales,IC,0,IC,0,186910.43460369,43089.565396310005
60724,0,185000.0,Bachelor,M,1,123358,sales,IC,0,IC,0,179465.38885958475,5534.611140415247
189536,0,229000.0,High_School,M,1,131620,sales,IC,0,IC,0,186739.580228817,42260.41977118299
137633,1,72000.0,High_School,F,5,7095,HR,IC,0,IC,0,69404.2745037112,2595.7254962887964
77851,0,264000.0,Bachelor,M,10,36075,sales,D,30,D,30,206355.91623100813,57644.08376899187
67053,0,138000.0,High_School,F,5,119774,sales,IC,0,IC,0,197019.49258701704,-59019.49258701704
132329,0,320000.0,Master,M,2,130204,marketing,IC,0,IC,0,189747.8553120937,130252.14468790629
9367,0,358000.0,Master,M,4,63785,engineering,IC,0,IC,0,241830.84919374806,116169.15080625194
52856,1,351000.0,Master,M,6,191083,marketing,IC,0,IC,0,193951.43666003481,157048.56333996519
102070,0,239000.0,Master,M,1,160618,sales,IC,0,IC,0,198051.2011472294,40948.79885277059
196490,0,107000.0,Bachelor,M,2,165426,HR,MM,11,MM,11,100528.8879323413,6471.112067658702
150121,0,107000.0,PhD,M,4,18627,marketing,IC,0,IC,0,210382.93359964158,-103382.93359964158
60287,1,63000.0,Master,M,3,181886,sales,IC,0,IC,0,188351.1977603531,-125351.1977603531
100707,1,110000.0,Bachelor,M,2,33266,marketing,IC,0,IC,0,188339.52808760988,-78339.52808760988
76863,1,96000.0,Master,M,4,158609,sales,IC,0,IC,0,193172.76047413386,-97172.76047413386
986,1,184000.0,High_School,M,5,37220,engineering,IC,0,IC,0,236496.90072376418,-52496.90072376418
92845,1,327000.0,Bachelor,M,8,92567,engineering,MM,16,MM,16,280013.7437817935,46986.25621820649
132143,0,198000.0,High_School,M,1,175361,sales,IC,0,IC,0,186739.580228817,11260.419771182991
145097,1,134000.0,PhD,M,5,92403,sales,IC,0,IC,0,191458.68923493737,-57458.68923493737
123860,1,206000.0,Master,M,1,167877,sales,IC,0,IC,0,194883.36343501264,11116.636564987362
77556,0,79000.0,PhD,M,10,45969,HR,MM,9,MM,9,76922.99490430886,2077.0050956911437
43810,0,346000.0,Bachelor,M,1,159098,engineering,IC,0,IC,0,253447.42674818967,92552.57325181033
183281,0,393000.0,High_School,M,1,169223,engineering,IC,0,IC,0,231847.76096461926,161152.23903538074
121129,0,212000.0,Bachelor,M,4,160169,sales,IC,0,IC,0,193264.55968086384,18735.440319136163
44520,0,335000.0,Master,M,1,197206,marketing,IC,0,IC,0,195691.75019170734,139308.24980829266
63570,0,82000.0,PhD,F,2,7095,HR,IC,0,IC,0,81889.77770686249,110.2222931375145
42899,0,183000.0,PhD,M,5,69903,engineering,IC,0,IC,0,243058.35787352896,-60058.35787352896
34134,1,359000.0,High_School,F,14,172989,sales,MM,11,MM,11,311060.9353343554,47939.064665644604
129626,1,297000.0,Bachelor,F,4,118233,marketing,MM,13,MM,13,253800.2216313907,43199.77836860929
181946,0,224000.0,Bachelor,M,2,157064,marketing,IC,0,IC,0,196739.27564649528,27260.724353504716
145286,0,106000.0,Master,F,6,190566,marketing,IC,0,IC,0,191657.88654472306,-85657.88654472306
113566,0,365000.0,Bachelor,F,9,154285,engineering,MM,9,MM,9,305082.5954995297,59917.40450047032
64893,0,180000.0,Master,M,4,160618,sales,IC,0,IC,0,194695.32052053208,-14695.320520532085
60405,1,236000.0,PhD,M,4,26468,engineering,IC,0,IC,0,236378.21786726158,-378.2178672615846
170732,0,93000.0,Bachelor,M,1,180930,sales,IC,0,IC,0,179465.38885958475,-86465.38885958475
179879,0,260000.0,High_School,F,2,60609,sales,IC,0,IC,0,189874.31344501488,70125.68655498512
31679,0,68000.0,Bachelor,M,5,8812,HR,IC,0,IC,0,83388.6198347678,-15388.6198347678
193546,0,144000.0,Master,M,1,166729,marketing,IC,0,IC,0,195691.75019170734,-51691.75019170734
178617,0,135000.0,High_School,M,4,78215,sales,IC,0,IC,0,192668.28755272523,-57668.28755272523
155829,0,275000.0,PhD,F,4,148984,sales,IC,0,IC,0,200837.55383701346,74162.44616298654
145975,1,338000.0,Bachelor,M,3,57938,engineering,IC,0,IC,0,238207.9962027491,99792.00379725089
58666,1,83000.0,High_School,M,6,148795,engineering,IC,0,IC,0,206043.43468483628,-123043.43468483628
162303,0,372000.0,PhD,M,4,8193,engineering,IC,0,IC,0,241182.17333249372,130817.82666750628
84813,0,107000.0,High_School,M,4,59939,marketing,IC,0,IC,0,195051.7370391725,-88051.7370391725
174752,0,121000.0,PhD,M,2,75242,engineering,IC,0,IC,0,239738.82647541008,-118738.82647541008
153209,1,150000.0,Master,F,3,112643,sales,IC,0,IC,0,192638.1102185486,-42638.110218548594
54807,0,80000.0,Master,F,4,180006,HR,IC,0,IC,0,79232.74241669648,767.2575833035226
4655,0,216000.0,PhD,M,5,92403,sales,IC,0,IC,0,192559.0137282462,23440.98627175379
74315,0,122000.0,High_School,M,1,174800,marketing,IC,0,IC,0,181617.3790151326,-59617.37901513261
30087,0,234000.0,Bachelor,M,2,41991,sales,IC,0,IC,0,196776.30656462905,37223.69343537095
146498,0,248000.0,PhD,F,2,87613,engineering,IC,0,IC,0,245586.57159200107,2413.42840799893
50374,0,373000.0,PhD,M,2,52525,engineering,IC,0,IC,0,239738.82647541008,133261.17352458992
40510,0,222000.0,Master,M,3,160618,sales,IC,0,IC,0,195369.80999597523,26630.19000402477
44496,1,312000.0,PhD,M,4,103421,engineering,IC,0,IC,0,236378.21786726158,75621.78213273842
147441,1,266000.0,Master,F,2,90065,engineering,IC,0,IC,0,253356.57931868994,12643.42068131006
147381,0,245000.0,High_School,M,4,21470,marketing,IC,0,IC,0,195051.7370391725,49948.2629608275
181396,0,202000.0,Master,M,6,148418,engineering,IC,0,IC,0,250298.06490293815,-48298.064902938146
18863,1,154000.0,High_School,M,3,140061,sales,IC,0,IC,0,184716.40600900303,-30716.406009003025
101216,0,118000.0,Bachelor,F,3,90639,marketing,IC,0,IC,0,193135.262713467,-75135.262713467
132705,0,65000.0,Master,M,2,39231,HR,IC,0,IC,0,75830.80845334244,-10830.80845334244
138163,0,168000.0,Bachelor,F,2,144219,engineering,IC,0,IC,0,241425.92290671106,-73425.92290671106
31385,1,146000.0,Master,F,6,92845,engineering,IC,0,IC,0,248735.70769601924,-102735.70769601924
48742,0,226000.0,Bachelor,M,9,28697,engineering,MM,10,MM,10,250639.20266459975,-24639.202664599754
136600,0,195000.0,PhD,M,7,47472,engineering,IC,0,IC,0,243957.16219824034,-48957.162198240345
173162,0,172000.0,PhD,M,5,167877,sales,IC,0,IC,0,192559.0137282462,-20559.01372824621
197984,0,290000.0,High_School,M,4,141079,engineering,IC,0,IC,0,250920.8991168643,39079.10088313569
132144,1,131000.0,PhD,M,2,171940,marketing,IC,0,IC,0,180493.22465190728,-49493.22465190728
7254,1,346000.0,Bachelor,M,3,182028,engineering,IC,0,IC,0,238207.9962027491,107792.00379725089
179212,0,151000.0,PhD,F,4,162889,marketing,MM,11,MM,11,194520.88257634477,-43520.88257634477
160099,1,140000.0,PhD,M,3,4110,sales,IC,0,IC,0,182782.6484747099,-42782.64847470989
149983,1,165000.0,Master,M,3,30488,marketing,IC,0,IC,0,189367.86484762578,-24367.86484762578
179569,1,336000.0,Bachelor,M,11,78493,sales,MM,7,MM,7,237370.62849489425,98629.37150510575
170195,0,142000.0,Master,M,1,75246,engineering,IC,0,IC,0,253167.61103592915,-111167.61103592915
170756,0,297000.0,PhD,M,2,177166,engineering,IC,0,IC,0,239738.82647541008,57261.17352458992
185741,0,327000.0,High_School,F,5,69943,sales,IC,0,IC,0,197019.49258701704,129980.50741298296
162608,0,104000.0,PhD,M,2,79735,engineering,IC,0,IC,0,239738.82647541008,-135738.82647541008
78138,1,165000.0,Bachelor,F,2,189890,engineering,IC,0,IC,0,209125.3162083094,-44125.31620830941
71851,0,261000.0,High_School,F,2,67931,engineering,IC,0,IC,0,249980.76471078486,11019.23528921514
48863,0,266000.0,High_School,M,6,76435,sales,IC,0,IC,0,190398.68369662002,75601.31630337998
110878,0,303000.0,Master,M,9,119481,engineering,MM,13,MM,13,258361.59546684276,44638.40453315724
50279,0,81000.0,Master,F,1,742,HR,IC,0,IC,0,82364.56846565497,-1364.568465654971
99583,0,236000.0,Master,F,1,150300,marketing,IC,0,IC,0,191328.91733028728,44671.08266971272
138107,0,168000.0,High_School,M,1,59939,marketing,IC,0,IC,0,181617.3790151326,-13617.37901513261
147033,0,309000.0,Bachelor,M,2,8198,engineering,IC,0,IC,0,238810.46474319053,70189.53525680947
5615,0,224000.0,Master,F,4,41721,marketing,IC,0,IC,0,198018.38231216176,25981.61768783824
161391,1,251000.0,PhD,F,1,168797,marketing,IC,0,IC,0,183636.80504243038,67363.19495756962
125684,0,107000.0,Bachelor,F,5,29749,HR,IC,0,IC,0,85695.75736501839,21304.24263498161
110794,0,73000.0,Master,F,1,80043,HR,IC,0,IC,0,82364.56846565497,-9364.568465654971
21979,0,301000.0,Bachelor,M,6,60319,sales,IC,0,IC,0,193558.3030501584,107441.6969498416
77424,0,208000.0,Bachelor,M,3,181421,sales,IC,0,IC,0,194528.5959929,13471.404007100005
169760,0,147000.0,Master,M,1,144219,engineering,IC,0,IC,0,253167.61103592915,-106167.61103592915
84491,1,161000.0,Master,M,3,138772,sales,IC,0,IC,0,188351.1977603531,-27351.197760353098
195460,0,114000.0,Bachelor,M,6,153551,sales,IC,0,IC,0,193558.3030501584,-79558.3030501584
159130,0,60000.0,Master,F,3,151838,sales,IC,0,IC,0,191260.8810195265,-131260.8810195265
106723,0,236000.0,PhD,F,2,164326,sales,IC,0,IC,0,202419.4707253329,33580.52927466709
168426,1,139000.0,Bachelor,F,5,17291,sales,IC,0,IC,0,202564.03332828608,-63564.03332828608
86074,0,94000.0,High_School,M,3,167389,sales,IC,0,IC,0,193926.29331709526,-99926.29331709526
34783,0,106000.0,Master,M,1,99139,sales,IC,0,IC,0,198051.2011472294,-92051.20114722941
31767,1,259000.0,Bachelor,M,2,25934,engineering,IC,0,IC,0,242862.72183744767,16137.278162552335
189297,0,174000.0,PhD,M,2,182556,sales,IC,0,IC,0,201356.5442201449,-27356.54422014489
196635,0,270000.0,PhD,F,7,113578,marketing,IC,0,IC,0,207668.74857349895,62331.251426501054
25173,1,227000.0,High_School,M,1,95473,sales,IC,0,IC,0,182145.5554433057,44854.4445566943
34194,0,180000.0,Master,F,1,174092,sales,IC,0,IC,0,177865.95495298997,2134.045047010033
168905,0,345000.0,Bachelor,F,10,193330,engineering,MM,23,MM,23,294752.5253831417,50247.47461685829
58652,0,65000.0,PhD,F,2,100373,HR,IC,0,IC,0,81889.77770686249,-16889.777706862486
45730,0,303000.0,Master,F,7,30468,engineering,IC,0,IC,0,249076.55984268046,53923.440157319536
163711,0,113000.0,Bachelor,M,5,159906,sales,IC,0,IC,0,195038.08580704563,-82038.08580704563
34157,1,138000.0,PhD,M,2,30640,engineering,IC,0,IC,0,237027.23882378358,-99027.23882378358
25003,0,155000.0,Master,F,3,111974,engineering,IC,0,IC,0,238133.50270656022,-83133.50270656022
123063,0,347000.0,High_School,M,5,164326,sales,IC,0,IC,0,190414.06772590298,156585.93227409702
96546,0,184000.0,Bachelor,M,5,142685,sales,IC,0,IC,0,195038.08580704563,-11038.08580704563
84991,1,73000.0,Master,M,5,14470,sales,IC,0,IC,0,193689.60735178352,-120689.60735178352
114338,0,79000.0,Master,M,4,51121,HR,IC,0,IC,0,85034.65160610934,-6034.6516061093425
25291,0,289000.0,High_School,M,2,192369,sales,IC,0,IC,0,195986.4498613001,93013.55013869991
1127,1,349000.0,Master,M,9,23565,sales,IC,0,IC,0,210855.97358526383,138144.02641473617
30940,1,331000.0,Master,M,4,162196,engineering,IC,0,IC,0,235272.1286071889,95727.8713928111
197241,0,84000.0,High_School,F,7,9400,HR,IC,0,IC,0,77144.22122359608,6855.778776403924
74096,0,150000.0,PhD,M,8,24287,HR,IC,0,IC,0,77217.56023676235,72782.43976323765
62357,0,107000.0,Bachelor,F,3,64190,sales,IC,0,IC,0,194461.09812463698,-87461.09812463698
136800,0,253000.0,Bachelor,F,4,19424,engineering,IC,0,IC,0,249423.6982508049,3576.3017491950886
172403,0,77000.0,Bachelor,M,5,23565,sales,IC,0,IC,0,195038.08580704563,-118038.08580704563
191873,1,172000.0,High_School,M,5,40904,engineering,IC,0,IC,0,236496.90072376418,-64496.90072376418
169564,1,188000.0,PhD,M,3,57316,sales,IC,0,IC,0,182782.6484747099,5217.3515252901125
31367,0,285000.0,Master,M,1,60319,sales,IC,0,IC,0,198051.2011472294,86948.79885277059
114091,1,104000.0,Master,M,6,116180,engineering,IC,0,IC,0,229476.66225561104,-125476.66225561104
74575,0,108000.0,Bachelor,M,3,14470,sales,IC,0,IC,0,194528.5959929,-86528.5959929
100779,0,228000.0,Master,M,5,147642,sales,IC,0,IC,0,196414.1583420818,31585.84165791821
120633,0,77000.0,High_School,M,7,51121,HR,IC,0,IC,0,83535.55760889543,-6535.557608895426
136905,1,180000.0,Bachelor,F,18,71889,HR,D,29,D,29,162360.0,17640.0
48883,0,237000.0,PhD,M,1,179929,sales,IC,0,IC,0,198908.11730505654,38091.88269494346
139440,0,81000.0,PhD,M,2,194078,marketing,IC,0,IC,0,198900.55025181093,-117900.55025181093
190184,0,142000.0,PhD,F,5,191289,engineering,IC,0,IC,0,253630.17097182493,-111630.17097182493
2030,0,88000.0,PhD,F,2,91979,HR,IC,0,IC,0,81889.77770686249,6110.2222931375145
188410,1,158000.0,Master,M,5,18939,sales,IC,0,IC,0,193689.60735178352,-35689.60735178352
145856,0,89000.0,Master,F,3,73846,sales,IC,0,IC,0,191260.8810195265,-102260.88101952651
151440,0,112000.0,High_School,M,4,191073,sales,IC,0,IC,0,192668.28755272523,-80668.28755272523
126210,1,228000.0,PhD,F,4,68201,sales,IC,0,IC,0,201771.61572670785,26228.384273292148
88023,0,202000.0,Master,F,2,55431,sales,IC,0,IC,0,192912.71319514548,9087.28680485452
190801,0,277000.0,PhD,M,19,51535,engineering,VP,290,VP,290,241192.97619047618,35807.02380952382
172608,0,72000.0,PhD,M,2,742,HR,IC,0,IC,0,76157.36192109241,-4157.361921092408
163627,0,290000.0,High_School,M,2,149970,marketing,IC,0,IC,0,195512.34328319496,94487.65671680504
167188,0,74000.0,PhD,M,4,89619,HR,MM,6,MM,6,77722.01557094287,-3722.0155709428655
65738,1,225000.0,Bachelor,M,3,90237,sales,IC,0,IC,0,189257.1654400931,35742.834559906914
123032,1,326000.0,PhD,F,2,132187,engineering,IC,0,IC,0,285728.9021753286,40271.09782467142
148380,0,65000.0,Master,F,1,43937,HR,IC,0,IC,0,82364.56846565497,-17364.56846565497
34493,0,181000.0,PhD,M,1,196660,sales,IC,0,IC,0,198908.11730505654,-17908.11730505654
43684,0,294000.0,Bachelor,M,6,57938,engineering,IC,0,IC,0,252047.32944780047,41952.67055219953
166866,0,297000.0,Bachelor,F,4,87330,engineering,IC,0,IC,0,249423.6982508049,47576.30174919509
41557,0,76000.0,Bachelor,F,1,129287,HR,IC,0,IC,0,77771.4712925606,-1771.4712925606
51616,0,315000.0,Master,F,4,64724,marketing,IC,0,IC,0,198018.38231216176,116981.61768783824
129779,1,246000.0,PhD,M,1,139180,marketing,IC,0,IC,0,198010.52881550777,47989.47118449223
183940,0,204000.0,Master,F,5,91002,marketing,IC,0,IC,0,195556.18676362679,8443.813236373215
2957,1,333000.0,Bachelor,M,6,71130,engineering,IC,0,IC,0,254868.05476583744,78131.94523416256
116384,0,225000.0,Master,M,3,125755,marketing,IC,0,IC,0,195418.4685635701,29581.531436429912
34122,0,95000.0,PhD,F,1,129410,sales,IC,0,IC,0,184864.59303542023,-89864.59303542023
140838,0,60000.0,Bachelor,M,8,95935,HR,MM,11,MM,11,91095.50902026062,-31095.509020260622
123150,1,243000.0,Master,M,5,181421,sales,IC,0,IC,0,193689.60735178352,49310.39264821648
151780,0,84000.0,PhD,F,3,97919,HR,IC,0,IC,0,83843.8873054549,156.11269454509602
27235,1,146000.0,Master,M,2,147819,sales,IC,0,IC,0,195747.7721196565,-49747.772119656496
3312,0,153000.0,Bachelor,F,1,69903,engineering,IC,0,IC,0,221439.98962197226,-68439.98962197226
145126,0,94000.0,PhD,M,3,114472,sales,MM,9,MM,9,173311.90578386083,-79311.90578386083
68048,0,98000.0,PhD,F,1,62161,marketing,IC,0,IC,0,167799.52370018433,-69799.52370018433
187831,0,176000.0,PhD,M,5,134982,sales,IC,0,IC,0,192559.0137282462,-16559.01372824621
174018,0,369000.0,Master,M,1,170076,engineering,IC,0,IC,0,253167.61103592915,115832.38896407085
58541,0,231000.0,High_School,M,1,183824,engineering,IC,0,IC,0,231847.76096461926,-847.7609646192577
76651,0,79000.0,Master,M,7,172541,HR,IC,0,IC,0,78571.49998326687,428.5000167331309
101720,1,66000.0,PhD,F,3,64858,HR,IC,0,IC,0,76930.77304190416,-10930.773041904162
115694,1,257000.0,Master,M,13,152076,engineering,MM,12,MM,12,245386.13425445455,11613.865745545452
57482,0,273000.0,Bachelor,M,5,131525,sales,IC,0,IC,0,195038.08580704563,77961.91419295437
50679,0,75000.0,Master,M,11,181310,sales,MM,7,MM,7,169000.42212705352,-94000.42212705352
141010,1,140000.0,Master,M,2,133927,engineering,IC,0,IC,0,233296.97305636574,-93296.97305636574
160686,0,120000.0,High_School,M,1,29733,HR,IC,0,IC,0,91327.03513976384,28672.964860236156
117773,0,318000.0,PhD,M,1,198875,engineering,IC,0,IC,0,245381.45541854406,72618.54458145594
57481,0,158000.0,Master,M,3,8711,marketing,IC,0,IC,0,195418.4685635701,-37418.46856357009
161055,0,60000.0,Bachelor,F,1,47260,HR,IC,0,IC,0,77771.4712925606,-17771.4712925606
38909,0,92000.0,Bachelor,M,3,100373,HR,IC,0,IC,0,77553.46065381975,14446.539346180245
149550,0,74000.0,High_School,F,2,73254,HR,IC,0,IC,0,84827.81499972833,-10827.814999728333
65460,0,342000.0,PhD,M,3,136468,sales,IC,0,IC,0,197202.7515403313,144797.2484596687
1612,0,179000.0,PhD,M,6,164439,marketing,IC,0,IC,0,199498.14193409026,-20498.141934090265
184160,0,386000.0,Master,F,2,51738,engineering,IC,0,IC,0,260023.70872319196,125976.29127680804
163861,0,246000.0,Master,M,4,181219,marketing,IC,0,IC,0,194518.27840682067,51481.72159317933
76815,0,321000.0,PhD,F,2,188118,sales,IC,0,IC,0,202419.4707253329,118580.52927466709
54468,0,235000.0,High_School,M,3,158777,marketing,IC,0,IC,0,196140.8951932918,38859.1048067082
39811,0,267000.0,High_School,F,1,103912,sales,IC,0,IC,0,184712.4239725275,82287.5760274725
129392,0,64000.0,PhD,M,5,146111,HR,IC,0,IC,0,82276.80041619591,-18276.80041619591
17509,1,286000.0,PhD,F,8,59705,sales,IC,0,IC,0,192939.34200130572,93060.65799869428
126307,1,203000.0,Master,M,9,191289,engineering,IC,0,IC,0,221746.95067497008,-18746.95067497008
188042,0,223000.0,Master,M,1,123000,sales,IC,0,IC,0,198051.2011472294,24948.79885277059
18800,1,156000.0,Master,M,4,181996,engineering,IC,0,IC,0,235272.1286071889,-79272.1286071889
44589,0,70000.0,PhD,F,6,27018,HR,IC,0,IC,0,80224.81814815088,-10224.81814815088
115591,0,309000.0,PhD,M,7,66119,sales,MM,20,MM,20,240980.75871010893,68019.24128989107
12970,0,106000.0,PhD,M,1,171499,engineering,IC,0,IC,0,245381.45541854406,-139381.45541854406
31960,0,169000.0,Master,M,1,180037,sales,IC,0,IC,0,198051.2011472294,-29051.20114722941
75234,0,93000.0,PhD,M,5,197896,HR,IC,0,IC,0,82276.80041619591,10723.19958380409
28439,0,104000.0,PhD,M,2,196637,engineering,IC,0,IC,0,239738.82647541008,-135738.82647541008
130135,0,92000.0,PhD,F,9,95935,HR,MM,11,MM,11,102157.16197544012,-10157.161975440118
196010,0,271000.0,Bachelor,F,5,51738,engineering,IC,0,IC,0,263857.73149032274,7142.268509677262
187556,1,323000.0,Master,F,4,30749,engineering,IC,0,IC,0,254657.44241884115,68342.55758115885
61631,0,258000.0,Master,M,1,12649,engineering,IC,0,IC,0,253167.61103592915,4832.388964070851
20901,1,328000.0,High_School,M,5,189937,engineering,MM,11,MM,11,271957.05155056564,56042.94844943436
140671,1,96000.0,High_School,M,3,38308,marketing,IC,0,IC,0,191326.7881611632,-95326.78816116319
167223,0,197000.0,PhD,F,22,40920,marketing,D,71,D,71,196640.55796817562,359.4420318243792
171499,0,295000.0,PhD,M,14,152076,engineering,MM,17,MM,17,244704.87527752385,50295.12472247615
35838,0,77000.0,Bachelor,F,3,14226,HR,IC,0,IC,0,83591.34611794354,-6591.34611794354
90167,0,232000.0,High_School,F,2,53390,sales,IC,0,IC,0,189874.31344501488,42125.68655498512
40497,1,331000.0,Master,M,1,187053,engineering,IC,0,IC,0,250966.59465767271,80033.40534232729
33274,1,289000.0,Master,M,5,183045,engineering,IC,0,IC,0,228892.63088194563,60107.36911805437
183858,1,326000.0,Master,M,3,153291,sales,IC,0,IC,0,188351.1977603531,137648.8022396469
132874,0,77000.0,PhD,F,3,53826,HR,IC,0,IC,0,83843.8873054549,-6843.887305454904
190060,0,82000.0,Master,F,2,181310,sales,MM,9,MM,9,159394.2864801096,-77394.28648010959
88869,1,211000.0,Bachelor,M,3,182996,sales,IC,0,IC,0,189257.1654400931,21742.834559906914
1310,1,254000.0,Master,M,3,71130,engineering,IC,0,IC,0,243469.85093906373,10530.149060936266
175846,0,230000.0,PhD,M,3,91124,sales,IC,0,IC,0,197202.7515403313,32797.24845966871
24460,0,91000.0,Master,F,1,73254,HR,IC,0,IC,0,82364.56846565497,8635.431534345029
117076,0,168000.0,High_School,M,3,70819,engineering,IC,0,IC,0,251988.4772456092,-83988.47724560919
1467,0,146000.0,Bachelor,F,1,148984,sales,IC,0,IC,0,190803.3928173758,-44803.3928173758
97928,0,135000.0,PhD,M,1,128966,sales,IC,0,IC,0,198908.11730505654,-63908.11730505654
113834,0,138000.0,High_School,M,2,115591,sales,IC,0,IC,0,195986.4498613001,-57986.44986130009
163969,0,73000.0,PhD,F,6,252,HR,IC,0,IC,0,80224.81814815088,-7224.81814815088
187001,1,73000.0,Bachelor,M,1,169833,HR,IC,0,IC,0,88511.26038412712,-15511.26038412712
120808,0,83000.0,PhD,F,3,198240,sales,IC,0,IC,0,195546.71190949707,-112546.71190949707
126823,1,234000.0,Master,M,5,166729,marketing,IC,0,IC,0,191923.89872502946,42076.10127497054
107204,0,246000.0,Master,M,9,48730,marketing,IC,0,IC,0,170486.68528871535,75513.31471128465
43940,0,253000.0,Bachelor,M,5,51293,sales,IC,0,IC,0,195038.08580704563,57961.91419295437
15277,1,288000.0,Master,M,10,132307,engineering,MM,10,MM,10,206459.6724378576,81540.3275621424
199580,1,375000.0,Master,M,1,167921,engineering,IC,0,IC,0,250966.59465767271,124033.40534232729
51522,1,199000.0,Bachelor,M,1,88936,sales,IC,0,IC,0,180018.0883550749,18981.9116449251
13642,0,68000.0,Master,F,1,104539,HR,IC,0,IC,0,82364.56846565497,-14364.568465654971
149759,0,109000.0,Master,M,4,154381,sales,IC,0,IC,0,194695.32052053208,-85695.32052053208
27709,1,63000.0,Bachelor,F,3,168415,HR,IC,0,IC,0,76970.02324908353,-13970.023249083533
97318,1,61000.0,Master,M,2,154375,HR,IC,0,IC,0,68348.12250334104,-7348.122503341045
81490,1,260000.0,Bachelor,M,13,65174,sales,MM,12,MM,12,220028.90680837605,39971.09319162395
73961,0,140000.0,Master,F,2,29960,marketing,IC,0,IC,0,190948.4877860469,-50948.4877860469
79371,0,84000.0,Master,M,2,162518,sales,IC,0,IC,0,196044.60399481485,-112044.60399481485
19767,1,294000.0,Bachelor,F,3,94507,engineering,IC,0,IC,0,249465.5655649748,44534.43443502521
24366,0,250000.0,Bachelor,M,1,127769,engineering,IC,0,IC,0,253447.42674818967,-3447.4267481896677
20677,0,221000.0,PhD,F,3,40904,engineering,IC,0,IC,0,250494.2058762398,-29494.20587623981
41014,0,248000.0,PhD,M,1,105542,marketing,IC,0,IC,0,195577.15476246577,52422.84523753423
53078,0,309000.0,PhD,M,5,187053,engineering,IC,0,IC,0,243058.35787352896,65941.64212647104
37179,1,220000.0,PhD,M,6,39417,engineering,IC,0,IC,0,225989.68999128733,-5989.689991287334
4873,1,215000.0,PhD,M,1,52319,sales,IC,0,IC,0,193940.69232599234,21059.307674007665
108505,0,95000.0,PhD,M,2,57701,HR,IC,0,IC,0,76157.36192109241,18842.638078907592
45600,0,85000.0,High_School,M,1,41808,HR,IC,0,IC,0,91327.03513976384,-6327.035139763844
71945,0,227000.0,PhD,M,13,183869,engineering,MM,11,MM,11,231856.64830094937,-4856.648300949368
148860,1,63000.0,PhD,F,5,129778,HR,IC,0,IC,0,85720.3461868439,-22720.346186843904
162976,0,78000.0,PhD,M,2,123263,HR,IC,0,IC,0,76157.36192109241,1842.638078907592
180741,0,79000.0,Master,F,4,194904,HR,IC,0,IC,0,79232.74241669648,-232.74241669647745
106281,0,399000.0,PhD,F,9,196058,marketing,IC,0,IC,0,259277.46261761535,139722.53738238465
62990,0,187000.0,Master,F,3,129381,sales,MM,12,MM,12,221721.2112977184,-34721.2112977184
112086,0,75000.0,High_School,M,5,160169,sales,IC,0,IC,0,190414.06772590298,-115414.06772590298
61554,1,700000.0,PhD,M,7,,CEO,CEO,8332,CEO,9999,617600.0,82400.0
196755,0,196000.0,Master,M,6,149696,sales,IC,0,IC,0,192430.58157034806,3569.418429651938
169015,1,399000.0,PhD,F,4,91002,marketing,IC,0,IC,0,219187.708066179,179812.291933821
198531,1,85000.0,Bachelor,M,12,49727,sales,MM,12,MM,12,167117.62599236096,-82117.62599236096
138904,0,90000.0,Master,M,1,189742,HR,IC,0,IC,0,77429.4837578407,12570.516242159298
139637,0,245000.0,High_School,F,2,95609,sales,IC,0,IC,0,189874.31344501488,55125.68655498512
171548,0,366000.0,High_School,M,4,154891,engineering,IC,0,IC,0,250920.8991168643,115079.10088313569
116647,0,84000.0,Bachelor,F,2,115856,sales,IC,0,IC,0,190325.4138625573,-106325.4138625573
60602,0,139000.0,PhD,F,1,159638,HR,IC,0,IC,0,87076.16641899414,51923.83358100586
107083,0,247000.0,High_School,M,1,70819,engineering,IC,0,IC,0,231847.76096461926,15152.239035380742
199381,0,93000.0,Master,F,2,103884,HR,IC,0,IC,0,82960.55864883834,10039.441351161659
4895,1,308000.0,PhD,F,6,41335,engineering,IC,0,IC,0,255526.12765244197,52473.872347558034
82385,0,299000.0,Master,M,3,107547,sales,IC,0,IC,0,195369.80999597523,103630.19000402477
100630,0,142000.0,Master,M,1,157966,marketing,IC,0,IC,0,195691.75019170734,-53691.75019170734
80565,1,107000.0,Bachelor,M,4,14465,HR,IC,0,IC,0,90809.33560640585,16190.664393594154
44614,0,269000.0,High_School,M,2,26505,marketing,IC,0,IC,0,195512.34328319496,73487.65671680504
41287,0,201000.0,PhD,M,3,159838,marketing,IC,0,IC,0,204409.410789578,-3409.410789577989
138576,0,67000.0,PhD,M,8,142850,sales,IC,0,IC,0,166448.08693168403,-99448.08693168403
45866,0,110000.0,Bachelor,M,7,63077,sales,IC,0,IC,0,194389.89332323067,-84389.89332323067
193726,0,157000.0,High_School,F,5,70547,marketing,IC,0,IC,0,196285.1315942073,-39285.13159420731
121208,1,299000.0,Bachelor,F,3,1050,engineering,IC,0,IC,0,249465.5655649748,49534.43443502521
157865,0,150000.0,High_School,M,5,134536,engineering,IC,0,IC,0,243781.76916131607,-93781.76916131607
23613,0,311000.0,Bachelor,F,3,162381,engineering,IC,0,IC,0,259876.0519044494,51123.948095550586
39178,0,63000.0,Master,F,4,39231,HR,IC,0,IC,0,79232.74241669648,-16232.742416696477
195624,0,235000.0,Bachelor,F,5,91345,sales,IC,0,IC,0,201703.6417993344,33296.35820066559
123803,1,221000.0,Master,F,1,155570,marketing,IC,0,IC,0,153071.42070149296,67928.57929850704
163333,0,260000.0,PhD,F,6,8711,marketing,IC,0,IC,0,205528.0855651748,54471.91443482519
145576,0,259000.0,Master,M,1,119774,sales,IC,0,IC,0,198051.2011472294,60948.79885277059
97186,0,248000.0,PhD,M,3,128511,engineering,IC,0,IC,0,244594.82101961187,3405.1789803881256
7825,0,129000.0,PhD,M,1,29960,marketing,IC,0,IC,0,195577.15476246577,-66577.15476246577
147016,1,179000.0,Bachelor,M,3,32248,sales,MM,7,MM,7,186688.34889017168,-7688.348890171677
127531,0,163000.0,Master,M,1,142367,sales,IC,0,IC,0,198051.2011472294,-35051.20114722941
19003,0,257000.0,Bachelor,F,4,110508,engineering,IC,0,IC,0,249423.6982508049,7576.301749195089
46706,1,68000.0,Master,M,2,180854,sales,IC,0,IC,0,195747.7721196565,-127747.7721196565
87510,0,97000.0,PhD,F,4,53856,HR,IC,0,IC,0,82462.33964853613,14537.66035146387
96907,1,164000.0,PhD,M,8,10773,engineering,IC,0,IC,0,242105.80665238056,-78105.80665238056
164341,0,256000.0,Bachelor,M,3,199282,marketing,IC,0,IC,0,195837.03111956886,60162.968880431144
143640,0,306000.0,Master,F,4,123000,sales,IC,0,IC,0,198453.75863186418,107546.24136813582
112966,1,298000.0,Bachelor,M,1,155437,engineering,IC,0,IC,0,241459.58846692662,56540.41153307338
163350,0,267000.0,Bachelor,M,4,169231,sales,IC,0,IC,0,193264.55968086384,73735.44031913616
120187,1,214000.0,PhD,M,2,55653,sales,IC,0,IC,0,191180.20114872733,22819.798851272673
59128,0,150000.0,Master,F,3,198879,sales,IC,0,IC,0,191260.8810195265,-41260.88101952651
38678,1,209000.0,Bachelor,M,3,154292,engineering,IC,0,IC,0,238207.9962027491,-29207.996202749113
74784,0,117000.0,Master,M,2,182116,sales,IC,0,IC,0,196044.60399481485,-79044.60399481485
76394,0,117000.0,Master,M,5,192132,marketing,IC,0,IC,0,192239.89997562923,-75239.89997562923
68222,0,84000.0,Master,M,10,24681,HR,MM,12,MM,12,80551.40341126085,3448.5965887391503
16409,0,272000.0,High_School,M,1,192145,sales,IC,0,IC,0,186739.580228817,85260.41977118299
173171,1,227000.0,Master,M,7,1808,engineering,IC,0,IC,0,225125.6637037776,1874.3362962224055
131187,0,185000.0,Bachelor,F,4,26505,marketing,IC,0,IC,0,198300.07769298556,-13300.077692985564
87378,0,197000.0,Master,M,1,190778,marketing,IC,0,IC,0,195691.75019170734,1308.2498082926613
18325,0,173000.0,Bachelor,M,1,107547,sales,IC,0,IC,0,179465.38885958475,-6465.388859584753
30640,0,288000.0,Bachelor,M,11,92567,engineering,MM,10,MM,10,227110.18180671983,60889.81819328017
27275,0,81000.0,Master,F,7,70406,marketing,IC,0,IC,0,187756.81951955231,-106756.81951955231
138726,0,82000.0,PhD,M,4,194904,HR,IC,0,IC,0,86837.11909178048,-4837.119091780478
40726,0,196000.0,Master,F,1,182038,sales,IC,0,IC,0,177865.95495298997,18134.045047010033
195549,1,193000.0,PhD,M,1,95473,sales,IC,0,IC,0,193940.69232599234,-940.6923259923351
185339,0,237000.0,High_School,M,5,186283,engineering,IC,0,IC,0,243781.76916131607,-6781.769161316071
199941,0,289000.0,Bachelor,M,2,29547,engineering,IC,0,IC,0,238810.46474319053,50189.53525680947
127889,0,198000.0,Bachelor,M,6,46957,sales,IC,0,IC,0,193558.3030501584,4441.6969498416
75029,0,180000.0,High_School,M,1,5743,sales,IC,0,IC,0,186739.580228817,-6739.580228817009
130392,0,193000.0,PhD,M,2,193518,sales,IC,0,IC,0,201356.5442201449,-8356.54422014489
99305,0,75000.0,Master,F,5,123502,HR,IC,0,IC,0,83499.17048362638,-8499.170483626382
5756,1,399000.0,Bachelor,M,4,198814,marketing,IC,0,IC,0,200432.63893380418,198567.36106619582
78770,1,258000.0,Bachelor,M,4,63785,engineering,IC,0,IC,0,243628.2627138922,14371.73728610779
74444,0,66000.0,Master,F,2,115765,HR,IC,0,IC,0,82960.55864883834,-16960.55864883834
27246,0,117000.0,Bachelor,M,5,10922,sales,IC,0,IC,0,195038.08580704563,-78038.08580704563
62499,0,81000.0,Master,M,3,22887,HR,IC,0,IC,0,81611.19715433878,-611.1971543387772
67485,0,63000.0,Master,F,1,80043,HR,IC,0,IC,0,82364.56846565497,-19364.56846565497
151698,0,159000.0,Master,M,6,60319,sales,IC,0,IC,0,192430.58157034806,-33430.58157034806
159563,1,176000.0,Master,M,4,18312,engineering,IC,0,IC,0,235272.1286071889,-59272.128607188904
158291,1,101000.0,Master,M,3,175365,marketing,IC,0,IC,0,189367.86484762578,-88367.86484762578
172200,1,73000.0,High_School,F,8,754,HR,IC,0,IC,0,75957.6388888889,-2957.638888888905
36940,1,104000.0,PhD,M,2,4440,marketing,IC,0,IC,0,180493.22465190728,-76493.22465190728
173452,0,305000.0,Bachelor,M,3,193920,sales,IC,0,IC,0,194528.5959929,110471.4040071
139075,0,306000.0,Master,M,4,183528,engineering,IC,0,IC,0,241830.84919374806,64169.15080625194
18960,0,69000.0,Bachelor,F,3,123000,sales,IC,0,IC,0,194461.09812463698,-125461.09812463698
116289,0,312000.0,PhD,M,2,189937,engineering,MM,8,MM,8,270266.92384261545,41733.07615738455
110369,0,231000.0,High_School,M,6,149135,engineering,IC,0,IC,0,264491.40438673896,-33491.404386738956
117378,1,125000.0,Bachelor,M,3,160511,marketing,IC,0,IC,0,188192.39140789176,-63192.39140789176
184512,0,214000.0,Bachelor,M,18,109804,engineering,D,73,D,73,242191.90170940175,-28191.901709401747
11959,0,250000.0,Bachelor,M,1,144927,sales,IC,0,IC,0,179465.38885958475,70534.61114041525
196024,0,317000.0,PhD,M,5,77613,sales,IC,0,IC,0,192559.0137282462,124440.98627175379
194045,1,306000.0,Master,M,6,59353,engineering,IC,0,IC,0,229476.66225561104,76523.33774438896
158970,1,98000.0,Master,M,3,98931,marketing,IC,0,IC,0,189367.86484762578,-91367.86484762578
73491,0,280000.0,Bachelor,M,3,48120,engineering,IC,0,IC,0,244492.12806626968,35507.87193373032
110991,1,66000.0,PhD,F,3,66420,HR,IC,0,IC,0,76930.77304190416,-10930.773041904162
50525,1,314000.0,PhD,F,7,183045,engineering,IC,0,IC,0,264585.38292714587,49414.61707285413
132399,0,150000.0,Bachelor,M,12,94362,sales,MM,18,MM,18,168966.23496135802,-18966.234961358015
61489,0,99000.0,Bachelor,F,1,95522,marketing,IC,0,IC,0,216750.62192916207,-117750.62192916207
144163,0,269000.0,Master,M,1,59705,sales,IC,0,IC,0,198051.2011472294,70948.79885277059
136874,1,305000.0,Master,F,5,69345,sales,IC,0,IC,0,197527.31097026527,107472.68902973473
140752,1,192000.0,PhD,M,7,110878,engineering,IC,0,IC,0,230586.0962906435,-38586.0962906435
170438,0,125000.0,High_School,M,1,122145,engineering,IC,0,IC,0,231847.76096461926,-106847.76096461926
125541,0,287000.0,Bachelor,F,2,128447,engineering,IC,0,IC,0,241425.92290671106,45574.07709328894
139027,0,101000.0,PhD,F,7,19524,marketing,IC,0,IC,0,207668.74857349895,-106668.74857349895
132076,0,169000.0,Bachelor,M,2,169223,engineering,IC,0,IC,0,238810.46474319053,-69810.46474319053
110748,1,174000.0,Bachelor,F,1,68998,marketing,IC,0,IC,0,200189.67771152535,-26189.67771152535
186429,0,156000.0,Master,M,3,175434,sales,IC,0,IC,0,195369.80999597523,-39369.80999597523
86473,0,205000.0,Bachelor,M,1,26468,engineering,IC,0,IC,0,253447.42674818967,-48447.42674818967
106175,0,79000.0,Master,F,2,197896,HR,IC,0,IC,0,82960.55864883834,-3960.5586488383415
5864,0,223000.0,Bachelor,F,6,41080,sales,IC,0,IC,0,200771.57459589085,22228.425404109148
6323,0,151000.0,High_School,F,1,14241,marketing,IC,0,IC,0,186565.31241750674,-35565.312417506735
41452,0,66000.0,High_School,M,2,196490,HR,IC,0,IC,0,84800.74930108206,-18800.74930108206
198778,1,192000.0,High_School,M,6,167482,engineering,MM,7,MM,7,203355.8971249493,-11355.89712494929
122857,1,216000.0,PhD,F,5,146404,marketing,IC,0,IC,0,210195.70974031196,5804.290259688045
140426,1,220000.0,Master,F,1,20901,engineering,IC,0,IC,0,248653.7440354666,-28653.744035466603
186230,0,279000.0,High_School,M,4,16073,marketing,IC,0,IC,0,195051.7370391725,83948.2629608275
149180,1,152000.0,High_School,M,1,29410,engineering,IC,0,IC,0,201743.7749494076,-49743.77494940761
161226,0,69000.0,Master,F,1,123263,HR,IC,0,IC,0,82364.56846565497,-13364.568465654971
177525,0,198000.0,Master,M,2,98520,marketing,IC,0,IC,0,189747.8553120937,8252.144687906286
36453,0,319000.0,High_School,F,3,69943,sales,IC,0,IC,0,191417.9608666185,127582.0391333815
79580,0,334000.0,Bachelor,M,4,128966,sales,IC,0,IC,0,193264.55968086384,140735.44031913616
252,0,70000.0,Bachelor,F,6,41533,HR,MM,10,MM,10,80239.76490097413,-10239.764900974129
64305,0,223000.0,Bachelor,F,3,53390,sales,IC,0,IC,0,194461.09812463698,28538.901875363023
146992,1,233000.0,Master,M,3,178797,sales,IC,0,IC,0,188351.1977603531,44648.8022396469
121796,0,193000.0,High_School,M,1,113124,sales,IC,0,IC,0,186739.580228817,6260.419771182991
138556,0,247000.0,Bachelor,M,3,80128,sales,IC,0,IC,0,194528.5959929,52471.404007100005
80764,1,227000.0,PhD,M,1,79807,engineering,IC,0,IC,0,238639.5918970931,-11639.591897093109
112397,0,131000.0,Master,M,3,98967,marketing,IC,0,IC,0,195418.4685635701,-64418.46856357009
49274,0,317000.0,Master,F,4,14241,marketing,IC,0,IC,0,198018.38231216176,118981.61768783824
34713,0,197000.0,Master,M,5,116289,engineering,IC,0,IC,0,241342.61319268073,-44342.61319268073
42324,0,301000.0,PhD,M,2,137776,engineering,IC,0,IC,0,239738.82647541008,61261.17352458992
162323,1,277000.0,PhD,F,5,149245,marketing,IC,0,IC,0,210195.70974031196,66804.29025968804
111718,0,262000.0,PhD,M,2,181996,engineering,IC,0,IC,0,239738.82647541008,22261.173524589918
87298,0,155000.0,Bachelor,M,1,159838,marketing,IC,0,IC,0,195298.98660263894,-40298.986602638935
47640,0,121000.0,High_School,M,5,152791,sales,IC,0,IC,0,190414.06772590298,-69414.06772590298
131001,1,184000.0,Bachelor,M,2,54997,sales,IC,0,IC,0,198429.69040148894,-14429.690401488944
180846,0,144000.0,PhD,F,2,133420,sales,IC,0,IC,0,202419.4707253329,-58419.47072533291
163114,0,227000.0,High_School,M,2,92403,sales,IC,0,IC,0,195986.4498613001,31013.55013869991
115319,0,341000.0,Bachelor,M,3,183065,engineering,IC,0,IC,0,244492.12806626968,96507.87193373032
57019,0,213000.0,Master,M,1,122762,sales,IC,0,IC,0,198051.2011472294,14948.79885277059
136083,0,109000.0,PhD,M,6,75242,engineering,IC,0,IC,0,247728.11200962216,-138728.11200962216
74822,1,196000.0,High_School,M,1,150300,marketing,IC,0,IC,0,201774.6310184148,-5774.631018414802
111348,1,218000.0,Bachelor,M,6,148032,sales,IC,0,IC,0,198291.83614469276,19708.16385530724
175712,0,193000.0,PhD,F,3,92845,engineering,IC,0,IC,0,250494.2058762398,-57494.20587623981
165426,0,100000.0,PhD,F,15,124994,HR,D,36,D,36,111279.37229437228,-11279.372294372282
73160,0,64000.0,Bachelor,M,9,198814,marketing,IC,0,IC,0,162820.37100923323,-98820.37100923323
125338,0,95000.0,Bachelor,F,5,151696,HR,IC,0,IC,0,85695.75736501839,9304.242634981609
73067,0,215000.0,Bachelor,M,3,103448,sales,IC,0,IC,0,194528.5959929,20471.404007100005
147269,0,71000.0,PhD,F,7,32405,HR,IC,0,IC,0,77724.75714311065,-6724.757143110648
33484,1,98000.0,Master,M,3,98558,engineering,IC,0,IC,0,243469.85093906373,-145469.85093906373
138485,1,187000.0,PhD,F,1,24979,marketing,IC,0,IC,0,183636.80504243038,3363.19495756962
6363,0,90000.0,Master,F,1,103448,sales,IC,0,IC,0,177865.95495298997,-87865.95495298997
172985,1,247000.0,Bachelor,M,3,186283,engineering,IC,0,IC,0,238207.9962027491,8792.003797250887
193088,0,247000.0,Master,M,20,96752,sales,D,73,D,73,235927.48913961853,11072.510860381473
40592,0,182000.0,High_School,M,5,47618,marketing,IC,0,IC,0,190498.8311588766,-8498.831158876594
93572,1,171000.0,PhD,M,1,88779,sales,IC,0,IC,0,193940.69232599234,-22940.692325992335
89537,0,101000.0,PhD,M,1,55858,engineering,IC,0,IC,0,245381.45541854406,-144381.45541854406
87242,0,92000.0,Bachelor,M,5,166928,engineering,IC,0,IC,0,237543.49587850232,-145543.49587850232
70547,0,88000.0,Master,F,14,168545,marketing,MM,11,MM,11,242178.12683919712,-154178.12683919712
127769,0,141000.0,Bachelor,M,13,47553,engineering,MM,12,MM,12,275503.1664994722,-134503.16649947222
92403,1,83000.0,PhD,M,12,59535,sales,MM,16,MM,16,126969.5171958214,-43969.517195821405
189768,0,214000.0,PhD,F,3,105542,marketing,IC,0,IC,0,211839.30129742634,2160.69870257366
37978,0,77000.0,High_School,M,4,4440,marketing,IC,0,IC,0,195051.7370391725,-118051.7370391725
88779,0,309000.0,PhD,F,14,183175,sales,MM,11,MM,11,264663.7311434254,44336.26885657461
39726,0,318000.0,Master,M,6,69728,engineering,D,84,D,84,284257.93706293707,33742.06293706293
179282,0,225000.0,PhD,M,5,55481,engineering,IC,0,IC,0,243058.35787352896,-18058.357873528963
159547,0,94000.0,Master,M,1,119231,HR,IC,0,IC,0,77429.4837578407,16570.516242159298
78886,0,232000.0,Bachelor,M,1,198875,engineering,IC,0,IC,0,253447.42674818967,-21447.426748189668
163367,0,64000.0,Master,M,1,39231,HR,IC,0,IC,0,77429.4837578407,-13429.483757840702
16091,0,77000.0,PhD,F,1,8663,sales,IC,0,IC,0,184864.59303542023,-107864.59303542023
32330,0,239000.0,Master,F,9,142367,sales,IC,0,IC,0,180049.27525863552,58950.72474136448
55719,0,83000.0,High_School,F,3,15768,HR,IC,0,IC,0,85386.80778186422,-2386.8077818642196
180461,0,86000.0,Master,M,1,193763,engineering,IC,0,IC,0,253167.61103592915,-167167.61103592915
76061,0,145000.0,High_School,F,6,52313,sales,IC,0,IC,0,197100.5741972499,-52100.574197249894
155031,0,187000.0,PhD,F,1,64452,sales,IC,0,IC,0,184864.59303542023,2135.4069645797717
97848,0,200000.0,Bachelor,F,1,32159,sales,IC,0,IC,0,190803.3928173758,9196.607182624197
184885,1,86000.0,PhD,M,2,77857,HR,MM,15,MM,15,83710.74069650157,2289.259303498431
115738,1,174000.0,High_School,M,4,149135,engineering,IC,0,IC,0,265464.78858191444,-91464.78858191444
11601,0,160000.0,PhD,M,1,4110,sales,IC,0,IC,0,198908.11730505654,-38908.11730505654
87706,1,131000.0,High_School,M,5,87613,engineering,IC,0,IC,0,236496.90072376418,-105496.90072376418
162311,0,91000.0,PhD,M,4,252,HR,IC,0,IC,0,86837.11909178048,4162.880908219522
118314,1,242000.0,High_School,M,3,149970,marketing,IC,0,IC,0,191326.7881611632,50673.21183883681
39876,1,100000.0,Master,F,3,87733,sales,IC,0,IC,0,192638.1102185486,-92638.1102185486
196567,1,71000.0,PhD,F,1,64087,HR,IC,0,IC,0,93873.13203734726,-22873.132037347255
100624,0,181000.0,Bachelor,M,4,108428,engineering,IC,0,IC,0,245313.12529643642,-64313.125296436425
114251,1,99000.0,Master,M,5,18312,engineering,IC,0,IC,0,228892.63088194563,-129892.63088194563
169624,0,373000.0,Master,M,1,118769,engineering,IC,0,IC,0,253167.61103592915,119832.38896407085
170337,0,73000.0,Bachelor,M,3,754,HR,IC,0,IC,0,77553.46065381975,-4553.460653819755
166690,0,134000.0,Master,M,1,57938,engineering,IC,0,IC,0,253167.61103592915,-119167.61103592915
12215,0,223000.0,Bachelor,M,5,76135,marketing,IC,0,IC,0,192321.90017747923,30678.099822520773
98173,0,184000.0,Master,M,2,4394,marketing,IC,0,IC,0,189747.8553120937,-5747.855312093714
175752,0,89000.0,PhD,M,5,159638,HR,IC,0,IC,0,82276.80041619591,6723.199583804089
46340,1,254000.0,Bachelor,M,3,174800,marketing,IC,0,IC,0,188192.39140789176,65807.60859210824
73930,0,283000.0,PhD,F,1,114572,marketing,IC,0,IC,0,167799.52370018433,115200.47629981567
58544,0,204000.0,Master,F,5,138948,marketing,IC,0,IC,0,195556.18676362679,8443.813236373215
73663,0,226000.0,PhD,F,12,87344,marketing,MM,12,MM,12,228152.76112810717,-2152.761128107173
73129,1,60000.0,Bachelor,F,5,150189,HR,IC,0,IC,0,74345.25579638215,-14345.255796382145
108353,0,221000.0,High_School,M,5,39417,engineering,IC,0,IC,0,243781.76916131607,-22781.76916131607
1356,0,213000.0,PhD,M,5,4110,sales,IC,0,IC,0,192559.0137282462,20440.98627175379
146074,0,248000.0,Master,M,4,126368,sales,IC,0,IC,0,194695.32052053208,53304.679479467915
58380,0,69000.0,Master,F,3,135804,HR,IC,0,IC,0,83947.66681572703,-14947.666815727032
182819,1,170000.0,Master,F,7,181311,sales,IC,0,IC,0,195354.41435062292,-25354.414350622916
91623,1,65000.0,Bachelor,M,5,742,HR,IC,0,IC,0,78813.3884241952,-13813.388424195204
71153,0,144000.0,High_School,M,5,127266,marketing,IC,0,IC,0,190498.8311588766,-46498.831158876594
136779,1,159000.0,Bachelor,M,2,199184,sales,IC,0,IC,0,198429.69040148894,-39429.690401488944
168690,0,90000.0,High_School,M,1,119231,HR,IC,0,IC,0,91327.03513976384,-1327.0351397638442
188470,0,343000.0,Bachelor,M,4,101484,engineering,IC,0,IC,0,245313.12529643642,97686.87470356358
130555,0,179000.0,PhD,F,5,779,marketing,IC,0,IC,0,207892.75710233356,-28892.757102333562
198131,0,61000.0,High_School,M,8,47260,HR,IC,0,IC,0,63413.77372722926,-2413.773727229258
2658,0,240000.0,PhD,M,1,121419,engineering,IC,0,IC,0,245381.45541854406,-5381.455418544065
22499,0,69000.0,Master,F,2,62298,HR,IC,0,IC,0,82960.55864883834,-13960.558648838341
135256,0,276000.0,Master,M,3,131620,sales,IC,0,IC,0,195369.80999597523,80630.19000402477
161539,0,395000.0,PhD,F,2,66453,engineering,IC,0,IC,0,245586.57159200107,149413.42840799893
55537,0,266000.0,Master,M,8,51535,engineering,VP,196,VP,196,274343.00757575757,-8343.007575757569
87541,0,73000.0,PhD,F,6,142630,HR,IC,0,IC,0,80224.81814815088,-7224.81814815088
80791,1,244000.0,High_School,F,1,102043,marketing,IC,0,IC,0,152342.72348095477,91657.27651904523
196258,0,293000.0,Bachelor,F,6,122197,engineering,IC,0,IC,0,270179.264244216,22820.73575578397
93177,0,254000.0,Master,M,5,99139,sales,IC,0,IC,0,196414.1583420818,57585.84165791821
154758,1,273000.0,Bachelor,M,7,66591,sales,IC,0,IC,0,200472.12741168198,72527.87258831802
133549,0,95000.0,Master,F,3,71987,HR,IC,0,IC,0,83947.66681572703,11052.333184272968
185029,0,165000.0,PhD,M,1,170076,engineering,IC,0,IC,0,245381.45541854406,-80381.45541854406
80193,1,285000.0,Master,M,4,145710,engineering,IC,0,IC,0,235272.1286071889,49727.871392811096
170696,0,88000.0,High_School,M,2,56316,sales,IC,0,IC,0,195986.4498613001,-107986.44986130009
17490,0,332000.0,PhD,M,5,14299,engineering,IC,0,IC,0,243058.35787352896,88941.64212647104
152764,0,182000.0,High_School,M,2,102727,marketing,IC,0,IC,0,195512.34328319496,-13512.343283194961
1460,0,252000.0,Master,M,6,115591,sales,IC,0,IC,0,192430.58157034806,59569.41842965194
132597,0,159000.0,PhD,M,6,65883,marketing,IC,0,IC,0,199498.14193409026,-40498.141934090265
194761,0,291000.0,Bachelor,F,4,25934,engineering,IC,0,IC,0,249423.6982508049,41576.30174919509
167088,1,131000.0,Bachelor,M,1,111508,marketing,IC,0,IC,0,169925.83131011992,-38925.83131011992
121848,1,98000.0,PhD,F,2,123258,marketing,IC,0,IC,0,178705.9724548009,-80705.97245480091
31499,0,71000.0,Master,F,6,149696,sales,IC,0,IC,0,195325.24825658792,-124325.24825658792
121221,0,62000.0,PhD,F,6,119231,HR,IC,0,IC,0,80224.81814815088,-18224.81814815088
167782,1,144000.0,Bachelor,M,5,20828,marketing,IC,0,IC,0,193996.92968217094,-49996.92968217094
147940,0,82000.0,Master,M,4,10357,marketing,IC,0,IC,0,194518.27840682067,-112518.27840682067
39714,0,277000.0,PhD,M,1,29712,engineering,IC,0,IC,0,245381.45541854406,31618.544581455935
197035,0,355000.0,Master,F,3,127769,engineering,IC,0,IC,0,238133.50270656022,116866.49729343978
151215,0,262000.0,Bachelor,M,6,103421,engineering,IC,0,IC,0,252047.32944780047,9952.670552199532
193265,0,68000.0,PhD,F,4,125114,HR,IC,0,IC,0,82462.33964853613,-14462.33964853613
147722,1,343000.0,Bachelor,M,1,26468,engineering,IC,0,IC,0,241459.58846692662,101540.41153307338
61344,1,187000.0,Master,M,3,73034,engineering,IC,0,IC,0,243469.85093906373,-56469.850939063734
36782,0,84000.0,PhD,F,5,15768,HR,IC,0,IC,0,81307.52954187465,2692.4704581253463
53708,0,280000.0,PhD,F,5,175593,sales,IC,0,IC,0,201521.88967796802,78478.11032203198
17741,1,225000.0,Bachelor,M,4,110508,engineering,IC,0,IC,0,243628.2627138922,-18628.26271389221
133669,0,60000.0,Bachelor,F,1,96060,HR,IC,0,IC,0,77771.4712925606,-17771.4712925606
112582,0,105000.0,Bachelor,F,4,71152,HR,IC,0,IC,0,86004.53677464435,18995.46322535565
95473,0,241000.0,Master,F,14,65451,sales,MM,7,MM,7,197912.71291901663,43087.28708098337
67582,0,134000.0,High_School,M,3,77670,sales,IC,0,IC,0,193926.29331709526,-59926.29331709526
128922,1,95000.0,PhD,M,4,184998,sales,IC,0,IC,0,200154.16277634335,-105154.16277634335
124972,0,155000.0,Bachelor,M,8,69379,sales,IC,0,IC,0,181827.5254596792,-26827.525459679193
22105,1,285000.0,Bachelor,F,1,41175,engineering,IC,0,IC,0,217588.1074776503,67411.89252234969
8997,0,251000.0,Bachelor,M,3,120638,engineering,IC,0,IC,0,244492.12806626968,6507.871933730319
165967,0,61000.0,PhD,F,1,181311,sales,IC,0,IC,0,184864.59303542023,-123864.59303542023
97172,0,235000.0,High_School,M,2,20901,engineering,IC,0,IC,0,226878.35789292358,8121.642107076419
145382,0,90000.0,PhD,F,6,168942,HR,IC,0,IC,0,80224.81814815088,9775.18185184912
11937,0,194000.0,Bachelor,M,4,191073,sales,IC,0,IC,0,193264.55968086384,735.4403191361635
81987,1,292000.0,Bachelor,M,2,78215,sales,IC,0,IC,0,198429.69040148894,93570.30959851106
190241,0,71000.0,PhD,F,1,108428,engineering,IC,0,IC,0,245816.63079848664,-174816.63079848664
75814,0,166000.0,Master,M,3,168742,sales,IC,0,IC,0,195369.80999597523,-29369.80999597523
172126,0,98000.0,High_School,F,1,62298,HR,IC,0,IC,0,84206.1973205254,13793.802679474597
113636,0,284000.0,Bachelor,M,7,134982,sales,IC,0,IC,0,194389.89332323067,89610.10667676933
105454,0,312000.0,PhD,F,4,136313,engineering,IC,0,IC,0,246324.63278111335,65675.36721888665
133203,0,68000.0,Bachelor,M,6,9400,HR,IC,0,IC,0,82309.25309772248,-14309.253097722481
191861,1,231000.0,PhD,M,1,78997,engineering,IC,0,IC,0,238639.5918970931,-7639.591897093109
47268,0,104000.0,High_School,M,1,12214,sales,IC,0,IC,0,186739.580228817,-82739.58022881701
11624,0,209000.0,Master,F,6,81644,engineering,IC,0,IC,0,239936.9073680879,-30936.90736808791
82146,0,83000.0,Bachelor,F,1,104539,HR,IC,0,IC,0,77771.4712925606,5228.5287074394
185422,0,71000.0,Master,M,2,134658,sales,IC,0,IC,0,196044.60399481485,-125044.60399481485
85459,0,200000.0,High_School,F,2,37434,sales,IC,0,IC,0,189874.31344501488,10125.68655498512
153644,0,279000.0,Bachelor,M,2,154381,sales,IC,0,IC,0,196776.30656462905,82223.69343537095
81529,0,174000.0,Bachelor,F,3,69463,marketing,IC,0,IC,0,193135.262713467,-19135.262713467004
97702,1,226000.0,High_School,M,3,98520,marketing,IC,0,IC,0,191326.7881611632,34673.21183883681
131574,0,203000.0,High_School,F,4,138772,sales,IC,0,IC,0,198949.1492696776,4050.8507303223887
140009,0,83000.0,PhD,M,4,29508,HR,IC,0,IC,0,86837.11909178048,-3837.119091780478
150961,0,92000.0,Bachelor,M,1,5875,marketing,IC,0,IC,0,195298.98660263894,-103298.98660263894
65181,0,270000.0,High_School,M,7,34134,sales,IC,0,IC,0,187723.0207662197,82276.9792337803
37012,0,103000.0,Master,M,1,53826,HR,IC,0,IC,0,77429.4837578407,25570.516242159298
37347,0,276000.0,Bachelor,M,1,11275,marketing,IC,0,IC,0,195298.98660263894,80701.01339736106
181131,0,217000.0,Master,M,4,125775,marketing,IC,0,IC,0,194518.27840682067,22481.721593179333
159136,0,163000.0,High_School,F,1,12679,sales,IC,0,IC,0,184712.4239725275,-21712.423972527497
131233,1,131000.0,High_School,F,8,149696,sales,IC,0,IC,0,206849.13583615414,-75849.13583615414
41923,0,202000.0,Bachelor,F,4,90639,marketing,IC,0,IC,0,198300.07769298556,3699.9223070144362
36315,1,224000.0,PhD,M,5,179459,marketing,IC,0,IC,0,198245.7378544605,25754.262145539513
10961,0,253000.0,Bachelor,F,1,90639,marketing,IC,0,IC,0,216750.62192916207,36249.378070837935
58638,0,283000.0,High_School,M,2,28979,sales,IC,0,IC,0,195986.4498613001,87013.55013869991
126933,1,211000.0,Bachelor,M,7,8711,marketing,IC,0,IC,0,192972.9433536886,18027.056646311394
157302,0,294000.0,Master,M,2,7212,marketing,IC,0,IC,0,189747.8553120937,104252.14468790629
53892,1,77000.0,PhD,F,4,82657,sales,IC,0,IC,0,201771.61572670785,-124771.61572670785
165378,0,225000.0,Bachelor,M,1,73106,engineering,IC,0,IC,0,253447.42674818967,-28447.426748189668
63055,1,108000.0,High_School,M,3,52796,sales,IC,0,IC,0,184716.40600900303,-76716.40600900303
48836,1,181000.0,Bachelor,F,5,52923,sales,IC,0,IC,0,202564.03332828608,-21564.03332828608
54637,0,211000.0,High_School,M,5,140061,sales,IC,0,IC,0,190414.06772590298,20585.932274097024
199622,0,176000.0,PhD,M,2,76073,engineering,IC,0,IC,0,239738.82647541008,-63738.82647541008
4234,0,146000.0,Bachelor,M,1,83032,marketing,IC,0,IC,0,195298.98660263894,-49298.986602638935
89730,0,139000.0,Bachelor,M,6,164326,sales,IC,0,IC,0,193558.3030501584,-54558.3030501584
117005,0,212000.0,Bachelor,M,5,92585,marketing,IC,0,IC,0,192321.90017747923,19678.099822520773
130037,0,121000.0,Bachelor,M,7,154292,engineering,IC,0,IC,0,241492.8631037237,-120492.8631037237
104703,1,117000.0,PhD,M,3,193452,sales,IC,0,IC,0,182782.6484747099,-65782.64847470989
86058,0,206000.0,PhD,M,3,136147,sales,IC,0,IC,0,197202.7515403313,8797.248459668714
79934,0,79000.0,Master,M,10,193330,engineering,MM,17,MM,17,155537.46041123252,-76537.46041123252
95899,0,84000.0,Bachelor,M,3,148984,sales,IC,0,IC,0,194528.5959929,-110528.5959929
199377,0,221000.0,Bachelor,M,7,154891,engineering,IC,0,IC,0,241492.8631037237,-20492.863103723706
104922,1,179000.0,Bachelor,F,5,99139,sales,IC,0,IC,0,202564.03332828608,-23564.03332828608
146242,0,146000.0,Master,F,2,42096,sales,IC,0,IC,0,192912.71319514548,-46912.71319514548
12756,1,77000.0,PhD,M,4,742,HR,IC,0,IC,0,73663.81206474909,3336.187935250913
130497,1,183000.0,Bachelor,M,4,157931,engineering,IC,0,IC,0,243628.2627138922,-60628.26271389221
15443,0,147000.0,Master,M,4,70406,marketing,IC,0,IC,0,194518.27840682067,-47518.27840682067
56781,0,270000.0,PhD,M,2,148236,sales,IC,0,IC,0,201356.5442201449,68643.45577985511
149538,0,62000.0,Bachelor,M,3,171461,HR,IC,0,IC,0,77553.46065381975,-15553.460653819755
1005,1,240000.0,Bachelor,M,4,158056,engineering,IC,0,IC,0,243628.2627138922,-3628.2627138922107
66780,0,107000.0,High_School,M,1,182028,engineering,IC,0,IC,0,231847.76096461926,-124847.76096461926
65634,0,149000.0,Bachelor,M,2,147642,sales,IC,0,IC,0,196776.30656462905,-47776.30656462905
22332,0,218000.0,Master,M,5,58365,marketing,IC,0,IC,0,192239.89997562923,25760.100024370768
50826,1,360000.0,High_School,M,1,132683,engineering,IC,0,IC,0,201743.7749494076,158256.2250505924
45745,1,130000.0,High_School,F,3,181219,marketing,IC,0,IC,0,189990.99941281584,-59990.99941281584
145072,1,158000.0,Master,M,1,153291,sales,IC,0,IC,0,194883.36343501264,-36883.36343501264
185292,0,103000.0,Bachelor,F,3,196490,HR,IC,0,IC,0,83591.34611794354,19408.65388205646
27916,0,361000.0,Bachelor,M,1,165853,engineering,IC,0,IC,0,253447.42674818967,107552.57325181033
141872,1,385000.0,PhD,M,1,101484,engineering,IC,0,IC,0,238639.5918970931,146360.4081029069
91854,0,288000.0,PhD,M,3,160261,marketing,IC,0,IC,0,204409.410789578,83590.58921042201
6148,0,125000.0,Master,F,7,171940,marketing,IC,0,IC,0,187756.81951955231,-62756.819519552315
130869,1,269000.0,PhD,F,2,137776,engineering,IC,0,IC,0,285728.9021753286,-16728.902175328578
44607,0,301000.0,Master,M,1,129626,marketing,IC,0,IC,0,195691.75019170734,105308.24980829266
17042,1,187000.0,High_School,M,3,77766,marketing,IC,0,IC,0,191326.7881611632,-4326.788161163189
192865,0,302000.0,Master,M,1,150408,engineering,IC,0,IC,0,253167.61103592915,48832.38896407085
91423,0,75000.0,PhD,F,2,65126,marketing,IC,0,IC,0,202112.82741275989,-127112.82741275989
103002,1,135000.0,High_School,M,2,5743,sales,IC,0,IC,0,197187.20652557365,-62187.20652557365
95573,0,125000.0,Bachelor,M,1,149696,sales,IC,0,IC,0,179465.38885958475,-54465.38885958475
112112,0,309000.0,Bachelor,M,2,59353,engineering,IC,0,IC,0,238810.46474319053,70189.53525680947
35700,1,366000.0,Bachelor,F,1,134536,engineering,IC,0,IC,0,217588.1074776503,148411.8925223497
169973,0,106000.0,Master,F,5,91979,HR,IC,0,IC,0,83499.17048362638,22500.82951637362
25305,0,232000.0,PhD,M,3,10357,marketing,IC,0,IC,0,204409.410789578,27590.58921042201
144100,0,217000.0,High_School,M,2,122762,sales,IC,0,IC,0,195986.4498613001,21013.55013869991
28546,0,279000.0,Master,M,2,102632,marketing,IC,0,IC,0,189747.8553120937,89252.14468790629
93223,1,309000.0,Master,M,8,92567,engineering,MM,13,MM,13,264876.1100434711,44123.8899565289
120584,0,175000.0,Master,M,7,133420,sales,IC,0,IC,0,189796.9743375098,-14796.974337509804
111867,1,193000.0,Bachelor,F,3,47472,engineering,IC,0,IC,0,249465.5655649748,-56465.56556497479
116750,0,88000.0,PhD,M,10,145161,engineering,MM,8,MM,8,186315.6329979189,-98315.6329979189
72270,0,153000.0,PhD,F,6,168951,sales,IC,0,IC,0,194169.18557509538,-41169.185575095384
3563,0,69000.0,Master,M,3,185982,sales,IC,0,IC,0,195369.80999597523,-126369.80999597523
77866,0,197000.0,PhD,M,9,181566,marketing,MM,8,MM,8,201689.7817877954,-4689.781787795393
103257,1,394000.0,Bachelor,M,6,110878,engineering,IC,0,IC,0,254868.05476583744,139131.94523416256
181996,0,311000.0,Master,M,4,113589,engineering,MM,13,MM,13,287568.21037622576,23431.78962377424
83983,0,297000.0,PhD,M,3,59862,engineering,IC,0,IC,0,244594.82101961187,52405.178980388126
31655,1,207000.0,Bachelor,F,5,73893,sales,IC,0,IC,0,202564.03332828608,4435.966671713919
46181,1,72000.0,PhD,F,4,189148,HR,IC,0,IC,0,77517.26291450021,-5517.262914500214
134230,1,74000.0,High_School,F,2,140838,HR,IC,0,IC,0,83924.29636093852,-9924.296360938519
79820,0,70000.0,High_School,M,2,121527,marketing,IC,0,IC,0,195512.34328319496,-125512.34328319496
61182,1,184000.0,High_School,F,4,114011,engineering,IC,0,IC,0,238515.7137547707,-54515.713754770695
156856,0,140000.0,Master,M,1,172250,marketing,IC,0,IC,0,195691.75019170734,-55691.75019170734
78260,0,66000.0,High_School,F,2,141211,HR,IC,0,IC,0,84827.81499972833,-18827.814999728333
92799,1,198000.0,PhD,M,1,196660,sales,IC,0,IC,0,193940.69232599234,4059.307674007665
56934,0,233000.0,PhD,M,1,112643,sales,IC,0,IC,0,198908.11730505654,34091.88269494346
152158,0,168000.0,High_School,M,5,27704,sales,IC,0,IC,0,190414.06772590298,-22414.067725902976
185298,0,262000.0,Bachelor,M,6,27393,sales,IC,0,IC,0,193558.3030501584,68441.6969498416
17982,0,162000.0,Bachelor,M,1,91345,sales,IC,0,IC,0,179465.38885958475,-17465.388859584753
5222,0,350000.0,Master,M,6,135238,sales,MM,7,MM,7,214285.4197076151,135714.5802923849
51293,0,337000.0,Master,F,4,172989,sales,MM,11,MM,11,221153.17568116204,115846.82431883796
30720,1,386000.0,PhD,M,2,48352,engineering,IC,0,IC,0,237027.23882378358,148972.76117621642
128300,0,196000.0,Master,M,4,164326,sales,IC,0,IC,0,194695.32052053208,1304.6794794679154
57095,0,127000.0,Bachelor,M,3,68998,marketing,IC,0,IC,0,195837.03111956886,-68837.03111956886
40184,0,89000.0,Master,M,3,90065,engineering,IC,0,IC,0,244073.52979870792,-155073.52979870792
185089,0,171000.0,Master,M,1,193518,sales,IC,0,IC,0,198051.2011472294,-27051.20114722941
73713,0,256000.0,PhD,M,1,77670,sales,IC,0,IC,0,198908.11730505654,57091.88269494346
179059,1,295000.0,PhD,F,4,4394,marketing,IC,0,IC,0,219187.708066179,75812.29193382099
145710,1,337000.0,PhD,M,4,167482,engineering,MM,13,MM,13,306952.31022206024,30047.689777939755
167031,1,200000.0,Bachelor,M,3,76135,marketing,IC,0,IC,0,188192.39140789176,11807.608592108241
161105,0,78000.0,High_School,M,1,181219,marketing,IC,0,IC,0,181617.3790151326,-103617.37901513261
117084,0,298000.0,PhD,F,8,92845,engineering,IC,0,IC,0,276087.51702335564,21912.482976644358
189072,0,67000.0,Master,F,3,742,HR,IC,0,IC,0,83947.66681572703,-16947.666815727032
27588,0,329000.0,Master,M,6,119658,engineering,IC,0,IC,0,250298.06490293815,78701.93509706185
20652,1,223000.0,PhD,F,1,191289,engineering,IC,0,IC,0,263712.13522253255,-40712.13522253255
125349,0,320000.0,Bachelor,M,5,6335,sales,IC,0,IC,0,195038.08580704563,124961.91419295437
27696,0,141000.0,Master,M,2,64724,marketing,IC,0,IC,0,189747.8553120937,-48747.855312093714
172681,1,264000.0,PhD,M,6,191073,sales,IC,0,IC,0,188866.9788219157,75133.02117808431
90765,0,142000.0,High_School,M,4,53109,sales,IC,0,IC,0,192668.28755272523,-50668.28755272523
166199,1,395000.0,Bachelor,F,4,46178,engineering,IC,0,IC,0,250652.48560468346,144347.51439531654
25464,0,74000.0,Bachelor,M,3,175361,sales,IC,0,IC,0,194528.5959929,-120528.5959929
195975,0,202000.0,Master,M,1,12679,sales,IC,0,IC,0,198051.2011472294,3948.7988527705893
30165,1,83000.0,PhD,F,1,110089,HR,IC,0,IC,0,93873.13203734726,-10873.132037347255
157957,1,237000.0,PhD,M,1,82657,sales,IC,0,IC,0,193940.69232599234,43059.307674007665
126955,0,124000.0,PhD,M,2,188118,sales,IC,0,IC,0,201356.5442201449,-77356.54422014489
86451,0,63000.0,PhD,M,3,157064,marketing,IC,0,IC,0,204409.410789578,-141409.410789578
30450,1,277000.0,PhD,M,8,64724,marketing,IC,0,IC,0,188390.54817602885,88609.45182397115
60899,0,92000.0,Master,F,1,33665,HR,IC,0,IC,0,82364.56846565497,9635.431534345029
162381,1,186000.0,PhD,M,2,193330,engineering,MM,16,MM,16,217704.10720268302,-31704.107202683022
78125,0,115000.0,Master,M,5,73663,marketing,IC,0,IC,0,192239.89997562923,-77239.89997562923
20859,0,76000.0,Bachelor,F,4,77556,HR,IC,0,IC,0,86004.53677464435,-10004.536774644352
178262,0,72000.0,Master,M,4,88370,HR,IC,0,IC,0,85034.65160610934,-13034.651606109343
108742,1,298000.0,PhD,M,1,73489,sales,IC,0,IC,0,193940.69232599234,104059.30767400766
24950,1,85000.0,Master,F,2,59555,marketing,IC,0,IC,0,173888.25401291758,-88888.25401291758
184616,1,147000.0,PhD,F,2,62081,sales,IC,0,IC,0,186910.43460369,-39910.434603689995
152785,0,168000.0,Master,F,4,17291,sales,IC,0,IC,0,198453.75863186418,-30453.758631864184
176280,0,86000.0,Master,F,5,176415,engineering,IC,0,IC,0,237036.2608257125,-151036.2608257125
11308,0,238000.0,PhD,M,3,132360,sales,IC,0,IC,0,197202.7515403313,40797.24845966871
38308,1,104000.0,PhD,M,8,37154,marketing,MM,8,MM,8,157967.99784435175,-53967.99784435175
108754,0,65000.0,PhD,M,2,139278,HR,IC,0,IC,0,76157.36192109241,-11157.361921092408
76366,0,276000.0,Bachelor,F,1,34134,sales,IC,0,IC,0,190803.3928173758,85196.6071826242
21857,1,202000.0,Master,M,3,9239,sales,IC,0,IC,0,188351.1977603531,13648.802239646902
138290,1,272000.0,Bachelor,M,1,172321,sales,IC,0,IC,0,180018.0883550749,91981.9116449251
115602,0,202000.0,PhD,F,2,173939,marketing,IC,0,IC,0,202112.82741275989,-112.82741275988519
133662,0,253000.0,PhD,F,2,133927,engineering,IC,0,IC,0,245586.57159200107,7413.42840799893
151293,1,311000.0,Master,M,4,48877,marketing,IC,0,IC,0,200024.3248884556,110975.6751115444
122530,0,103000.0,High_School,M,5,189742,HR,IC,0,IC,0,79935.7666218699,23064.2333781301
47230,0,344000.0,Master,M,2,178954,engineering,IC,0,IC,0,225404.836709512,118595.16329048801
156521,1,87000.0,PhD,F,7,96060,HR,IC,0,IC,0,82717.32152609891,4282.678473901091
179578,0,217000.0,Master,F,5,54808,sales,IC,0,IC,0,199991.97931669242,17008.02068330758
74142,1,308000.0,Bachelor,M,1,93223,engineering,IC,0,IC,0,241459.58846692662,66540.41153307338
104907,0,60000.0,PhD,F,4,39460,HR,IC,0,IC,0,82462.33964853613,-22462.33964853613
157867,0,180000.0,Master,M,8,137369,sales,IC,0,IC,0,182806.4628018026,-2806.4628018026124
6844,0,93000.0,High_School,M,7,32405,HR,IC,0,IC,0,83535.55760889543,9464.442391104574
72222,1,351000.0,Master,F,3,191289,engineering,IC,0,IC,0,245150.29004286497,105849.70995713503
100567,0,308000.0,Bachelor,M,8,126257,engineering,IC,0,IC,0,229476.58349799537,78523.41650200463
146996,1,315000.0,PhD,M,1,107493,engineering,IC,0,IC,0,238639.5918970931,76360.40810290689
117017,0,251000.0,Master,M,2,55858,engineering,IC,0,IC,0,225404.836709512,25595.16329048801
97563,0,165000.0,Bachelor,M,1,70819,engineering,IC,0,IC,0,253447.42674818967,-88447.42674818967
66296,0,240000.0,Bachelor,M,4,175365,marketing,IC,0,IC,0,192298.8865953424,47701.113404657604
111137,0,68000.0,High_School,M,1,171461,HR,IC,0,IC,0,91327.03513976384,-23327.035139763844
9820,0,264000.0,Master,M,2,8856,marketing,IC,0,IC,0,189747.8553120937,74252.14468790629
1743,0,279000.0,PhD,M,2,162035,sales,IC,0,IC,0,201356.5442201449,77643.45577985511
218,1,213000.0,PhD,M,5,129000,marketing,IC,0,IC,0,198245.7378544605,14754.262145539513
110956,0,313000.0,Bachelor,F,5,16073,marketing,IC,0,IC,0,197905.0051527127,115094.99484728731
180396,0,174000.0,PhD,M,4,1808,engineering,IC,0,IC,0,241182.17333249372,-67182.17333249372
35617,1,239000.0,High_School,F,2,64750,engineering,IC,0,IC,0,174840.34102302935,64159.65897697065
79315,0,183000.0,Bachelor,F,4,159996,sales,IC,0,IC,0,199971.48280086013,-16971.482800860133
144296,0,74000.0,Master,M,2,95609,sales,IC,0,IC,0,196044.60399481485,-122044.60399481485
72941,0,126000.0,Bachelor,M,4,138772,sales,IC,0,IC,0,193264.55968086384,-67264.55968086384
164799,0,214000.0,Master,F,3,90,engineering,IC,0,IC,0,238133.50270656022,-24133.50270656022
93750,1,365000.0,Bachelor,M,2,61988,engineering,IC,0,IC,0,242862.72183744767,122137.27816255233
178799,0,64000.0,High_School,F,2,67178,HR,IC,0,IC,0,84827.81499972833,-20827.814999728333
88936,1,69000.0,PhD,M,14,3235,sales,MM,16,MM,16,126629.7394595357,-57629.739459535704
161508,0,155000.0,High_School,M,2,23565,sales,IC,0,IC,0,195986.4498613001,-40986.44986130009
43602,1,216000.0,PhD,M,13,18295,engineering,MM,10,MM,10,243572.04745050418,-27572.04745050418
6443,0,89000.0,Master,F,2,61517,HR,IC,0,IC,0,82960.55864883834,6039.4413511616585
137255,0,179000.0,Bachelor,F,2,182556,sales,IC,0,IC,0,190325.4138625573,-11325.413862557296
46541,0,76000.0,Master,F,8,5889,HR,IC,0,IC,0,76675.9929422252,-675.9929422252026
187811,0,183000.0,Bachelor,M,1,189890,engineering,IC,0,IC,0,253447.42674818967,-70447.42674818967
9400,0,75000.0,Bachelor,F,12,138823,HR,MM,10,MM,10,89995.13112205619,-14995.131122056191
14733,0,179000.0,Master,F,1,136861,sales,IC,0,IC,0,177865.95495298997,1134.0450470100332
196253,0,106000.0,Master,M,2,160618,sales,IC,0,IC,0,196044.60399481485,-90044.60399481485
58365,0,123000.0,Master,M,3,196484,marketing,MM,12,MM,12,189143.8814116154,-66143.88141161541
64496,1,172000.0,Master,M,1,144927,sales,IC,0,IC,0,194883.36343501264,-22883.363435012638
13313,0,142000.0,PhD,M,3,65856,sales,IC,0,IC,0,197202.7515403313,-55202.75154033129
119597,0,312000.0,PhD,F,6,57185,engineering,IC,0,IC,0,250524.0699823515,61475.9300176485
10828,0,122000.0,PhD,M,1,779,marketing,IC,0,IC,0,195577.15476246577,-73577.15476246577
165952,1,228000.0,PhD,M,2,116180,engineering,IC,0,IC,0,237027.23882378358,-9027.238823783584
120524,0,219000.0,High_School,F,4,5282,sales,IC,0,IC,0,198949.1492696776,20050.85073032239
11009,0,184000.0,Bachelor,M,1,59939,marketing,IC,0,IC,0,195298.98660263894,-11298.986602638935
190654,1,169000.0,High_School,M,4,64724,marketing,IC,0,IC,0,183760.25765752327,-14760.257657523267
18207,1,223000.0,Master,M,3,158609,sales,IC,0,IC,0,188351.1977603531,34648.8022396469
74536,0,186000.0,Bachelor,M,1,102684,sales,IC,0,IC,0,179465.38885958475,6534.611140415247
98967,0,202000.0,PhD,M,7,115539,marketing,MM,13,MM,13,221634.5111690293,-19634.511169029312
19360,0,69000.0,Master,F,8,87762,sales,IC,0,IC,0,178531.48602784384,-109531.48602784384
1174,0,174000.0,Master,F,3,116774,engineering,IC,0,IC,0,238133.50270656022,-64133.50270656022
20568,0,179000.0,High_School,M,2,123000,sales,IC,0,IC,0,195986.4498613001,-16986.44986130009
90644,0,277000.0,Bachelor,M,3,164439,marketing,IC,0,IC,0,195837.03111956886,81162.96888043114
32727,0,95000.0,PhD,M,5,151005,marketing,IC,0,IC,0,203274.43239263128,-108274.43239263128
156429,0,240000.0,PhD,M,2,140061,sales,IC,0,IC,0,201356.5442201449,38643.45577985511
82775,0,318000.0,PhD,M,4,55481,engineering,IC,0,IC,0,241182.17333249372,76817.82666750628
185688,0,255000.0,Bachelor,F,1,121527,marketing,IC,0,IC,0,216750.62192916207,38249.378070837935
53670,0,196000.0,High_School,F,1,68821,engineering,IC,0,IC,0,256554.63123786892,-60554.63123786892
32803,0,207000.0,Master,M,1,147819,sales,IC,0,IC,0,198051.2011472294,8948.79885277059
41336,1,272000.0,PhD,M,6,76310,engineering,IC,0,IC,0,225989.68999128733,46010.310008712666
194710,1,314000.0,Master,M,7,70406,marketing,IC,0,IC,0,193518.42336502764,120481.57663497236
39993,0,63000.0,High_School,M,5,51738,engineering,IC,0,IC,0,243781.76916131607,-180781.76916131607
117940,0,148000.0,Master,M,1,160169,sales,IC,0,IC,0,198051.2011472294,-50051.20114722941
3546,1,84000.0,PhD,F,1,142276,HR,IC,0,IC,0,93873.13203734726,-9873.132037347255
40324,1,190000.0,Master,M,5,95169,sales,IC,0,IC,0,193689.60735178352,-3689.6073517835175
5893,0,207000.0,Master,M,1,93223,engineering,IC,0,IC,0,253167.61103592915,-46167.61103592915
42724,0,259000.0,Master,M,1,1872,engineering,IC,0,IC,0,253167.61103592915,5832.388964070851
14482,0,176000.0,Master,M,5,55858,engineering,IC,0,IC,0,241342.61319268073,-65342.61319268073
128976,0,70000.0,High_School,F,3,39460,HR,IC,0,IC,0,85386.80778186422,-15386.80778186422
80810,0,184000.0,Master,F,3,41721,marketing,IC,0,IC,0,191708.4988256018,-7708.498825601797
21124,1,327000.0,Master,M,3,70819,engineering,IC,0,IC,0,243469.85093906373,83530.14906093627
4123,0,60000.0,Master,M,1,80043,HR,IC,0,IC,0,77429.4837578407,-17429.483757840702
178920,1,246000.0,High_School,M,3,24979,marketing,IC,0,IC,0,191326.7881611632,54673.21183883681
140451,0,117000.0,High_School,F,4,170076,engineering,IC,0,IC,0,241138.99966121474,-124138.99966121474
39836,0,267000.0,Bachelor,M,4,141079,engineering,IC,0,IC,0,245313.12529643642,21686.874703563575
144338,0,71000.0,PhD,F,1,55972,HR,IC,0,IC,0,87076.16641899414,-16076.166418994137
96612,1,329000.0,PhD,M,3,49729,sales,IC,0,IC,0,182782.6484747099,146217.3515252901
140244,0,298000.0,Bachelor,M,2,171499,engineering,IC,0,IC,0,238810.46474319053,59189.53525680947
154617,0,211000.0,High_School,F,5,69200,sales,IC,0,IC,0,197019.49258701704,13980.507412982959
102942,1,176000.0,Bachelor,M,1,73982,sales,IC,0,IC,0,180018.0883550749,-4018.0883550748986
66821,0,396000.0,High_School,M,7,52525,engineering,IC,0,IC,0,269143.55240585585,126856.44759414415
22353,0,205000.0,PhD,M,5,142850,sales,IC,0,IC,0,192559.0137282462,12440.98627175379
10747,0,132000.0,Master,F,3,37124,sales,IC,0,IC,0,191260.8810195265,-59260.88101952651
107658,0,189000.0,PhD,M,27,110464,marketing,VP,236,VP,236,312052.3422459893,-123052.3422459893
83119,1,207000.0,Master,M,5,103981,marketing,IC,0,IC,0,191923.89872502946,15076.10127497054
189760,0,310000.0,Master,M,4,19424,engineering,IC,0,IC,0,241830.84919374806,68169.15080625194
27966,1,208000.0,Master,F,3,7349,marketing,IC,0,IC,0,173192.14355952016,34807.85644047984
106395,0,91000.0,Bachelor,F,4,22887,HR,IC,0,IC,0,86004.53677464435,4995.463225355648
8275,0,258000.0,Bachelor,F,2,6335,sales,IC,0,IC,0,190325.4138625573,67674.5861374427
106438,0,274000.0,PhD,F,3,180037,sales,IC,0,IC,0,195546.71190949707,78453.28809050293
120003,0,305000.0,PhD,M,2,48120,engineering,IC,0,IC,0,239738.82647541008,65261.17352458992
61517,1,70000.0,PhD,M,2,110260,HR,MM,20,MM,20,77066.33608058609,-7066.336080586087
6390,0,134000.0,PhD,M,4,148032,sales,IC,0,IC,0,194705.84234154952,-60705.84234154952
158387,1,217000.0,PhD,M,1,40904,engineering,IC,0,IC,0,238639.5918970931,-21639.59189709311
115674,0,256000.0,Bachelor,M,6,74264,marketing,IC,0,IC,0,189453.14893188572,66546.85106811428
40496,0,176000.0,PhD,M,4,116774,engineering,IC,0,IC,0,241182.17333249372,-65182.17333249372
58176,0,153000.0,Master,M,3,94683,marketing,IC,0,IC,0,195418.4685635701,-42418.46856357009
19577,0,311000.0,PhD,M,4,18312,engineering,IC,0,IC,0,241182.17333249372,69817.82666750628
153662,0,144000.0,Bachelor,M,2,22145,sales,IC,0,IC,0,196776.30656462905,-52776.30656462905
45633,0,175000.0,Master,M,2,87929,sales,IC,0,IC,0,196044.60399481485,-21044.603994814854
84962,0,181000.0,PhD,M,4,105395,engineering,IC,0,IC,0,241182.17333249372,-60182.17333249372
72101,0,96000.0,PhD,F,2,184885,HR,IC,0,IC,0,81889.77770686249,14110.222293137514
55474,1,300000.0,Bachelor,F,6,102102,sales,IC,0,IC,0,200667.41278442592,99332.58721557408
18295,1,187000.0,Master,M,19,176367,engineering,D,40,D,40,231358.17965367966,-44358.17965367966
46140,0,258000.0,Bachelor,M,2,112750,engineering,IC,0,IC,0,238810.46474319053,19189.535256809468
161770,1,144000.0,Master,F,3,122145,engineering,IC,0,IC,0,245150.29004286497,-101150.29004286497
163319,1,145000.0,High_School,M,1,144401,sales,IC,0,IC,0,182145.5554433057,-37145.5554433057
85651,0,339000.0,Bachelor,F,2,77766,marketing,IC,0,IC,0,195854.82935350726,143145.17064649274
194462,1,143000.0,Master,M,5,199184,sales,IC,0,IC,0,193689.60735178352,-50689.60735178352
120914,0,149000.0,PhD,M,3,4440,marketing,IC,0,IC,0,204409.410789578,-55409.41078957799
25759,0,68000.0,Bachelor,M,1,187183,marketing,IC,0,IC,0,195298.98660263894,-127298.98660263894
1133,0,217000.0,Bachelor,M,3,68821,engineering,IC,0,IC,0,244492.12806626968,-27492.12806626968
145716,1,163000.0,Bachelor,F,7,158777,marketing,IC,0,IC,0,196932.31348681715,-33932.31348681715
99765,0,174000.0,Master,M,6,134671,sales,IC,0,IC,0,192430.58157034806,-18430.581570348062
21783,0,349000.0,Master,F,8,81860,engineering,IC,0,IC,0,238505.5191016877,110494.4808983123
14236,0,178000.0,Bachelor,M,2,148795,engineering,IC,0,IC,0,238810.46474319053,-60810.46474319053
12922,0,127000.0,Bachelor,M,1,190249,marketing,IC,0,IC,0,195298.98660263894,-68298.98660263894
127991,1,324000.0,Master,M,5,108428,engineering,IC,0,IC,0,228892.63088194563,95107.36911805437
180505,1,211000.0,Bachelor,M,5,134728,marketing,IC,0,IC,0,193996.92968217094,17003.070317829057
78874,0,177000.0,PhD,F,7,47127,sales,MM,12,MM,12,195853.81959268695,-18853.819592686952
70843,0,244000.0,High_School,F,1,95522,marketing,IC,0,IC,0,186565.31241750674,57434.687582493265
101478,1,96000.0,Bachelor,F,3,29960,marketing,IC,0,IC,0,184164.0051782409,-88164.00517824091
145312,0,167000.0,Bachelor,M,4,59353,engineering,IC,0,IC,0,245313.12529643642,-78313.12529643642
157452,0,196000.0,Bachelor,M,2,114572,marketing,IC,0,IC,0,196739.27564649528,-739.2756464952836
8198,1,395000.0,High_School,F,10,98225,engineering,MM,13,MM,13,343237.51269478037,51762.487305219634
127930,0,265000.0,Master,M,4,162518,sales,IC,0,IC,0,194695.32052053208,70304.67947946792
24391,0,70000.0,Bachelor,M,7,159638,HR,IC,0,IC,0,78143.12642095941,-8143.126420959408
20689,0,68000.0,Master,M,3,115593,HR,IC,0,IC,0,81611.19715433878,-13611.197154338777
73778,1,181000.0,Bachelor,M,3,199184,sales,IC,0,IC,0,189257.1654400931,-8257.165440093086
50412,0,333000.0,Master,M,3,6536,marketing,IC,0,IC,0,195418.4685635701,137581.5314364299
79285,0,268000.0,PhD,F,12,34280,sales,D,82,D,82,215414.47113997117,52585.52886002883
139010,1,243000.0,PhD,M,1,30468,engineering,IC,0,IC,0,238639.5918970931,4360.408102906891
128960,0,269000.0,High_School,M,8,178954,engineering,IC,0,IC,0,238267.1345341716,30732.865465828392
21604,0,80000.0,Master,F,11,26053,HR,D,104,D,104,92523.01515151515,-12523.015151515152
51988,0,391000.0,Master,M,2,128447,engineering,IC,0,IC,0,225404.836709512,165595.163290488
3088,0,122000.0,Master,M,1,193518,sales,IC,0,IC,0,198051.2011472294,-76051.20114722941
151538,0,116000.0,Master,M,6,78874,sales,IC,0,IC,0,192430.58157034806,-76430.58157034806
135966,0,70000.0,PhD,F,4,172948,HR,IC,0,IC,0,82462.33964853613,-12462.33964853613
194409,0,101000.0,Bachelor,F,4,47748,HR,IC,0,IC,0,86004.53677464435,14995.463225355648
115962,0,322000.0,High_School,M,5,47618,marketing,IC,0,IC,0,190498.8311588766,131501.1688411234
162911,0,282000.0,High_School,M,2,199282,marketing,IC,0,IC,0,195512.34328319496,86487.65671680504
126414,0,224000.0,Bachelor,M,2,144976,sales,IC,0,IC,0,196776.30656462905,27223.69343537095
6331,1,167000.0,Bachelor,M,8,193920,sales,IC,0,IC,0,207634.61514346502,-40634.615143465024
56941,0,260000.0,High_School,F,2,102727,marketing,IC,0,IC,0,191544.59382960657,68455.40617039343
162045,1,342000.0,Master,M,3,101484,engineering,IC,0,IC,0,243469.85093906373,98530.14906093627
25704,0,119000.0,Master,F,2,198240,sales,IC,0,IC,0,192912.71319514548,-73912.71319514548
194814,0,120000.0,Master,F,3,92210,sales,IC,0,IC,0,191260.8810195265,-71260.88101952651
24941,1,268000.0,Bachelor,M,4,4440,marketing,IC,0,IC,0,200432.63893380418,67567.36106619582
39678,1,307000.0,High_School,M,3,153412,marketing,IC,0,IC,0,191326.7881611632,115673.21183883681
159347,0,285000.0,Bachelor,F,6,146473,marketing,IC,0,IC,0,191347.17958827774,93652.82041172226
93924,1,379000.0,High_School,M,3,122145,engineering,IC,0,IC,0,246261.9865189567,132738.0134810433
35165,0,76000.0,Master,M,4,185285,HR,IC,0,IC,0,85034.65160610934,-9034.651606109343
18741,1,116000.0,High_School,F,1,98520,marketing,IC,0,IC,0,152342.72348095477,-36342.723480954766
22341,0,125000.0,Master,F,2,155570,marketing,IC,0,IC,0,190948.4877860469,-65948.4877860469
22713,0,269000.0,Master,M,3,27704,sales,IC,0,IC,0,195369.80999597523,73630.19000402477
180924,0,147000.0,Bachelor,M,10,158490,marketing,MM,9,MM,9,168245.36129010958,-21245.361290109577
103014,1,364000.0,PhD,M,14,183869,engineering,MM,7,MM,7,331146.63042235543,32853.36957764457
117240,0,217000.0,PhD,F,2,115856,sales,IC,0,IC,0,202419.4707253329,14580.52927466709
85897,1,267000.0,Master,F,1,71130,engineering,IC,0,IC,0,248653.7440354666,18346.255964533397
60892,0,93000.0,PhD,M,4,107694,HR,IC,0,IC,0,86837.11909178048,6162.880908219522
194836,0,367000.0,PhD,M,4,162196,engineering,IC,0,IC,0,241182.17333249372,125817.82666750628
35741,0,201000.0,Master,M,7,181886,sales,IC,0,IC,0,189796.9743375098,11203.025662490196
78889,0,254000.0,High_School,F,4,178797,sales,IC,0,IC,0,198949.1492696776,55050.85073032239
121599,0,321000.0,High_School,F,4,52923,sales,IC,0,IC,0,198949.1492696776,122050.85073032239
169869,0,242000.0,Bachelor,M,4,19806,sales,IC,0,IC,0,193264.55968086384,48735.44031913616
106828,1,125000.0,PhD,F,7,132026,marketing,IC,0,IC,0,201800.58059596684,-76800.58059596684
66269,0,306000.0,PhD,F,8,189890,engineering,IC,0,IC,0,276087.51702335564,29912.482976644358
139543,0,69000.0,High_School,F,1,53677,HR,IC,0,IC,0,84206.1973205254,-15206.197320525403
53778,0,118000.0,Master,M,2,38308,marketing,IC,0,IC,0,189747.8553120937,-71747.85531209371
139403,1,138000.0,Master,F,3,115856,sales,IC,0,IC,0,192638.1102185486,-54638.110218548594
102310,0,178000.0,Bachelor,M,2,77766,marketing,IC,0,IC,0,196739.27564649528,-18739.275646495284
81074,0,114000.0,Bachelor,F,6,148984,sales,IC,0,IC,0,200771.57459589085,-86771.57459589085
50100,0,184000.0,Master,M,3,153551,sales,IC,0,IC,0,195369.80999597523,-11369.809995975229
70211,1,150000.0,PhD,F,1,112643,sales,IC,0,IC,0,177727.6568266361,-27727.656826636114
124885,1,144000.0,Bachelor,M,3,143050,marketing,IC,0,IC,0,188192.39140789176,-44192.39140789176
26728,0,165000.0,PhD,M,1,60319,sales,IC,0,IC,0,198908.11730505654,-33908.11730505654
144173,0,63000.0,PhD,M,3,125114,HR,IC,0,IC,0,82709.4195275736,-19709.4195275736
162089,0,83000.0,Bachelor,F,4,103912,sales,IC,0,IC,0,199971.48280086013,-116971.48280086013
49166,0,186000.0,High_School,M,2,39388,sales,IC,0,IC,0,195986.4498613001,-9986.44986130009
27535,1,269000.0,Bachelor,M,3,48352,engineering,IC,0,IC,0,238207.9962027491,30792.003797250887
194039,0,126000.0,Master,M,2,182028,engineering,IC,0,IC,0,225404.836709512,-99404.83670951199
193140,1,200000.0,Bachelor,F,8,10773,engineering,IC,0,IC,0,247116.83290922866,-47116.83290922866
159875,0,70000.0,Bachelor,F,7,146111,HR,IC,0,IC,0,79025.13326882306,-9025.133268823061
9634,0,61000.0,Bachelor,F,7,46178,engineering,IC,0,IC,0,231671.65697249785,-170671.65697249785
125601,1,90000.0,Master,M,1,113124,sales,IC,0,IC,0,194883.36343501264,-104883.36343501264
143794,1,164000.0,High_School,F,2,111363,sales,IC,0,IC,0,195457.00986642178,-31457.00986642178
122860,0,110000.0,Master,M,5,162035,sales,IC,0,IC,0,196414.1583420818,-86414.15834208179
168356,1,173000.0,High_School,F,1,127623,engineering,IC,0,IC,0,216804.56625324997,-43804.56625324997
131967,0,223000.0,High_School,M,7,129000,marketing,IC,0,IC,0,194858.95220885216,28141.047791147837
106150,1,348000.0,PhD,M,4,148418,engineering,IC,0,IC,0,236378.21786726158,111621.78213273842
71693,0,337000.0,Master,M,4,70819,engineering,IC,0,IC,0,241830.84919374806,95169.15080625194
89004,0,87000.0,PhD,F,5,81490,sales,IC,0,IC,0,201521.88967796802,-114521.88967796802
59555,0,102000.0,Master,F,4,156036,marketing,MM,13,MM,13,187734.16474843782,-85734.16474843782
69932,0,108000.0,PhD,F,5,142630,HR,IC,0,IC,0,81307.52954187465,26692.470458125346
78773,1,163000.0,Bachelor,M,4,2644,sales,IC,0,IC,0,200945.03521904073,-37945.03521904073
6871,0,290000.0,Bachelor,F,7,70547,marketing,IC,0,IC,0,194069.31633320317,95930.68366679683
108429,0,242000.0,High_School,M,1,94507,engineering,IC,0,IC,0,231847.76096461926,10152.239035380742
9433,0,172000.0,High_School,M,1,162518,sales,IC,0,IC,0,186739.580228817,-14739.580228817009
138260,0,229000.0,Master,M,4,74170,sales,IC,0,IC,0,194695.32052053208,34304.679479467915
73693,0,62000.0,Bachelor,F,7,129287,HR,IC,0,IC,0,79025.13326882306,-17025.13326882306
175834,1,256000.0,High_School,M,8,53109,sales,IC,0,IC,0,224201.6029267886,31798.39707321141
68197,0,136000.0,Bachelor,M,2,127544,sales,IC,0,IC,0,196776.30656462905,-60776.30656462905
43290,1,69000.0,Bachelor,F,2,14465,HR,IC,0,IC,0,79092.27542418573,-10092.275424185733
51671,1,254000.0,Bachelor,F,1,94507,engineering,IC,0,IC,0,217588.1074776503,36411.89252234969
159175,0,71000.0,Master,F,2,116750,engineering,IC,0,IC,0,260023.70872319196,-189023.70872319196
158908,1,297000.0,Master,M,1,127769,engineering,IC,0,IC,0,250966.59465767271,46033.405342327285
96596,0,78000.0,PhD,F,6,75198,marketing,IC,0,IC,0,205528.0855651748,-127528.08556517481
158124,0,181000.0,PhD,F,8,113124,sales,IC,0,IC,0,161003.0578689844,19996.94213101559
106639,1,122000.0,Master,M,1,10357,marketing,IC,0,IC,0,165989.76505118783,-43989.76505118783
170689,0,253000.0,Bachelor,M,6,76435,sales,IC,0,IC,0,193558.3030501584,59441.6969498416
122673,1,288000.0,PhD,F,6,132187,engineering,IC,0,IC,0,255526.12765244197,32473.872347558034
32632,0,153000.0,High_School,M,3,121527,marketing,IC,0,IC,0,196140.8951932918,-43140.8951932918
182871,0,147000.0,Bachelor,M,1,26183,sales,IC,0,IC,0,179465.38885958475,-32465.388859584753
162047,0,198000.0,Master,M,2,159098,engineering,IC,0,IC,0,225404.836709512,-27404.83670951199
99171,0,347000.0,PhD,M,1,182996,sales,IC,0,IC,0,198908.11730505654,148091.88269494346
122321,0,74000.0,Master,F,5,4384,HR,IC,0,IC,0,83499.17048362638,-9499.170483626382
88294,0,260000.0,PhD,F,3,91254,marketing,IC,0,IC,0,211839.30129742634,48160.69870257366
40546,0,221000.0,PhD,M,3,54315,sales,IC,0,IC,0,197202.7515403313,23797.248459668714
75459,0,62000.0,PhD,M,3,191083,marketing,IC,0,IC,0,204409.410789578,-142409.410789578
47366,0,171000.0,Bachelor,M,5,62161,marketing,IC,0,IC,0,192321.90017747923,-21321.900177479227
56000,0,103000.0,PhD,M,1,37434,sales,IC,0,IC,0,198908.11730505654,-95908.11730505654
25939,1,258000.0,Bachelor,F,3,23100,engineering,IC,0,IC,0,249465.5655649748,8534.434435025207
22617,0,359000.0,Master,M,3,29960,marketing,IC,0,IC,0,195418.4685635701,163581.5314364299
75766,0,122000.0,High_School,M,1,130834,engineering,IC,0,IC,0,231847.76096461926,-109847.76096461926
87984,0,103000.0,Master,F,2,62298,HR,IC,0,IC,0,82960.55864883834,20039.44135116166
35622,0,338000.0,PhD,M,4,32938,engineering,IC,0,IC,0,241182.17333249372,96817.82666750628
110682,0,184000.0,High_School,M,1,84193,marketing,IC,0,IC,0,181617.3790151326,2382.62098486739
182581,0,216000.0,Bachelor,M,5,90834,sales,IC,0,IC,0,195038.08580704563,20961.91419295437
48105,1,350000.0,High_School,F,5,10773,engineering,IC,0,IC,0,273416.1043534002,76583.89564659982
142126,0,187000.0,PhD,F,6,180925,sales,IC,0,IC,0,194169.18557509538,-7169.185575095384
174721,0,195000.0,Bachelor,F,8,182531,sales,IC,0,IC,0,186122.77628616313,8877.223713836865
127275,1,190000.0,PhD,F,9,42270,engineering,MM,7,MM,7,233840.70404060493,-43840.704040604935
76575,1,261000.0,Master,M,4,186283,engineering,IC,0,IC,0,235272.1286071889,25727.871392811096
94643,0,139000.0,High_School,F,1,148032,sales,IC,0,IC,0,184712.4239725275,-45712.4239725275
59142,1,274000.0,Bachelor,M,2,132187,engineering,IC,0,IC,0,242862.72183744767,31137.278162552335
134865,0,67000.0,PhD,M,15,197876,sales,D,106,D,106,185923.56089466088,-118923.56089466088
161697,1,239000.0,Bachelor,M,1,116180,engineering,IC,0,IC,0,241459.58846692662,-2459.5884669266234
41808,0,139000.0,PhD,M,7,89619,HR,MM,16,MM,16,89152.404983905,49847.595016095
543,0,176000.0,PhD,F,2,102815,sales,IC,0,IC,0,202419.4707253329,-26419.47072533291
189752,0,154000.0,High_School,M,4,30488,marketing,IC,0,IC,0,195051.7370391725,-41051.7370391725
182379,1,202000.0,Master,F,3,34163,sales,IC,0,IC,0,192638.1102185486,9361.889781451406
83575,0,101000.0,Bachelor,M,2,1791,HR,IC,0,IC,0,83618.18616664072,17381.81383335928
73733,0,92000.0,Master,M,1,61443,HR,IC,0,IC,0,77429.4837578407,14570.516242159298
121155,1,223000.0,Master,F,7,16785,engineering,IC,0,IC,0,244934.79327474465,-21934.793274744647
176194,0,99000.0,PhD,F,5,4110,sales,IC,0,IC,0,201521.88967796802,-102521.88967796802
59705,1,247000.0,Bachelor,M,4,181201,sales,MM,14,MM,14,219167.1561539703,27832.84384602969
136244,0,287000.0,Master,M,1,198875,engineering,IC,0,IC,0,253167.61103592915,33832.38896407085
120306,0,178000.0,PhD,M,4,82657,sales,IC,0,IC,0,194705.84234154952,-16705.84234154952
130595,0,251000.0,Master,M,3,30488,marketing,IC,0,IC,0,195418.4685635701,55581.53143642991
1860,0,398000.0,PhD,M,6,101484,engineering,IC,0,IC,0,247728.11200962216,150271.88799037784
54873,1,126000.0,High_School,M,7,190065,marketing,IC,0,IC,0,179882.99604495429,-53882.996044954285
149658,0,95000.0,Bachelor,F,3,168742,sales,IC,0,IC,0,194461.09812463698,-99461.09812463698
36390,1,280000.0,Bachelor,M,2,52525,engineering,IC,0,IC,0,242862.72183744767,37137.278162552335
32703,0,92000.0,High_School,M,6,181772,sales,IC,0,IC,0,190398.68369662002,-98398.68369662002
160933,0,79000.0,Bachelor,F,1,22887,HR,IC,0,IC,0,77771.4712925606,1228.5287074394
198659,0,157000.0,Bachelor,M,2,90,engineering,IC,0,IC,0,238810.46474319053,-81810.46474319053
57611,0,74000.0,PhD,M,4,193920,sales,IC,0,IC,0,194705.84234154952,-120705.84234154952
78997,0,360000.0,Master,M,3,117030,engineering,MM,6,MM,6,248743.21137697832,111256.78862302168
26268,1,213000.0,PhD,M,2,70547,marketing,IC,0,IC,0,180493.22465190728,32506.77534809272
114056,0,112000.0,PhD,F,3,43858,engineering,IC,0,IC,0,250494.2058762398,-138494.2058762398
93287,1,140000.0,PhD,M,2,16510,sales,IC,0,IC,0,191180.20114872733,-51180.20114872733
137232,0,150000.0,Master,M,3,43420,sales,IC,0,IC,0,195369.80999597523,-45369.80999597523
151234,0,210000.0,PhD,M,3,145126,sales,IC,0,IC,0,197202.7515403313,12797.248459668714
160597,1,119000.0,PhD,M,6,88303,sales,IC,0,IC,0,188866.9788219157,-69866.97882191569
95006,1,286000.0,Master,F,2,182028,engineering,IC,0,IC,0,253356.57931868994,32643.42068131006
126613,1,127000.0,PhD,M,2,148795,engineering,IC,0,IC,0,237027.23882378358,-110027.23882378358
65714,1,105000.0,Master,M,1,196058,marketing,IC,0,IC,0,165989.76505118783,-60989.76505118783
103454,1,289000.0,PhD,M,1,94039,sales,IC,0,IC,0,193940.69232599234,95059.30767400766
46982,0,303000.0,Master,M,1,121419,engineering,IC,0,IC,0,253167.61103592915,49832.38896407085
183665,1,64000.0,PhD,M,3,155570,marketing,IC,0,IC,0,184507.95041214005,-120507.95041214005
166787,0,61000.0,High_School,M,5,183283,HR,IC,0,IC,0,79935.7666218699,-18935.7666218699
65406,0,333000.0,Bachelor,M,2,137369,sales,IC,0,IC,0,196776.30656462905,136223.69343537095
123502,0,73000.0,Master,F,2,39785,HR,MM,13,MM,13,104202.11934262795,-31202.11934262795
76140,0,301000.0,High_School,M,2,59353,engineering,IC,0,IC,0,226878.35789292358,74121.64210707642
178797,0,233000.0,Master,F,12,47755,sales,MM,8,MM,8,190395.05116622278,42604.94883377722
134998,0,260000.0,PhD,M,1,5282,sales,IC,0,IC,0,198908.11730505654,61091.88269494346
49496,0,169000.0,Bachelor,M,5,182116,sales,IC,0,IC,0,195038.08580704563,-26038.08580704563
134940,1,67000.0,Bachelor,M,1,64190,sales,IC,0,IC,0,180018.0883550749,-113018.0883550749
25849,0,76000.0,Bachelor,F,3,21086,HR,IC,0,IC,0,83591.34611794354,-7591.34611794354
149386,1,281000.0,High_School,F,3,147106,sales,IC,0,IC,0,206475.92737872282,74524.07262127718
120503,0,139000.0,PhD,M,1,72965,sales,IC,0,IC,0,198908.11730505654,-59908.11730505654
16510,0,266000.0,High_School,F,3,77851,sales,MM,12,MM,12,229875.31744663382,36124.682553366176
72918,1,84000.0,Master,F,4,108164,sales,IC,0,IC,0,196357.1254950726,-112357.1254950726
99958,0,140000.0,Master,M,5,196058,marketing,IC,0,IC,0,192239.89997562923,-52239.89997562923
40507,1,182000.0,PhD,F,1,170431,marketing,IC,0,IC,0,183636.80504243038,-1636.8050424303801
174800,0,138000.0,Master,F,11,158490,marketing,MM,6,MM,6,167192.1883908576,-29192.1883908576
67198,0,179000.0,Bachelor,M,4,54808,sales,IC,0,IC,0,193264.55968086384,-14264.559680863837
85109,0,116000.0,Master,M,1,125114,HR,IC,0,IC,0,77429.4837578407,38570.5162421593
149970,0,215000.0,Master,F,7,155485,marketing,MM,12,MM,12,209399.105562418,5600.894437581999
179506,1,229000.0,PhD,F,3,123258,marketing,IC,0,IC,0,185493.86852960358,43506.131470396416
158255,0,93000.0,PhD,M,1,8812,HR,IC,0,IC,0,77565.84484314994,15434.155156850058
62637,1,211000.0,Master,M,8,102727,marketing,IC,0,IC,0,202956.3898476718,8043.610152328212
16117,0,146000.0,Bachelor,M,4,115856,sales,IC,0,IC,0,193264.55968086384,-47264.55968086384
25367,1,112000.0,PhD,F,6,191391,marketing,MM,8,MM,8,175976.69986408667,-63976.699864086666
20055,0,65000.0,PhD,F,1,51923,HR,IC,0,IC,0,87076.16641899414,-22076.166418994137
81173,0,89000.0,PhD,F,6,181781,HR,IC,0,IC,0,80224.81814815088,8775.18185184912
82981,0,234000.0,Bachelor,M,1,58522,engineering,IC,0,IC,0,253447.42674818967,-19447.426748189668
77181,0,206000.0,Master,M,4,79,sales,IC,0,IC,0,194695.32052053208,11304.679479467915
43662,0,233000.0,Bachelor,M,7,160511,marketing,IC,0,IC,0,193088.13778393113,39911.86221606887
30190,0,199000.0,Master,M,7,79237,marketing,IC,0,IC,0,184687.5348280426,14312.465171957389
57220,0,240000.0,Master,M,3,43420,sales,IC,0,IC,0,195369.80999597523,44630.19000402477
195920,0,115000.0,Bachelor,M,4,184885,HR,IC,0,IC,0,85853.00043622433,29146.999563775666
55088,0,259000.0,Bachelor,F,7,77613,sales,IC,0,IC,0,202931.0713209912,56068.92867900879
79966,0,359000.0,Bachelor,M,9,183824,engineering,IC,0,IC,0,251333.33129772596,107666.66870227404
61722,1,217000.0,High_School,M,1,32938,engineering,IC,0,IC,0,201743.7749494076,15256.225050592388
182847,1,266000.0,PhD,M,3,195165,engineering,IC,0,IC,0,246707.47890110445,19292.52109889555
46311,0,171000.0,PhD,M,1,65883,marketing,IC,0,IC,0,195577.15476246577,-24577.15476246577
13305,0,203000.0,PhD,F,7,50679,sales,IC,0,IC,0,200481.71279382356,2518.2872061764356
132503,0,178000.0,PhD,F,4,135848,marketing,IC,0,IC,0,215242.36812769604,-37242.36812769604
107388,0,114000.0,Bachelor,M,7,72965,sales,IC,0,IC,0,194389.89332323067,-80389.89332323067
138248,1,235000.0,High_School,M,7,39417,engineering,IC,0,IC,0,235656.8323084096,-656.83230840959
108309,1,109000.0,Bachelor,F,2,160476,sales,IC,0,IC,0,192222.09002881806,-83222.09002881806
165473,0,78000.0,Master,F,2,15768,HR,IC,0,IC,0,82960.55864883834,-4960.5586488383415
74431,0,250000.0,Master,F,4,28979,sales,IC,0,IC,0,198453.75863186418,51546.241368135816
74021,0,158000.0,High_School,F,1,164638,sales,IC,0,IC,0,184712.4239725275,-26712.423972527497
86367,0,142000.0,PhD,M,1,52525,engineering,IC,0,IC,0,245381.45541854406,-103381.45541854406
62875,0,199000.0,Master,M,3,53012,marketing,IC,0,IC,0,195418.4685635701,3581.531436429912
33908,0,171000.0,Master,F,3,70406,marketing,IC,0,IC,0,191708.4988256018,-20708.498825601797
182416,0,66000.0,Bachelor,F,5,172717,HR,IC,0,IC,0,85695.75736501839,-19695.75736501839
146602,0,149000.0,Master,F,3,123258,marketing,IC,0,IC,0,191708.4988256018,-42708.4988256018
24468,0,85000.0,PhD,F,1,130135,HR,IC,0,IC,0,87076.16641899414,-2076.1664189941366
73476,1,261000.0,Master,F,4,55883,engineering,IC,0,IC,0,254657.44241884115,6342.55758115885
48441,0,102000.0,Bachelor,M,4,113578,marketing,IC,0,IC,0,192298.8865953424,-90298.8865953424
27018,0,75000.0,PhD,F,12,89619,HR,MM,8,MM,8,80787.77777777778,-5787.777777777781
46682,1,182000.0,Master,M,2,159098,engineering,IC,0,IC,0,233296.97305636574,-51296.973056365736
5318,0,287000.0,High_School,M,3,181996,engineering,IC,0,IC,0,251988.4772456092,35011.52275439081
199712,1,168000.0,PhD,F,2,142685,sales,IC,0,IC,0,186910.43460369,-18910.434603689995
12196,0,303000.0,Bachelor,F,4,161132,marketing,IC,0,IC,0,198300.07769298556,104699.92230701444
193303,0,85000.0,Master,M,4,113618,marketing,IC,0,IC,0,194518.27840682067,-109518.27840682067
172555,1,129000.0,High_School,F,3,71757,marketing,IC,0,IC,0,189990.99941281584,-60990.99941281584
151328,1,215000.0,High_School,F,2,54997,sales,IC,0,IC,0,195457.00986642178,19542.99013357822
2921,0,311000.0,Bachelor,M,3,128065,engineering,IC,0,IC,0,244492.12806626968,66507.87193373032
178477,0,93000.0,High_School,M,2,73106,engineering,IC,0,IC,0,226878.35789292358,-133878.35789292358
107216,0,129000.0,PhD,M,5,101484,engineering,IC,0,IC,0,243058.35787352896,-114058.35787352896
41573,0,264000.0,Bachelor,M,4,81860,engineering,IC,0,IC,0,245313.12529643642,18686.874703563575
135588,0,203000.0,Bachelor,F,3,115856,sales,IC,0,IC,0,194461.09812463698,8538.901875363023
51195,1,183000.0,Bachelor,F,5,27781,marketing,IC,0,IC,0,197496.99209800735,-14496.992098007351
198927,0,180000.0,Bachelor,M,5,157064,marketing,IC,0,IC,0,192321.90017747923,-12321.900177479227
188883,1,152000.0,Master,F,1,198778,engineering,IC,0,IC,0,248653.7440354666,-96653.7440354666
168126,1,180000.0,Master,M,2,187053,engineering,IC,0,IC,0,233296.97305636574,-53296.973056365736
80533,0,255000.0,Bachelor,F,5,153291,sales,IC,0,IC,0,201703.6417993344,53296.35820066559
130078,0,260000.0,Master,F,1,151838,sales,IC,0,IC,0,177865.95495298997,82134.04504701003
140747,0,153000.0,High_School,M,1,147715,sales,IC,0,IC,0,186739.580228817,-33739.58022881701
180331,1,225000.0,Master,F,1,88303,sales,IC,0,IC,0,162567.59691448012,62432.40308551988
118411,1,154000.0,PhD,M,1,147249,engineering,IC,0,IC,0,238639.5918970931,-84639.59189709311
49112,1,204000.0,PhD,F,1,14241,marketing,IC,0,IC,0,183636.80504243038,20363.19495756962
22955,1,384000.0,Bachelor,M,3,127275,engineering,IC,0,IC,0,238207.9962027491,145792.0037972509
36276,1,213000.0,Bachelor,M,4,71585,sales,IC,0,IC,0,200945.03521904073,12054.964780959272
64514,0,136000.0,Master,M,5,55481,engineering,IC,0,IC,0,241342.61319268073,-105342.61319268073
96080,0,71000.0,Bachelor,F,1,162381,engineering,IC,0,IC,0,221439.98962197226,-150439.98962197226
53905,0,60000.0,Bachelor,M,1,174009,HR,IC,0,IC,0,85222.58767315086,-25222.58767315086
166893,0,192000.0,PhD,F,1,57316,sales,IC,0,IC,0,184864.59303542023,7135.406964579772
165442,1,122000.0,Bachelor,F,5,134865,sales,MM,10,MM,10,223825.1418306103,-101825.14183061029
56058,0,192000.0,Bachelor,M,8,160618,sales,IC,0,IC,0,181827.5254596792,10172.474540320807
85044,0,81000.0,Bachelor,M,2,55972,HR,IC,0,IC,0,83618.18616664072,-2618.1861666407203
48235,0,230000.0,PhD,M,4,175558,engineering,IC,0,IC,0,241182.17333249372,-11182.173332493723
73266,0,128000.0,High_School,F,5,172541,HR,IC,0,IC,0,82936.4626631867,45063.5373368133
17660,0,122000.0,Master,F,1,68222,HR,IC,0,IC,0,82364.56846565497,39635.43153434503
8838,0,125000.0,High_School,F,2,196490,HR,IC,0,IC,0,84827.81499972833,40172.18500027167
163108,0,190000.0,PhD,F,2,42096,sales,IC,0,IC,0,202419.4707253329,-12419.47072533291
48566,0,105000.0,Bachelor,F,2,194904,HR,IC,0,IC,0,86599.55002878579,18400.449971214213
104253,0,183000.0,Master,M,6,94611,engineering,IC,0,IC,0,250298.06490293815,-67298.06490293815
142954,0,178000.0,High_School,M,3,82698,sales,IC,0,IC,0,193926.29331709526,-15926.29331709526
138307,1,263000.0,Master,M,2,157064,marketing,IC,0,IC,0,179191.36560797412,83808.63439202588
72001,0,61000.0,Bachelor,F,2,17211,HR,IC,0,IC,0,86599.55002878579,-25599.550028785787
197091,0,227000.0,High_School,M,3,16510,sales,IC,0,IC,0,193926.29331709526,33073.70668290474
49210,1,203000.0,Master,F,1,53374,sales,IC,0,IC,0,162567.59691448012,40432.40308551988
110259,0,149000.0,High_School,F,5,138772,sales,IC,0,IC,0,197019.49258701704,-48019.49258701704
20607,0,176000.0,High_School,M,3,126257,engineering,IC,0,IC,0,251988.4772456092,-75988.47724560919
16168,0,386000.0,PhD,M,6,175434,sales,IC,0,IC,0,194022.9025924341,191977.0974075659
115593,1,70000.0,PhD,F,9,50665,HR,MM,6,MM,6,78071.94075829384,-8071.940758293844
32290,0,230000.0,High_School,M,2,108164,sales,IC,0,IC,0,195986.4498613001,34013.55013869991
73790,0,61000.0,Bachelor,M,1,177495,HR,IC,0,IC,0,85222.58767315086,-24222.58767315086
110499,0,260000.0,Bachelor,F,1,172321,sales,IC,0,IC,0,190803.3928173758,69196.6071826242
156662,0,107000.0,Master,M,1,167650,engineering,IC,0,IC,0,253167.61103592915,-146167.61103592915
175172,0,154000.0,High_School,F,1,52923,sales,IC,0,IC,0,184712.4239725275,-30712.423972527497
85698,0,70000.0,Master,M,7,43704,HR,IC,0,IC,0,78571.49998326687,-8571.49998326687
64221,0,186000.0,Bachelor,M,6,34134,sales,IC,0,IC,0,193558.3030501584,-7558.3030501584
140382,1,212000.0,High_School,M,6,160618,sales,IC,0,IC,0,193059.48051434927,18940.51948565073
15890,0,313000.0,Master,M,6,133927,engineering,IC,0,IC,0,250298.06490293815,62701.935097061854
895,0,96000.0,PhD,M,5,61517,HR,IC,0,IC,0,82276.80041619591,13723.19958380409
55488,1,239000.0,PhD,F,1,149245,marketing,IC,0,IC,0,183636.80504243038,55363.19495756962
12489,0,387000.0,Master,M,1,81811,sales,IC,0,IC,0,198051.2011472294,188948.7988527706
148292,0,61000.0,Bachelor,F,1,94447,HR,IC,0,IC,0,77771.4712925606,-16771.4712925606
87076,0,89000.0,Bachelor,F,2,92585,marketing,IC,0,IC,0,195854.82935350726,-106854.82935350726
51792,1,206000.0,PhD,F,3,198531,sales,IC,0,IC,0,187415.0410806651,18584.958919334895
158486,1,351000.0,Bachelor,F,2,102043,marketing,IC,0,IC,0,171278.59057555642,179721.40942444358
31058,0,273000.0,Master,M,6,168905,engineering,IC,0,IC,0,250298.06490293815,22701.935097061854
49543,0,327000.0,Bachelor,F,6,134944,sales,IC,0,IC,0,200771.57459589085,126228.42540410915
127516,0,303000.0,Bachelor,M,5,54997,sales,IC,0,IC,0,195038.08580704563,107961.91419295437
189739,0,181000.0,High_School,M,5,147106,sales,IC,0,IC,0,190414.06772590298,-9414.067725902976
8801,0,86000.0,Master,F,1,23737,HR,IC,0,IC,0,82364.56846565497,3635.431534345029
17066,0,65000.0,Bachelor,F,4,193452,sales,IC,0,IC,0,199971.48280086013,-134971.48280086013
81543,0,173000.0,Master,F,6,58365,marketing,IC,0,IC,0,191657.88654472306,-18657.886544723064
161816,0,229000.0,Master,F,5,198648,marketing,IC,0,IC,0,195556.18676362679,33443.813236373215
18905,0,80000.0,Master,F,6,158777,marketing,IC,0,IC,0,191657.88654472306,-111657.88654472306
91101,0,145000.0,High_School,F,3,119576,engineering,IC,0,IC,0,253399.05649762868,-108399.05649762868
133922,0,64000.0,High_School,F,3,80043,HR,IC,0,IC,0,85386.80778186422,-21386.80778186422
160308,1,161000.0,PhD,M,1,101981,sales,IC,0,IC,0,193940.69232599234,-32940.692325992335
14274,0,147000.0,Master,M,7,92403,sales,IC,0,IC,0,189796.9743375098,-42796.974337509804
74507,0,109000.0,Master,F,1,252,HR,IC,0,IC,0,82364.56846565497,26635.43153434503
27021,0,85000.0,Bachelor,M,1,146404,marketing,IC,0,IC,0,195298.98660263894,-110298.98660263894
53225,0,221000.0,PhD,F,6,38308,marketing,IC,0,IC,0,205528.0855651748,15471.914434825187
81688,1,139000.0,Bachelor,F,2,87330,engineering,IC,0,IC,0,209125.3162083094,-70125.3162083094
58128,0,89000.0,Master,M,5,16445,HR,IC,0,IC,0,79443.02078272104,9556.97921727896
74017,0,96000.0,PhD,M,1,29547,engineering,IC,0,IC,0,245381.45541854406,-149381.45541854406
79866,1,163000.0,Master,M,6,53109,sales,IC,0,IC,0,193447.7320829517,-30447.732082951698
164429,1,184000.0,Bachelor,M,1,11275,marketing,IC,0,IC,0,169925.83131011992,14074.168689880084
93093,0,67000.0,PhD,F,6,21086,HR,IC,0,IC,0,80224.81814815088,-13224.81814815088
166254,1,247000.0,Master,M,5,8663,sales,IC,0,IC,0,193689.60735178352,53310.39264821648
150993,0,181000.0,Master,M,1,142685,sales,IC,0,IC,0,198051.2011472294,-17051.20114722941
102498,0,70000.0,PhD,F,6,192056,HR,MM,12,MM,12,83336.22973662631,-13336.229736626308
11079,1,78000.0,Bachelor,M,1,4394,marketing,IC,0,IC,0,169925.83131011992,-91925.83131011992
121097,0,198000.0,High_School,F,4,63785,engineering,IC,0,IC,0,241138.99966121474,-43138.99966121474
126237,0,346000.0,Bachelor,M,2,26468,engineering,IC,0,IC,0,238810.46474319053,107189.53525680947
56866,0,313000.0,Master,M,4,112643,sales,IC,0,IC,0,194695.32052053208,118304.67947946792
180036,1,241000.0,High_School,F,3,147642,sales,IC,0,IC,0,206475.92737872282,34524.072621277184
119654,1,379000.0,Bachelor,F,3,169664,engineering,IC,0,IC,0,249465.5655649748,129534.4344350252
37046,1,86000.0,Master,M,3,22145,sales,IC,0,IC,0,188351.1977603531,-102351.1977603531
99459,0,293000.0,Bachelor,F,2,116180,engineering,IC,0,IC,0,241425.92290671106,51574.07709328894
124423,0,255000.0,PhD,M,2,168342,engineering,IC,0,IC,0,239738.82647541008,15261.173524589918
63578,0,243000.0,Bachelor,M,2,122762,sales,IC,0,IC,0,196776.30656462905,46223.69343537095
168653,0,263000.0,Bachelor,M,2,16073,marketing,IC,0,IC,0,196739.27564649528,66260.72435350472
168902,1,217000.0,Master,M,3,154170,engineering,IC,0,IC,0,243469.85093906373,-26469.850939063734
36829,0,77000.0,Bachelor,F,1,126515,HR,IC,0,IC,0,77771.4712925606,-771.4712925606
109328,1,134000.0,Master,M,1,4259,engineering,IC,0,IC,0,250966.59465767271,-116966.59465767271
190447,0,296000.0,Master,F,4,168342,engineering,IC,0,IC,0,241976.73593625068,54023.26406374932
175921,0,274000.0,Bachelor,F,9,181219,marketing,IC,0,IC,0,201873.6424104866,72126.35758951341
175589,0,294000.0,Master,M,2,182116,sales,IC,0,IC,0,196044.60399481485,97955.39600518515
172659,0,305000.0,High_School,M,2,76310,engineering,IC,0,IC,0,226878.35789292358,78121.64210707642
105382,1,185000.0,Bachelor,M,4,98520,marketing,IC,0,IC,0,200432.63893380418,-15432.638933804177
111272,0,211000.0,PhD,M,3,177166,engineering,IC,0,IC,0,244594.82101961187,-33594.821019611874
41916,0,203000.0,High_School,F,4,84230,marketing,IC,0,IC,0,201724.40649176008,1275.5935082399228
138432,1,134000.0,PhD,M,8,41945,sales,MM,11,MM,11,167553.06570673815,-33553.065706738154
125001,0,253000.0,PhD,F,6,127266,marketing,IC,0,IC,0,205528.0855651748,47471.91443482519
97401,0,84000.0,Bachelor,F,7,175548,HR,IC,0,IC,0,79025.13326882306,4974.866731176939
57714,0,322000.0,PhD,M,5,57938,engineering,IC,0,IC,0,243058.35787352896,78941.64212647104
152,0,96000.0,Master,M,2,81421,HR,IC,0,IC,0,75830.80845334244,20169.19154665756
98196,0,175000.0,High_School,M,3,102815,sales,IC,0,IC,0,193926.29331709526,-18926.29331709526
39808,0,216000.0,Master,M,3,96664,marketing,IC,0,IC,0,195418.4685635701,20581.531436429912
195996,0,67000.0,Master,M,4,51121,HR,IC,0,IC,0,85034.65160610934,-18034.651606109343
147795,0,65000.0,PhD,F,9,135804,HR,IC,0,IC,0,76268.39358347576,-11268.393583475758
165864,0,94000.0,PhD,F,4,62298,HR,IC,0,IC,0,82462.33964853613,11537.66035146387
5675,1,136000.0,Bachelor,M,1,39417,engineering,IC,0,IC,0,241459.58846692662,-105459.58846692662
57499,0,157000.0,Bachelor,M,9,129410,sales,IC,0,IC,0,177275.39610331308,-20275.396103313076
31396,1,188000.0,High_School,M,6,77844,sales,IC,0,IC,0,193059.48051434927,-5059.48051434927
160511,0,283000.0,PhD,M,8,121233,marketing,MM,10,MM,10,215460.9042408872,67539.0957591128
161213,1,288000.0,PhD,F,3,119658,engineering,IC,0,IC,0,266408.7034972524,21591.296502747573
117376,0,93000.0,Bachelor,M,12,192056,HR,MM,7,MM,7,91712.56800976802,1287.431990231984
81110,0,211000.0,High_School,F,2,166729,marketing,IC,0,IC,0,191544.59382960657,19455.406170393428
100774,0,106000.0,Bachelor,F,3,139278,HR,IC,0,IC,0,83591.34611794354,22408.65388205646
80132,1,243000.0,Bachelor,M,5,52525,engineering,IC,0,IC,0,249070.2644405276,-6070.264440527593
95849,0,168000.0,Bachelor,M,2,193452,sales,IC,0,IC,0,196776.30656462905,-28776.30656462905
27410,0,323000.0,High_School,M,2,62161,marketing,IC,0,IC,0,195512.34328319496,127487.65671680504
7153,1,222000.0,Bachelor,M,1,141079,engineering,IC,0,IC,0,241459.58846692662,-19459.588466926623
177377,0,277000.0,Bachelor,F,1,37434,sales,IC,0,IC,0,190803.3928173758,86196.6071826242
148036,1,68000.0,PhD,F,7,78874,sales,IC,0,IC,0,197975.7907995876,-129975.79079958759
75242,0,247000.0,Bachelor,M,5,60121,engineering,MM,11,MM,11,230036.80284834397,16963.19715165603
17060,1,89000.0,Bachelor,M,4,121527,marketing,IC,0,IC,0,200432.63893380418,-111432.63893380418
87889,0,63000.0,High_School,F,2,29733,HR,IC,0,IC,0,84827.81499972833,-21827.814999728333
22987,0,239000.0,PhD,F,1,87613,engineering,IC,0,IC,0,245816.63079848664,-6816.6307984866435
10019,1,115000.0,Bachelor,M,6,195795,sales,IC,0,IC,0,198291.83614469276,-83291.83614469276
88573,1,138000.0,High_School,M,5,75045,marketing,IC,0,IC,0,182313.43331827148,-44313.433318271476
76785,1,228000.0,Bachelor,F,7,67522,sales,IC,0,IC,0,203566.4650379505,24433.53496204951
71269,0,331000.0,Master,F,1,108428,engineering,IC,0,IC,0,251201.8322477962,79798.1677522038
110282,0,80000.0,Bachelor,M,3,74066,engineering,IC,0,IC,0,244492.12806626968,-164492.12806626968
70406,0,229000.0,PhD,M,8,91869,marketing,MM,16,MM,16,210542.06964262878,18457.930357371224
21919,0,153000.0,PhD,F,4,41080,sales,IC,0,IC,0,200837.55383701346,-47837.55383701346
102026,0,102000.0,Bachelor,M,2,40475,sales,MM,10,MM,10,181217.609370184,-79217.60937018401
133105,1,71000.0,PhD,M,8,125114,HR,IC,0,IC,0,71273.27583378745,-273.27583378745476
30924,1,248000.0,PhD,M,2,95522,marketing,IC,0,IC,0,180493.22465190728,67506.77534809272
130518,0,170000.0,PhD,F,3,99121,marketing,IC,0,IC,0,211839.30129742634,-41839.30129742634
178655,1,237000.0,Bachelor,M,2,29410,engineering,IC,0,IC,0,242862.72183744767,-5862.721837447665
189230,0,116000.0,PhD,M,5,101819,engineering,IC,0,IC,0,243058.35787352896,-127058.35787352896
26103,1,333000.0,High_School,M,6,170076,engineering,IC,0,IC,0,206043.43468483628,126956.56531516372
130937,0,112000.0,High_School,M,1,196660,sales,IC,0,IC,0,186739.580228817,-74739.58022881701
173478,1,82000.0,Master,F,6,11507,HR,IC,0,IC,0,96302.4906477283,-14302.490647728293
145078,1,255000.0,High_School,M,2,74170,sales,IC,0,IC,0,197187.20652557365,57812.79347442635
120055,0,317000.0,PhD,M,7,93223,engineering,IC,0,IC,0,243957.16219824034,73042.83780175966
94873,1,257000.0,High_School,M,3,15277,engineering,IC,0,IC,0,246261.9865189567,10738.013481043308
162099,0,186000.0,High_School,F,2,37124,sales,IC,0,IC,0,189874.31344501488,-3874.313445014879
121419,1,272000.0,Master,M,3,3802,engineering,MM,11,MM,11,245617.78159334575,26382.218406654254
189515,1,311000.0,Bachelor,F,7,144928,sales,IC,0,IC,0,203566.4650379505,107433.53496204951
59747,0,194000.0,PhD,F,5,79,sales,IC,0,IC,0,201521.88967796802,-7521.889677968022
17718,0,122000.0,PhD,M,3,77556,HR,IC,0,IC,0,82709.4195275736,39290.5804724264
73303,1,369000.0,Master,M,6,122567,engineering,IC,0,IC,0,229476.66225561104,139523.33774438896
1808,1,280000.0,High_School,M,12,140317,engineering,MM,14,MM,14,271985.4659235691,8014.534076430893
116506,0,293000.0,High_School,F,5,76310,engineering,IC,0,IC,0,260725.3404371225,32274.659562877496
92730,1,89000.0,PhD,F,3,64452,sales,IC,0,IC,0,187415.0410806651,-98415.0410806651
20694,0,208000.0,Bachelor,M,1,20828,marketing,IC,0,IC,0,195298.98660263894,12701.013397361065
189148,0,78000.0,Master,M,11,20378,HR,MM,10,MM,10,87848.62051338144,-9848.620513381436
32880,0,63000.0,PhD,M,1,75705,HR,IC,0,IC,0,77565.84484314994,-14565.844843149942
133528,0,225000.0,Bachelor,M,3,88303,sales,IC,0,IC,0,194528.5959929,30471.404007100005
190024,0,270000.0,High_School,M,5,24071,engineering,IC,0,IC,0,243781.76916131607,26218.23083868393
50152,0,183000.0,PhD,M,3,171499,engineering,IC,0,IC,0,244594.82101961187,-61594.821019611874
134444,1,163000.0,Master,M,5,59862,engineering,IC,0,IC,0,228892.63088194563,-65892.63088194563
151268,0,199000.0,Master,M,3,56451,sales,IC,0,IC,0,195369.80999597523,3630.190004024771
48000,0,120000.0,PhD,M,1,142850,sales,IC,0,IC,0,198908.11730505654,-78908.11730505654
89837,0,136000.0,High_School,M,10,37154,marketing,MM,11,MM,11,162698.38121926822,-26698.381219268224
6350,0,119000.0,Bachelor,M,7,172889,sales,IC,0,IC,0,194389.89332323067,-75389.89332323067
133688,0,62000.0,PhD,M,8,132192,HR,IC,0,IC,0,77217.56023676235,-15217.56023676235
81380,0,134000.0,Bachelor,M,7,141317,sales,IC,0,IC,0,194389.89332323067,-60389.89332323067
133978,0,60000.0,High_School,F,5,174009,HR,IC,0,IC,0,82936.4626631867,-22936.4626631867
11549,0,209000.0,Master,M,1,199184,sales,IC,0,IC,0,198051.2011472294,10948.79885277059
138569,1,148000.0,PhD,F,5,43602,engineering,IC,0,IC,0,235619.31312139722,-87619.31312139722
84303,0,133000.0,Master,F,1,65883,marketing,IC,0,IC,0,191328.91733028728,-58328.91733028728
63783,0,62000.0,Bachelor,F,5,143473,HR,IC,0,IC,0,85695.75736501839,-23695.75736501839
54836,0,281000.0,PhD,F,1,92845,engineering,IC,0,IC,0,245816.63079848664,35183.36920151336
164326,1,235000.0,Master,M,11,193088,sales,MM,12,MM,12,203734.73852459458,31265.261475405423
82621,0,64000.0,Bachelor,M,5,162381,engineering,IC,0,IC,0,237543.49587850232,-173543.49587850232
61907,0,101000.0,PhD,M,3,87707,sales,IC,0,IC,0,197202.7515403313,-96202.75154033129
135793,0,112000.0,High_School,F,3,99139,sales,IC,0,IC,0,191417.9608666185,-79417.9608666185
162466,0,283000.0,High_School,M,1,53109,sales,IC,0,IC,0,186739.580228817,96260.41977118299
150465,0,162000.0,Bachelor,M,2,132399,sales,IC,0,IC,0,196776.30656462905,-34776.30656462905
99022,1,110000.0,PhD,M,1,193518,sales,IC,0,IC,0,193940.69232599234,-83940.69232599234
194217,0,70000.0,High_School,M,3,194904,HR,IC,0,IC,0,86712.65576828775,-16712.655768287746
24834,0,158000.0,PhD,M,2,95169,sales,IC,0,IC,0,201356.5442201449,-43356.54422014489
149189,1,341000.0,Master,M,4,191289,engineering,IC,0,IC,0,235272.1286071889,105727.8713928111
165217,0,161000.0,High_School,M,3,5282,sales,IC,0,IC,0,193926.29331709526,-32926.29331709526
119253,0,339000.0,PhD,F,3,98967,marketing,IC,0,IC,0,211839.30129742634,127160.69870257366
36581,1,211000.0,Master,F,2,1808,engineering,IC,0,IC,0,253356.57931868994,-42356.57931868994
124254,0,215000.0,Bachelor,F,3,76310,engineering,IC,0,IC,0,259876.0519044494,-44876.051904449414
79238,1,209000.0,Master,M,1,164439,marketing,IC,0,IC,0,165989.76505118783,43010.23494881217
76462,0,148000.0,PhD,M,2,191485,sales,IC,0,IC,0,201356.5442201449,-53356.54422014489
7067,1,374000.0,Bachelor,M,7,169664,engineering,IC,0,IC,0,261589.3707799731,112410.6292200269
155902,0,264000.0,Bachelor,M,4,181886,sales,IC,0,IC,0,193264.55968086384,70735.44031913616
60442,0,213000.0,Bachelor,M,5,134658,sales,IC,0,IC,0,195038.08580704563,17961.91419295437
99680,0,173000.0,High_School,F,4,91254,marketing,IC,0,IC,0,201724.40649176008,-28724.406491760077
105386,1,86000.0,Master,F,2,196490,HR,IC,0,IC,0,85628.79233395943,371.2076660405728
16420,0,304000.0,Bachelor,F,8,37434,sales,IC,0,IC,0,186122.77628616313,117877.22371383687
94016,0,386000.0,Bachelor,M,4,186086,engineering,IC,0,IC,0,245313.12529643642,140686.87470356358
185640,0,240000.0,High_School,F,4,182531,sales,IC,0,IC,0,198949.1492696776,41050.85073032239
88590,0,83000.0,PhD,F,6,125114,HR,IC,0,IC,0,80224.81814815088,2775.18185184912
42056,0,73000.0,PhD,F,5,125114,HR,IC,0,IC,0,81307.52954187465,-8307.529541874654
159650,0,166000.0,PhD,M,4,69903,engineering,IC,0,IC,0,241182.17333249372,-75182.17333249372
180285,0,223000.0,High_School,M,6,136147,sales,IC,0,IC,0,190398.68369662002,32601.31630337998
159051,0,80000.0,PhD,M,1,27718,HR,IC,0,IC,0,77565.84484314994,2434.155156850058
11650,0,67000.0,PhD,F,1,29508,HR,IC,0,IC,0,87076.16641899414,-20076.166418994137
145829,0,107000.0,High_School,M,1,131620,sales,IC,0,IC,0,186739.580228817,-79739.58022881701
85896,0,328000.0,Master,M,1,47472,engineering,IC,0,IC,0,253167.61103592915,74832.38896407085
57275,1,218000.0,Bachelor,M,3,147249,engineering,IC,0,IC,0,238207.9962027491,-20207.996202749113
135938,0,81000.0,Master,F,5,150189,HR,IC,0,IC,0,83499.17048362638,-2499.1704836263816
108622,0,93000.0,PhD,M,4,109254,sales,IC,0,IC,0,194705.84234154952,-101705.84234154952
3260,1,151000.0,PhD,M,2,33814,engineering,MM,9,MM,9,194041.2163988662,-43041.21639886621
122023,0,83000.0,PhD,F,6,80043,HR,IC,0,IC,0,80224.81814815088,2775.18185184912
81166,0,223000.0,Bachelor,M,2,162035,sales,IC,0,IC,0,196776.30656462905,26223.69343537095
123373,0,80000.0,Bachelor,M,4,68222,HR,IC,0,IC,0,85853.00043622433,-5853.000436224334
193493,0,147000.0,Bachelor,F,1,15277,engineering,IC,0,IC,0,221439.98962197226,-74439.98962197226
158374,0,139000.0,PhD,M,4,34714,sales,IC,0,IC,0,194705.84234154952,-55705.84234154952
92475,0,125000.0,High_School,M,5,110508,engineering,IC,0,IC,0,243781.76916131607,-118781.76916131607
105395,0,248000.0,Bachelor,M,4,17837,engineering,MM,6,MM,6,244076.68150478945,3923.318495210551
199184,1,105000.0,Master,M,6,66119,sales,MM,15,MM,15,175964.9090911363,-70964.9090911363
71120,0,116000.0,PhD,F,1,154375,HR,IC,0,IC,0,87076.16641899414,28923.833581005863
151205,1,183000.0,High_School,M,6,134658,sales,IC,0,IC,0,193059.48051434927,-10059.48051434927
29253,1,274000.0,PhD,M,2,167650,engineering,IC,0,IC,0,237027.23882378358,36972.761176216416
33188,0,99000.0,PhD,F,5,90834,sales,IC,0,IC,0,201521.88967796802,-102521.88967796802
14339,0,133000.0,PhD,M,2,68821,engineering,IC,0,IC,0,239738.82647541008,-106738.82647541008
147062,0,91000.0,Master,F,3,140838,HR,IC,0,IC,0,83947.66681572703,7052.333184272968
21555,1,214000.0,Bachelor,F,4,156927,marketing,IC,0,IC,0,207278.65164912542,6721.348350874585
3737,0,86000.0,Master,F,3,98931,marketing,IC,0,IC,0,191708.4988256018,-105708.4988256018
77448,0,229000.0,Bachelor,F,2,158777,marketing,IC,0,IC,0,195854.82935350726,33145.17064649274
128031,1,370000.0,Master,F,2,18312,engineering,IC,0,IC,0,253356.57931868994,116643.42068131006
145268,0,93000.0,High_School,F,2,129778,HR,IC,0,IC,0,84827.81499972833,8172.185000271667
111850,0,221000.0,Master,F,5,55883,engineering,IC,0,IC,0,237036.2608257125,-16036.260825712496
69550,1,294000.0,PhD,F,20,74062,marketing,D,60,D,60,244893.92379679144,49106.07620320856
165424,0,83000.0,High_School,F,2,119231,HR,IC,0,IC,0,84827.81499972833,-1827.8149997283326
58946,0,66000.0,High_School,F,2,97422,HR,IC,0,IC,0,84827.81499972833,-18827.814999728333
148358,0,395000.0,Bachelor,F,6,159098,engineering,IC,0,IC,0,270179.264244216,124820.73575578397
16419,1,67000.0,PhD,F,2,41808,HR,IC,0,IC,0,76876.70287676553,-9876.702876765528
47730,1,79000.0,High_School,M,3,5222,sales,IC,0,IC,0,184716.40600900303,-105716.40600900303
18312,0,84000.0,Master,M,11,147555,engineering,MM,10,MM,10,169737.60069007613,-85737.60069007613
144810,0,181000.0,Master,F,4,182531,sales,IC,0,IC,0,198453.75863186418,-17453.758631864184
146500,0,298000.0,Master,F,2,165442,sales,IC,0,IC,0,192912.71319514548,105087.28680485452
57124,0,308000.0,Bachelor,M,1,192369,sales,IC,0,IC,0,179465.38885958475,128534.61114041525
126609,1,298000.0,Master,M,1,73489,sales,IC,0,IC,0,194883.36343501264,103116.63656498736
61377,1,205000.0,Bachelor,M,5,119991,engineering,IC,0,IC,0,249070.2644405276,-44070.26444052759
182995,0,180000.0,Master,M,2,172947,marketing,IC,0,IC,0,189747.8553120937,-9747.855312093714
123190,0,197000.0,PhD,M,4,133420,sales,IC,0,IC,0,194705.84234154952,2294.15765845048
118885,1,134000.0,Bachelor,F,2,190566,marketing,IC,0,IC,0,171278.59057555642,-37278.590575556416
197315,0,270000.0,PhD,M,3,113578,marketing,IC,0,IC,0,204409.410789578,65590.58921042201
71379,0,65000.0,Bachelor,F,7,168415,HR,IC,0,IC,0,79025.13326882306,-14025.133268823061
190551,0,332000.0,High_School,M,1,119658,engineering,IC,0,IC,0,231847.76096461926,100152.23903538074
19703,0,190000.0,High_School,M,1,132026,marketing,IC,0,IC,0,181617.3790151326,8382.62098486739
126119,0,212000.0,PhD,M,4,79193,sales,IC,0,IC,0,194705.84234154952,17294.15765845048
61593,0,142000.0,High_School,M,8,55858,engineering,IC,0,IC,0,238267.1345341716,-96267.13453417161
193032,1,137000.0,PhD,F,1,179459,marketing,IC,0,IC,0,183636.80504243038,-46636.80504243038
150634,0,359000.0,PhD,M,2,175558,engineering,IC,0,IC,0,239738.82647541008,119261.17352458992
119085,1,117000.0,PhD,M,2,23120,marketing,IC,0,IC,0,180493.22465190728,-63493.22465190728
70153,0,89000.0,Master,F,4,130135,HR,IC,0,IC,0,79232.74241669648,9767.257583303523
17604,1,123000.0,High_School,F,2,181886,sales,IC,0,IC,0,195457.00986642178,-72457.00986642178
105315,0,100000.0,PhD,M,4,181421,sales,IC,0,IC,0,194705.84234154952,-94705.84234154952
25130,0,222000.0,Master,F,4,92845,engineering,IC,0,IC,0,241976.73593625068,-19976.735936250683
193818,0,123000.0,Bachelor,F,8,136905,HR,MM,12,MM,12,101751.15742511667,21248.842574883325
96475,1,237000.0,High_School,M,3,64724,marketing,IC,0,IC,0,191326.7881611632,45673.21183883681
21846,0,96000.0,Master,M,4,102026,sales,IC,0,IC,0,194695.32052053208,-98695.32052053208
185945,0,171000.0,PhD,M,5,127266,marketing,IC,0,IC,0,203274.43239263128,-32274.43239263128
192348,0,380000.0,PhD,F,5,142926,engineering,IC,0,IC,0,253630.17097182493,126369.82902817507
51159,0,88000.0,High_School,M,3,109102,sales,IC,0,IC,0,193926.29331709526,-105926.29331709526
104596,0,222000.0,Bachelor,M,1,180924,marketing,IC,0,IC,0,195298.98660263894,26701.013397361065
63134,0,204000.0,Bachelor,M,2,71945,engineering,IC,0,IC,0,238810.46474319053,-34810.46474319053
40132,1,382000.0,Bachelor,M,15,190801,engineering,D,23,D,23,293199.44444444444,88800.55555555556
199398,1,80000.0,Bachelor,M,1,82698,sales,IC,0,IC,0,180018.0883550749,-100018.0883550749
72699,0,246000.0,PhD,F,3,179212,marketing,IC,0,IC,0,211839.30129742634,34160.69870257366
101808,1,396000.0,PhD,M,1,79807,engineering,IC,0,IC,0,238639.5918970931,157360.4081029069
49638,0,152000.0,PhD,F,3,164439,marketing,IC,0,IC,0,211839.30129742634,-59839.30129742634
23798,1,289000.0,Bachelor,M,6,74170,sales,IC,0,IC,0,198291.83614469276,90708.16385530724
140228,0,131000.0,Bachelor,F,5,113578,marketing,IC,0,IC,0,197905.0051527127,-66905.00515271269
132939,0,247000.0,Bachelor,M,7,65126,marketing,IC,0,IC,0,193088.13778393113,53911.86221606887
52889,0,144000.0,PhD,F,3,147106,sales,IC,0,IC,0,195546.71190949707,-51546.71190949707
23095,0,182000.0,Master,F,4,102632,marketing,IC,0,IC,0,198018.38231216176,-16018.38231216176
199439,0,186000.0,PhD,M,3,161132,marketing,IC,0,IC,0,204409.410789578,-18409.41078957799
94507,0,227000.0,Master,M,14,145161,engineering,MM,13,MM,13,228464.87893708737,-1464.878937087371
64858,0,80000.0,High_School,F,5,24015,HR,MM,9,MM,9,78682.54969335755,1317.4503066424513
15851,0,166000.0,PhD,M,1,20901,engineering,IC,0,IC,0,245381.45541854406,-79381.45541854406
22980,0,184000.0,PhD,M,6,68821,engineering,IC,0,IC,0,247728.11200962216,-63728.11200962216
102,1,238000.0,High_School,M,5,1050,engineering,IC,0,IC,0,236496.90072376418,1503.099276235822
181537,0,175000.0,Bachelor,F,1,140542,sales,IC,0,IC,0,190803.3928173758,-15803.392817375803
116211,1,261000.0,PhD,F,6,56451,sales,IC,0,IC,0,196640.35002037467,64359.649979625334
122620,0,297000.0,PhD,F,7,4440,marketing,IC,0,IC,0,207668.74857349895,89331.25142650105
70786,1,66000.0,Bachelor,F,2,103884,HR,IC,0,IC,0,79092.27542418573,-13092.275424185733
143033,0,311000.0,High_School,F,3,183528,engineering,IC,0,IC,0,253399.05649762868,57600.943502371316
8741,1,181000.0,PhD,F,5,142926,engineering,IC,0,IC,0,235619.31312139722,-54619.31312139722
112524,0,186000.0,PhD,M,1,198879,sales,IC,0,IC,0,198908.11730505654,-12908.117305056541
190747,0,84000.0,PhD,F,5,9400,HR,IC,0,IC,0,81307.52954187465,2692.4704581253463
96671,0,109000.0,Bachelor,M,1,179212,marketing,IC,0,IC,0,195298.98660263894,-86298.98660263894
83634,0,112000.0,Bachelor,M,3,127769,engineering,IC,0,IC,0,244492.12806626968,-132492.12806626968
172947,0,254000.0,Bachelor,M,4,166741,marketing,MM,3,MM,3,200157.56438726588,53842.435612734116
191604,1,213000.0,High_School,F,2,111082,sales,IC,0,IC,0,195457.00986642178,17542.99013357822
164573,0,262000.0,Bachelor,F,3,177166,engineering,IC,0,IC,0,259876.0519044494,2123.948095550586
90214,0,92000.0,PhD,F,6,4384,HR,IC,0,IC,0,80224.81814815088,11775.18185184912
52951,0,204000.0,Master,F,1,54997,sales,IC,0,IC,0,177865.95495298997,26134.045047010033
66149,0,229000.0,High_School,M,1,21470,marketing,IC,0,IC,0,181617.3790151326,47382.62098486739
18699,0,198000.0,Bachelor,M,6,111082,sales,IC,0,IC,0,193558.3030501584,4441.6969498416
14618,0,136000.0,Bachelor,F,2,98419,marketing,IC,0,IC,0,195854.82935350726,-59854.82935350726
121721,1,353000.0,Bachelor,F,4,127623,engineering,IC,0,IC,0,250652.48560468346,102347.51439531654
131280,0,289000.0,PhD,F,3,41335,engineering,IC,0,IC,0,250494.2058762398,38505.79412376019
29072,1,231000.0,PhD,M,1,193621,sales,IC,0,IC,0,193940.69232599234,37059.307674007665
16241,0,101000.0,PhD,M,3,87733,sales,IC,0,IC,0,197202.7515403313,-96202.75154033129
162085,1,175000.0,High_School,M,5,90639,marketing,IC,0,IC,0,182313.43331827148,-7313.433318271476
62167,0,130000.0,Master,F,3,126515,HR,IC,0,IC,0,83947.66681572703,46052.33318427297
99397,0,120000.0,Bachelor,M,16,71889,HR,D,46,D,46,121815.0,-1815.0
14967,0,190000.0,Bachelor,M,3,182996,sales,IC,0,IC,0,194528.5959929,-4528.595992899995
129633,0,289000.0,Master,M,9,118769,engineering,IC,0,IC,0,295618.88369852403,-6618.883698524034
197896,0,84000.0,PhD,F,11,110260,HR,MM,13,MM,13,99448.05180206268,-15448.051802062677
36597,1,322000.0,Master,F,2,88936,sales,IC,0,IC,0,198517.56692485747,123482.43307514253
82543,1,315000.0,High_School,M,4,110091,engineering,IC,0,IC,0,265464.78858191444,49535.21141808556
174342,1,253000.0,Bachelor,F,2,42096,sales,IC,0,IC,0,192222.09002881806,60777.90997118194
191279,1,243000.0,PhD,M,1,154891,engineering,IC,0,IC,0,238639.5918970931,4360.408102906891
96170,0,169000.0,PhD,M,6,118329,sales,IC,0,IC,0,194022.9025924341,-25022.90259243411
113965,1,305000.0,High_School,M,2,92765,engineering,IC,0,IC,0,231965.8322813009,73034.16771869909
100278,0,62000.0,Bachelor,F,2,21086,HR,IC,0,IC,0,86599.55002878579,-24599.550028785787
21163,0,94000.0,High_School,F,5,43704,HR,IC,0,IC,0,82936.4626631867,11063.5373368133
94750,1,279000.0,Bachelor,M,1,37434,sales,IC,0,IC,0,180018.0883550749,98981.9116449251
179352,0,201000.0,High_School,M,4,165717,sales,IC,0,IC,0,192668.28755272523,8331.712447274767
120833,0,75000.0,PhD,M,4,172717,HR,IC,0,IC,0,86837.11909178048,-11837.119091780478
2433,0,182000.0,PhD,F,2,112750,engineering,IC,0,IC,0,245586.57159200107,-63586.57159200107
11291,0,222000.0,Master,F,7,80128,sales,IC,0,IC,0,194228.1761660175,27771.82383398249
72846,0,94000.0,Master,F,4,100373,HR,IC,0,IC,0,79232.74241669648,14767.257583303523
131236,0,68000.0,Bachelor,M,2,21086,HR,IC,0,IC,0,83618.18616664072,-15618.18616664072
143306,0,181000.0,Bachelor,M,2,2644,sales,IC,0,IC,0,196776.30656462905,-15776.306564629049
151768,1,226000.0,Bachelor,M,3,160476,sales,IC,0,IC,0,189257.1654400931,36742.834559906914
38198,0,91000.0,Bachelor,F,1,171461,HR,IC,0,IC,0,77771.4712925606,13228.5287074394
75268,1,71000.0,Bachelor,F,1,140393,engineering,IC,0,IC,0,217588.1074776503,-146588.1074776503
32268,0,202000.0,PhD,M,4,16510,sales,IC,0,IC,0,194705.84234154952,7294.15765845048
23751,0,272000.0,Master,M,1,187053,engineering,IC,0,IC,0,253167.61103592915,18832.38896407085
138285,0,194000.0,Bachelor,M,8,114572,marketing,IC,0,IC,0,190835.4442587671,3164.555741232907
158823,1,393000.0,Bachelor,M,5,63785,engineering,IC,0,IC,0,249070.2644405276,143929.7355594724
121706,1,274000.0,High_School,F,1,77844,sales,IC,0,IC,0,175018.73009809814,98981.26990190186
180060,0,176000.0,Master,M,5,145710,engineering,IC,0,IC,0,241342.61319268073,-65342.61319268073
144732,0,70000.0,Master,F,1,169849,HR,IC,0,IC,0,82364.56846565497,-12364.568465654971
191391,1,125000.0,Master,M,20,138045,marketing,D,38,D,38,252581.39047376328,-127581.39047376328
15367,1,252000.0,Bachelor,F,1,59705,sales,IC,0,IC,0,188276.224715987,63723.77528401301
38184,0,188000.0,High_School,M,1,147103,engineering,IC,0,IC,0,231847.76096461926,-43847.76096461926
140984,0,252000.0,Master,M,6,192369,sales,IC,0,IC,0,192430.58157034806,59569.41842965194
29161,0,309000.0,High_School,M,1,110878,engineering,IC,0,IC,0,231847.76096461926,77152.23903538074
182243,0,278000.0,Bachelor,M,4,65883,marketing,IC,0,IC,0,192298.8865953424,85701.1134046576
117334,0,78000.0,Master,F,4,62298,HR,IC,0,IC,0,79232.74241669648,-1232.7424166964774
127997,1,210000.0,PhD,F,4,72965,sales,IC,0,IC,0,201771.61572670785,8228.384273292148
149352,1,64000.0,Master,F,6,43704,HR,IC,0,IC,0,96302.4906477283,-32302.490647728293
10913,1,197000.0,High_School,M,1,156010,engineering,IC,0,IC,0,201743.7749494076,-4743.774949407612
35610,0,313000.0,Bachelor,F,8,144928,sales,IC,0,IC,0,186122.77628616313,126877.22371383687
145830,1,267000.0,Master,M,1,59705,sales,IC,0,IC,0,194883.36343501264,72116.63656498736
158253,0,62000.0,Master,F,2,94447,HR,IC,0,IC,0,82960.55864883834,-20960.55864883834
124842,1,128000.0,Bachelor,M,3,90639,marketing,IC,0,IC,0,188192.39140789176,-60192.39140789176
72928,0,253000.0,PhD,M,5,120638,engineering,IC,0,IC,0,243058.35787352896,9941.642126471037
94173,0,93000.0,Bachelor,M,4,73254,HR,IC,0,IC,0,85853.00043622433,7146.999563775666
31506,0,209000.0,PhD,M,5,53390,sales,IC,0,IC,0,192559.0137282462,16440.98627175379
102102,0,203000.0,Master,M,2,78493,sales,MM,11,MM,11,179105.13979432324,23894.860205676756
43079,1,316000.0,PhD,M,5,112302,engineering,IC,0,IC,0,234389.674076652,81610.32592334799
196556,0,153000.0,Bachelor,M,5,52319,sales,IC,0,IC,0,195038.08580704563,-42038.08580704563
199282,0,311000.0,Master,M,11,82419,marketing,MM,12,MM,12,224483.8906017686,86516.1093982314
13272,1,160000.0,Bachelor,M,4,81490,sales,IC,0,IC,0,200945.03521904073,-40945.03521904073
69536,1,255000.0,Master,M,4,138432,sales,IC,0,IC,0,193172.76047413386,61827.23952586614
148032,1,145000.0,High_School,M,3,172989,sales,MM,19,MM,19,166647.74611467612,-21647.74611467612
180706,1,187000.0,Master,M,4,94507,engineering,IC,0,IC,0,235272.1286071889,-48272.128607188904
114784,0,176000.0,PhD,M,5,188118,sales,IC,0,IC,0,192559.0137282462,-16559.01372824621
44421,1,231000.0,Bachelor,F,2,8856,marketing,IC,0,IC,0,171278.59057555642,59721.409424443584
99606,0,313000.0,High_School,M,2,14299,engineering,IC,0,IC,0,226878.35789292358,86121.64210707642
52665,0,159000.0,Bachelor,M,5,103981,marketing,IC,0,IC,0,192321.90017747923,-33321.90017747923
175365,1,128000.0,Master,F,2,166741,marketing,MM,13,MM,13,199525.8883960593,-71525.88839605931
172899,1,91000.0,Bachelor,M,4,65883,marketing,IC,0,IC,0,200432.63893380418,-109432.63893380418
2905,0,198000.0,PhD,M,4,8711,marketing,IC,0,IC,0,210382.93359964158,-12382.933599641576
18030,0,139000.0,PhD,M,1,172246,sales,IC,0,IC,0,198908.11730505654,-59908.11730505654
109517,0,159000.0,PhD,M,2,46997,sales,IC,0,IC,0,201356.5442201449,-42356.54422014489
15253,0,168000.0,PhD,F,5,130204,marketing,IC,0,IC,0,207892.75710233356,-39892.75710233356
155241,0,105000.0,PhD,F,4,130204,marketing,IC,0,IC,0,215242.36812769604,-110242.36812769604
2737,0,189000.0,PhD,M,4,186086,engineering,IC,0,IC,0,241182.17333249372,-52182.17333249372
161230,0,98000.0,Master,F,2,81421,HR,IC,0,IC,0,82960.55864883834,15039.441351161659
146159,0,195000.0,Bachelor,M,3,7966,sales,IC,0,IC,0,194528.5959929,471.4040071000054
81362,1,285000.0,Bachelor,M,1,5875,marketing,IC,0,IC,0,169925.83131011992,115074.16868988008
132866,0,75000.0,PhD,M,4,51331,HR,IC,0,IC,0,86837.11909178048,-11837.119091780478
164761,1,313000.0,PhD,M,4,142926,engineering,IC,0,IC,0,236378.21786726158,76621.78213273842
95149,1,138000.0,PhD,M,3,29410,engineering,IC,0,IC,0,246707.47890110445,-108707.47890110445
155204,0,101000.0,High_School,F,5,71152,HR,IC,0,IC,0,82936.4626631867,18063.5373368133
62707,0,159000.0,Bachelor,F,1,73649,sales,IC,0,IC,0,190803.3928173758,-31803.392817375803
178427,0,284000.0,Bachelor,F,1,91002,marketing,IC,0,IC,0,216750.62192916207,67249.37807083793
188389,0,125000.0,High_School,M,2,72965,sales,IC,0,IC,0,195986.4498613001,-70986.44986130009
141424,0,67000.0,PhD,F,3,123154,HR,IC,0,IC,0,83843.8873054549,-16843.887305454904
154118,0,278000.0,Master,M,2,26505,marketing,IC,0,IC,0,189747.8553120937,88252.14468790629
118133,0,122000.0,High_School,F,2,66420,HR,IC,0,IC,0,84827.81499972833,37172.18500027167
194121,0,188000.0,PhD,M,15,176367,engineering,D,69,D,69,225649.57234432234,-37649.57234432234
8989,1,98000.0,Master,M,1,198814,marketing,IC,0,IC,0,165989.76505118783,-67989.76505118783
92446,0,120000.0,PhD,M,2,168742,sales,IC,0,IC,0,201356.5442201449,-81356.54422014489
9226,0,95000.0,PhD,M,3,142276,HR,IC,0,IC,0,82709.4195275736,12290.580472426402
179890,1,193000.0,PhD,M,3,129734,engineering,IC,0,IC,0,246707.47890110445,-53707.47890110445
21960,0,70000.0,PhD,F,3,132192,HR,IC,0,IC,0,83843.8873054549,-13843.887305454904
88453,0,281000.0,Bachelor,M,1,55883,engineering,IC,0,IC,0,253447.42674818967,27552.573251810332
128525,1,63000.0,PhD,F,2,64087,HR,IC,0,IC,0,76876.70287676553,-13876.702876765528
181869,0,262000.0,Bachelor,M,5,48912,engineering,IC,0,IC,0,237543.49587850232,24456.50412149768
122759,0,100000.0,Bachelor,M,7,160618,sales,IC,0,IC,0,194389.89332323067,-94389.89332323067
125894,0,89000.0,Master,F,1,97422,HR,IC,0,IC,0,82364.56846565497,6635.431534345029
99521,0,158000.0,High_School,M,3,192369,sales,IC,0,IC,0,193926.29331709526,-35926.29331709526
129790,1,159000.0,Bachelor,M,1,192132,marketing,IC,0,IC,0,169925.83131011992,-10925.831310119916
159164,1,268000.0,PhD,M,7,5743,sales,IC,0,IC,0,197845.63862374052,70154.36137625948
87073,0,132000.0,PhD,M,5,59862,engineering,IC,0,IC,0,243058.35787352896,-111058.35787352896
29343,1,206000.0,Master,M,4,43858,engineering,IC,0,IC,0,235272.1286071889,-29272.128607188904
170643,0,256000.0,PhD,F,5,109671,marketing,IC,0,IC,0,207892.75710233356,48107.24289766644
56869,1,343000.0,Master,F,6,76641,engineering,IC,0,IC,0,248735.70769601924,94264.29230398076
189937,0,307000.0,Bachelor,F,11,55537,engineering,D,78,D,78,242760.9003831418,64239.099616858206
153422,0,269000.0,High_School,M,1,47863,engineering,IC,0,IC,0,231847.76096461926,37152.23903538074
117341,1,258000.0,PhD,M,6,167389,sales,IC,0,IC,0,188866.9788219157,69133.02117808431
113108,0,187000.0,PhD,M,4,7966,sales,IC,0,IC,0,194705.84234154952,-7705.84234154952
15946,0,329000.0,Master,M,1,191495,sales,IC,0,IC,0,198051.2011472294,130948.79885277059
41869,0,212000.0,High_School,M,1,113618,marketing,IC,0,IC,0,181617.3790151326,30382.62098486739
81323,0,392000.0,Master,M,6,69903,engineering,IC,0,IC,0,250298.06490293815,141701.93509706185
65451,0,277000.0,Master,M,18,139032,sales,D,88,D,88,246199.9167740756,30800.083225924405
27378,0,232000.0,Bachelor,M,1,149970,marketing,IC,0,IC,0,195298.98660263894,36701.013397361065
190264,0,304000.0,High_School,M,3,149485,sales,IC,0,IC,0,193926.29331709526,110073.70668290474
83361,0,302000.0,High_School,M,3,191351,marketing,IC,0,IC,0,196140.8951932918,105859.1048067082
150522,0,98000.0,Bachelor,M,2,10786,HR,IC,0,IC,0,83618.18616664072,14381.81383335928
90451,0,184000.0,PhD,M,5,32938,engineering,IC,0,IC,0,243058.35787352896,-59058.35787352896
184130,0,297000.0,Master,M,4,148418,engineering,IC,0,IC,0,241830.84919374806,55169.15080625194
112901,0,133000.0,Bachelor,M,7,109102,sales,IC,0,IC,0,194389.89332323067,-61389.89332323067
187990,1,156000.0,Bachelor,F,5,88007,sales,IC,0,IC,0,202564.03332828608,-46564.03332828608
2870,1,341000.0,Master,F,3,158056,engineering,IC,0,IC,0,245150.29004286497,95849.70995713503
55858,0,190000.0,Master,M,14,119832,engineering,MM,10,MM,10,204388.8268649386,-14388.826864938601
62853,0,164000.0,Master,F,1,71585,sales,IC,0,IC,0,177865.95495298997,-13865.954952989967
154913,0,160000.0,Bachelor,M,6,170431,marketing,IC,0,IC,0,189453.14893188572,-29453.14893188572
8165,0,72000.0,High_School,F,5,141211,HR,IC,0,IC,0,82936.4626631867,-10936.4626631867
83263,0,129000.0,Bachelor,M,1,10922,sales,IC,0,IC,0,179465.38885958475,-50465.38885958475
141090,0,123000.0,PhD,F,2,29410,engineering,IC,0,IC,0,245586.57159200107,-122586.57159200107
108648,0,127000.0,High_School,F,5,153551,sales,IC,0,IC,0,197019.49258701704,-70019.49258701704
56294,1,389000.0,High_School,M,1,183065,engineering,IC,0,IC,0,201743.7749494076,187256.2250505924
38326,1,212000.0,Master,M,1,81811,sales,IC,0,IC,0,194883.36343501264,17116.636564987362
124334,0,66000.0,PhD,M,2,10922,sales,IC,0,IC,0,201356.5442201449,-135356.5442201449
57654,1,243000.0,Bachelor,F,1,149135,engineering,IC,0,IC,0,217588.1074776503,25411.89252234969
43023,0,73000.0,Master,M,2,152960,sales,IC,0,IC,0,196044.60399481485,-123044.60399481485
133236,0,138000.0,High_School,M,4,6536,marketing,IC,0,IC,0,195051.7370391725,-57051.7370391725
100730,0,319000.0,Bachelor,M,1,8198,engineering,IC,0,IC,0,253447.42674818967,65552.57325181033
74635,0,191000.0,High_School,M,1,62161,marketing,IC,0,IC,0,181617.3790151326,9382.62098486739
43773,0,85000.0,Master,F,2,177805,marketing,IC,0,IC,0,190948.4877860469,-105948.4877860469
16785,1,366000.0,Master,M,3,33814,engineering,MM,6,MM,6,287143.45481439756,78856.54518560244
52313,0,207000.0,PhD,F,10,135238,sales,MM,11,MM,11,183795.769994437,23204.230005563004
113635,0,364000.0,PhD,M,3,67151,engineering,IC,0,IC,0,244594.82101961187,119405.17898038813
156015,0,167000.0,PhD,M,1,101484,engineering,IC,0,IC,0,245381.45541854406,-78381.45541854406
37936,0,182000.0,Bachelor,F,3,197832,marketing,IC,0,IC,0,193135.262713467,-11135.262713467004
31063,0,63000.0,Bachelor,F,7,99397,HR,MM,9,MM,9,65456.78106065528,-2456.781060655281
184681,1,185000.0,Bachelor,F,2,154292,engineering,IC,0,IC,0,209125.3162083094,-24125.316208309407
69773,0,85000.0,Bachelor,M,6,181787,marketing,IC,0,IC,0,189453.14893188572,-104453.14893188572
181853,1,339000.0,Master,F,2,58522,engineering,IC,0,IC,0,253356.57931868994,85643.42068131006
45739,0,147000.0,PhD,M,1,168951,sales,IC,0,IC,0,198908.11730505654,-51908.11730505654
185933,0,264000.0,Bachelor,F,7,113124,sales,IC,0,IC,0,202931.0713209912,61068.92867900879
127011,0,230000.0,Bachelor,F,2,34134,sales,IC,0,IC,0,190325.4138625573,39674.586137442704
80435,0,159000.0,PhD,M,5,136861,sales,IC,0,IC,0,192559.0137282462,-33559.01372824621
153357,1,68000.0,Master,M,2,162196,engineering,IC,0,IC,0,233296.97305636574,-165296.97305636574
25891,1,344000.0,Master,M,1,64750,engineering,IC,0,IC,0,250966.59465767271,93033.40534232729
24238,1,289000.0,Master,F,8,73489,sales,IC,0,IC,0,204415.45829782414,84584.54170217586
76435,1,264000.0,Bachelor,F,9,183175,sales,MM,7,MM,7,229620.55145159573,34379.44854840427
88655,0,131000.0,PhD,M,7,171940,marketing,IC,0,IC,0,200395.53867977747,-69395.53867977747
177296,0,144000.0,Master,M,2,186086,engineering,IC,0,IC,0,225404.836709512,-81404.83670951199
81304,0,260000.0,High_School,F,1,51738,engineering,IC,0,IC,0,256554.63123786892,3445.368762131082
188732,0,91000.0,PhD,M,2,169833,HR,IC,0,IC,0,76157.36192109241,14842.638078907592
159197,0,238000.0,Bachelor,M,5,62043,engineering,IC,0,IC,0,237543.49587850232,456.5041214976809
19683,0,149000.0,Master,M,3,142367,sales,IC,0,IC,0,195369.80999597523,-46369.80999597523
82390,0,179000.0,Master,M,2,76073,engineering,IC,0,IC,0,225404.836709512,-46404.83670951199
88370,1,61000.0,Master,M,7,110260,HR,MM,12,MM,12,72701.58418169813,-11701.584181698126
82971,0,142000.0,PhD,M,6,16510,sales,IC,0,IC,0,194022.9025924341,-52022.90259243411
196388,0,275000.0,PhD,M,4,27781,marketing,IC,0,IC,0,210382.93359964158,64617.066400358424
32223,0,234000.0,Bachelor,M,1,5875,marketing,IC,0,IC,0,195298.98660263894,38701.013397361065
11832,0,272000.0,Master,F,1,131063,marketing,IC,0,IC,0,191328.91733028728,80671.08266971272
70809,0,62000.0,PhD,F,2,15768,HR,IC,0,IC,0,81889.77770686249,-19889.777706862486
141508,0,152000.0,PhD,M,1,66591,sales,IC,0,IC,0,198908.11730505654,-46908.11730505654
53572,1,77000.0,PhD,F,4,5743,sales,IC,0,IC,0,201771.61572670785,-124771.61572670785
75193,1,135000.0,PhD,M,3,172889,sales,IC,0,IC,0,182782.6484747099,-47782.64847470989
43706,1,215000.0,PhD,F,2,55883,engineering,IC,0,IC,0,285728.9021753286,-70728.90217532858
127119,0,82000.0,High_School,M,6,71152,HR,IC,0,IC,0,77257.7937290835,4742.206270916504
101061,0,223000.0,High_School,M,7,79934,engineering,IC,0,IC,0,269143.55240585585,-46143.55240585585
118887,0,364000.0,Master,M,5,77766,marketing,IC,0,IC,0,192239.89997562923,171760.10002437077
83700,1,267000.0,PhD,M,1,143317,sales,IC,0,IC,0,193940.69232599234,73059.30767400766
100503,0,182000.0,Master,M,5,183824,engineering,IC,0,IC,0,241342.61319268073,-59342.61319268073
114666,0,257000.0,Bachelor,F,4,12649,engineering,IC,0,IC,0,249423.6982508049,7576.301749195089
121402,0,61000.0,High_School,F,3,194078,marketing,IC,0,IC,0,188217.89882621306,-127217.89882621306
145741,1,174000.0,Bachelor,F,4,193518,sales,IC,0,IC,0,205322.95392083208,-31322.95392083208
147593,0,64000.0,Master,F,7,23737,HR,IC,0,IC,0,80817.69872504385,-16817.698725043854
73573,0,151000.0,PhD,M,8,167877,sales,IC,0,IC,0,166448.08693168403,-15448.086931684025
132109,0,190000.0,High_School,M,2,167877,sales,IC,0,IC,0,195986.4498613001,-5986.449861300091
43628,0,76000.0,PhD,M,6,115591,sales,IC,0,IC,0,194022.9025924341,-118022.90259243411
168336,1,101000.0,Bachelor,F,7,168415,HR,IC,0,IC,0,94785.86769233242,6214.132307667576
83948,0,390000.0,Master,M,2,149135,engineering,IC,0,IC,0,225404.836709512,164595.163290488
32248,0,126000.0,PhD,M,7,34280,sales,D,65,D,65,170690.26919626552,-44690.26919626552
67178,0,77000.0,PhD,M,5,20378,HR,MM,9,MM,9,79091.48423451932,-2091.4842345193174
85308,0,260000.0,Bachelor,M,1,56316,sales,IC,0,IC,0,179465.38885958475,80534.61114041525
167836,0,324000.0,PhD,M,9,7212,marketing,IC,0,IC,0,226125.5163500461,97874.48364995391
154029,0,264000.0,PhD,M,4,119991,engineering,IC,0,IC,0,241182.17333249372,22817.826667506277
186207,1,346000.0,Bachelor,F,3,70547,marketing,IC,0,IC,0,184164.0051782409,161835.9948217591
76846,0,61000.0,Bachelor,F,3,194904,HR,IC,0,IC,0,83591.34611794354,-22591.34611794354
71046,0,296000.0,PhD,M,8,51738,engineering,IC,0,IC,0,261196.27500379895,34803.724996201054
141926,0,363000.0,High_School,F,4,160261,marketing,IC,0,IC,0,201724.40649176008,161275.59350823992
171417,0,166000.0,Master,M,6,120638,engineering,IC,0,IC,0,250298.06490293815,-84298.06490293815
173778,0,106000.0,PhD,F,6,88007,sales,IC,0,IC,0,194169.18557509538,-88169.18557509538
194076,1,256000.0,Master,M,1,168951,sales,IC,0,IC,0,194883.36343501264,61116.63656498736
85701,0,149000.0,High_School,F,5,73649,sales,IC,0,IC,0,197019.49258701704,-48019.49258701704
109102,1,217000.0,PhD,M,2,65451,sales,MM,13,MM,13,191299.68165499083,25700.318345009175
130128,0,139000.0,Master,M,3,113618,marketing,IC,0,IC,0,195418.4685635701,-56418.46856357009
84808,0,231000.0,Bachelor,M,5,98967,marketing,IC,0,IC,0,192321.90017747923,38678.09982252077
51229,1,266000.0,Bachelor,M,5,119658,engineering,IC,0,IC,0,249070.2644405276,16929.735559472407
19135,0,343000.0,Bachelor,M,4,30640,engineering,IC,0,IC,0,245313.12529643642,97686.87470356358
76135,0,209000.0,High_School,M,4,5692,marketing,MM,16,MM,16,207963.84544986088,1036.1545501391229
44800,0,103000.0,Master,F,5,127544,sales,IC,0,IC,0,199991.97931669242,-96991.97931669242
193281,0,137000.0,High_School,F,2,143050,marketing,IC,0,IC,0,191544.59382960657,-54544.59382960657
91254,0,298000.0,PhD,M,8,23830,marketing,MM,7,MM,7,216015.94205867324,81984.05794132676
122905,0,269000.0,Master,M,2,52920,sales,IC,0,IC,0,196044.60399481485,72955.39600518515
72267,0,71000.0,Bachelor,M,1,23100,engineering,IC,0,IC,0,253447.42674818967,-182447.42674818967
43888,0,98000.0,Master,F,5,41808,HR,IC,0,IC,0,83499.17048362638,14500.829516373618
53205,1,240000.0,Bachelor,M,2,178954,engineering,IC,0,IC,0,242862.72183744767,-2862.721837447665
5196,0,143000.0,PhD,M,3,168791,engineering,IC,0,IC,0,244594.82101961187,-101594.82101961187
99085,1,334000.0,Master,F,2,71115,engineering,IC,0,IC,0,253356.57931868994,80643.42068131006
113062,1,143000.0,High_School,M,3,160618,sales,IC,0,IC,0,184716.40600900303,-41716.406009003025
58064,0,147000.0,Master,F,2,138772,sales,IC,0,IC,0,192912.71319514548,-45912.71319514548
89656,0,191000.0,Master,M,5,55431,sales,IC,0,IC,0,196414.1583420818,-5414.1583420817915
121712,1,209000.0,Master,M,5,4394,marketing,IC,0,IC,0,191923.89872502946,17076.10127497054
57314,0,185000.0,Bachelor,M,6,27781,marketing,IC,0,IC,0,189453.14893188572,-4453.14893188572
8627,0,170000.0,Bachelor,M,1,111082,sales,IC,0,IC,0,179465.38885958475,-9465.388859584753
186634,1,81000.0,PhD,M,1,92210,sales,IC,0,IC,0,193940.69232599234,-112940.69232599234
139073,0,284000.0,Master,M,2,181772,sales,IC,0,IC,0,196044.60399481485,87955.39600518515
197010,0,61000.0,Master,F,4,142630,HR,IC,0,IC,0,79232.74241669648,-18232.742416696477
172365,0,299000.0,Master,F,4,103912,sales,IC,0,IC,0,198453.75863186418,100546.24136813582
107213,1,221000.0,Master,M,3,159098,engineering,IC,0,IC,0,243469.85093906373,-22469.850939063734
164141,0,174000.0,Master,F,4,190778,marketing,IC,0,IC,0,198018.38231216176,-24018.38231216176
63757,1,97000.0,PhD,F,3,27781,marketing,IC,0,IC,0,185493.86852960358,-88493.86852960358
145349,0,170000.0,Master,M,5,74066,engineering,IC,0,IC,0,241342.61319268073,-71342.61319268073
120642,0,269000.0,Master,F,4,154170,engineering,IC,0,IC,0,241976.73593625068,27023.264063749317
12869,0,235000.0,PhD,M,3,29410,engineering,IC,0,IC,0,244594.82101961187,-9594.821019611874
131345,0,277000.0,PhD,F,7,90834,sales,IC,0,IC,0,200481.71279382356,76518.28720617644
181353,0,344000.0,Master,M,2,48352,engineering,IC,0,IC,0,225404.836709512,118595.16329048801
45040,0,205000.0,PhD,F,5,95609,sales,IC,0,IC,0,201521.88967796802,3478.1103220319783
186896,1,136000.0,PhD,F,4,142850,sales,IC,0,IC,0,201771.61572670785,-65771.61572670785
56351,0,223000.0,Master,F,2,167877,sales,IC,0,IC,0,192912.71319514548,30087.28680485452
156394,0,103000.0,High_School,F,1,148865,sales,IC,0,IC,0,184712.4239725275,-81712.4239725275
144928,0,60000.0,High_School,M,11,134865,sales,MM,11,MM,11,120974.70865052487,-60974.70865052487
196319,0,94000.0,Bachelor,M,1,141317,sales,IC,0,IC,0,179465.38885958475,-85465.38885958475
160056,0,68000.0,PhD,F,4,29508,HR,IC,0,IC,0,82462.33964853613,-14462.33964853613
133425,1,94000.0,High_School,F,2,123358,sales,IC,0,IC,0,195457.00986642178,-101457.00986642178
17558,0,107000.0,PhD,F,2,110091,engineering,IC,0,IC,0,245586.57159200107,-138586.57159200107
192467,0,209000.0,Master,M,3,156927,marketing,IC,0,IC,0,195418.4685635701,13581.531436429912
25076,0,87000.0,Master,F,2,151005,marketing,IC,0,IC,0,190948.4877860469,-103948.4877860469
34376,1,265000.0,High_School,F,6,10922,sales,IC,0,IC,0,196975.62894127017,68024.37105872983
47170,0,187000.0,Master,M,3,61811,sales,IC,0,IC,0,195369.80999597523,-8369.809995975229
121934,0,158000.0,Bachelor,M,4,116119,marketing,IC,0,IC,0,192298.8865953424,-34298.886595342396
86090,0,119000.0,Master,M,1,175434,sales,IC,0,IC,0,198051.2011472294,-79051.20114722941
2704,1,342000.0,Bachelor,M,4,182556,sales,IC,0,IC,0,200945.03521904073,141054.96478095927
111678,1,153000.0,High_School,F,2,90065,engineering,IC,0,IC,0,174840.34102302935,-21840.341023029352
49237,0,233000.0,PhD,M,6,162035,sales,IC,0,IC,0,194022.9025924341,38977.09740756589
24543,0,177000.0,High_School,M,9,76310,engineering,IC,0,IC,0,205842.60151249412,-28842.60151249412
127549,1,225000.0,PhD,M,5,127275,engineering,IC,0,IC,0,234389.674076652,-9389.674076652009
147819,0,377000.0,Bachelor,F,3,120639,sales,MM,12,MM,12,240465.73314779362,136534.26685220638
143202,0,222000.0,High_School,M,2,76073,engineering,IC,0,IC,0,226878.35789292358,-4878.357892923581
179625,0,73000.0,Master,F,1,140838,HR,IC,0,IC,0,82364.56846565497,-9364.568465654971
22145,1,242000.0,PhD,M,13,134865,sales,MM,7,MM,7,204774.33350987258,37225.66649012742
19381,0,139000.0,Bachelor,M,5,78997,engineering,IC,0,IC,0,237543.49587850232,-98543.49587850232
146244,0,384000.0,PhD,F,1,185976,engineering,IC,0,IC,0,245816.63079848664,138183.36920151336
107694,1,72000.0,PhD,M,9,50665,HR,MM,10,MM,10,84021.73287072839,-12021.732870728389
181080,0,87000.0,PhD,F,1,180925,sales,IC,0,IC,0,184864.59303542023,-97864.59303542023
112997,1,126000.0,Master,F,5,87929,sales,IC,0,IC,0,197527.31097026527,-71527.31097026527
119374,0,73000.0,High_School,F,5,150290,HR,IC,0,IC,0,82936.4626631867,-9936.4626631867
156027,0,335000.0,High_School,M,1,103448,sales,IC,0,IC,0,186739.580228817,148260.419771183
169720,0,72000.0,Master,M,1,32159,sales,IC,0,IC,0,198051.2011472294,-126051.20114722941
30973,0,128000.0,Bachelor,M,4,132309,sales,IC,0,IC,0,193264.55968086384,-65264.55968086384
32288,0,96000.0,High_School,M,1,29733,HR,IC,0,IC,0,91327.03513976384,4672.964860236156
51053,0,162000.0,Master,F,5,105542,marketing,IC,0,IC,0,195556.18676362679,-33556.186763626785
46770,0,127000.0,PhD,M,2,177805,marketing,IC,0,IC,0,198900.55025181093,-71900.55025181093
110846,1,173000.0,Bachelor,M,5,6335,sales,IC,0,IC,0,199879.9083933267,-26879.90839332671
185642,0,115000.0,High_School,M,2,55653,sales,IC,0,IC,0,195986.4498613001,-80986.44986130009
25080,0,82000.0,Bachelor,F,8,43937,HR,IC,0,IC,0,83803.37035013305,-1803.3703501330456
137015,0,191000.0,Bachelor,F,5,102026,sales,IC,0,IC,0,201703.6417993344,-10703.641799334408
44068,0,229000.0,Bachelor,M,3,110878,engineering,IC,0,IC,0,244492.12806626968,-15492.12806626968
128938,0,397000.0,Master,M,3,64750,engineering,IC,0,IC,0,244073.52979870792,152926.47020129208
33060,0,111000.0,High_School,F,3,78516,sales,IC,0,IC,0,191417.9608666185,-80417.9608666185
68318,1,225000.0,High_School,F,1,51293,sales,IC,0,IC,0,175018.73009809814,49981.26990190186
136646,0,213000.0,Master,M,5,56451,sales,IC,0,IC,0,196414.1583420818,16585.84165791821
159098,0,183000.0,PhD,F,4,5342,engineering,MM,22,MM,22,206622.35149572647,-23622.35149572647
104329,0,134000.0,Master,M,8,61988,engineering,IC,0,IC,0,248887.05893000934,-114887.05893000934
49751,1,184000.0,Master,F,7,49729,sales,IC,0,IC,0,195354.41435062292,-11354.414350622916
49161,0,273000.0,PhD,M,1,5374,sales,IC,0,IC,0,198908.11730505654,74091.88269494346
85722,0,146000.0,Master,M,7,116119,marketing,IC,0,IC,0,184687.5348280426,-38687.53482804261
58583,1,328000.0,High_School,F,3,144976,sales,IC,0,IC,0,206475.92737872282,121524.07262127718
91124,0,155000.0,PhD,M,4,167941,sales,MM,7,MM,7,184263.35571929681,-29263.355719296815
60394,0,87000.0,Master,F,2,22977,HR,IC,0,IC,0,82960.55864883834,4039.4413511616585
189125,0,209000.0,Bachelor,M,3,79,sales,IC,0,IC,0,194528.5959929,14471.404007100005
112784,1,252000.0,Bachelor,M,1,147249,engineering,IC,0,IC,0,241459.58846692662,10540.411533073377
124697,1,143000.0,Master,F,4,49729,sales,IC,0,IC,0,196357.1254950726,-53357.1254950726
185962,1,153000.0,Bachelor,F,1,95522,marketing,IC,0,IC,0,200189.67771152535,-47189.67771152535
150250,0,199000.0,PhD,M,3,73663,marketing,IC,0,IC,0,204409.410789578,-5409.410789577989
188171,1,82000.0,Bachelor,M,1,139180,marketing,IC,0,IC,0,169925.83131011992,-87925.83131011992
114526,0,171000.0,Bachelor,M,1,30640,engineering,IC,0,IC,0,253447.42674818967,-82447.42674818967
121791,0,144000.0,PhD,M,3,146473,marketing,IC,0,IC,0,204409.410789578,-60409.41078957799
97146,0,131000.0,High_School,F,2,46957,sales,IC,0,IC,0,189874.31344501488,-58874.31344501488
149380,1,378000.0,PhD,M,6,122145,engineering,IC,0,IC,0,225989.68999128733,152010.31000871267
41909,1,89000.0,High_School,M,3,168797,marketing,IC,0,IC,0,191326.7881611632,-102326.78816116319
38033,0,109000.0,High_School,F,1,181996,engineering,IC,0,IC,0,256554.63123786892,-147554.63123786892
36629,0,124000.0,High_School,F,3,198624,HR,IC,0,IC,0,85386.80778186422,38613.19221813578
85006,0,295000.0,High_School,M,3,127544,sales,IC,0,IC,0,193926.29331709526,101073.70668290474
10109,0,296000.0,PhD,F,1,127544,sales,IC,0,IC,0,184864.59303542023,111135.40696457977
144435,0,139000.0,High_School,M,2,79934,engineering,IC,0,IC,0,226878.35789292358,-87878.35789292358
43213,0,63000.0,PhD,M,3,174009,HR,IC,0,IC,0,82709.4195275736,-19709.4195275736
41352,1,181000.0,Master,M,4,77844,sales,IC,0,IC,0,193172.76047413386,-12172.760474133858
199698,0,204000.0,High_School,M,1,73106,engineering,IC,0,IC,0,231847.76096461926,-27847.760964619258
63435,0,361000.0,High_School,F,5,108428,engineering,IC,0,IC,0,260725.3404371225,100274.6595628775
98413,1,314000.0,Master,M,3,87762,sales,IC,0,IC,0,188351.1977603531,125648.8022396469
89862,0,284000.0,Master,M,3,134944,sales,IC,0,IC,0,195369.80999597523,88630.19000402477
8145,0,243000.0,PhD,M,2,69379,sales,IC,0,IC,0,201356.5442201449,41643.45577985511
130204,0,224000.0,PhD,M,8,115907,marketing,MM,9,MM,9,216808.32993221647,7191.670067783532
31646,1,278000.0,Bachelor,M,6,53109,sales,IC,0,IC,0,198291.83614469276,79708.16385530724
38822,0,195000.0,PhD,M,1,60489,marketing,IC,0,IC,0,195577.15476246577,-577.1547624657687
99321,0,136000.0,Master,M,1,55883,engineering,IC,0,IC,0,253167.61103592915,-117167.61103592915
64131,0,251000.0,PhD,M,1,27781,marketing,IC,0,IC,0,195577.15476246577,55422.84523753423
80820,1,154000.0,Bachelor,M,4,19806,sales,IC,0,IC,0,200945.03521904073,-46945.03521904073
68984,1,142000.0,Bachelor,M,1,7966,sales,IC,0,IC,0,180018.0883550749,-38018.0883550749
160233,0,230000.0,Bachelor,M,5,168951,sales,IC,0,IC,0,195038.08580704563,34961.91419295437
54251,0,83000.0,Bachelor,M,3,126368,sales,IC,0,IC,0,194528.5959929,-111528.5959929
192806,1,274000.0,Master,F,3,48120,engineering,IC,0,IC,0,245150.29004286497,28849.709957135026
184582,1,114000.0,Bachelor,F,1,198240,sales,IC,0,IC,0,188276.224715987,-74276.22471598699
187055,1,138000.0,Master,M,5,8711,marketing,IC,0,IC,0,191923.89872502946,-53923.89872502946
82657,0,368000.0,High_School,F,12,171907,sales,MM,12,MM,12,171781.94787553194,196218.05212446806
6474,0,294000.0,High_School,M,4,90639,marketing,IC,0,IC,0,195051.7370391725,98948.2629608275
92936,1,238000.0,High_School,M,4,53012,marketing,IC,0,IC,0,183760.25765752327,54239.74234247673
131264,1,63000.0,High_School,F,5,39231,HR,IC,0,IC,0,69404.2745037112,-6404.274503711204
170821,1,227000.0,Bachelor,M,4,198879,sales,IC,0,IC,0,200945.03521904073,26054.96478095927
177864,0,66000.0,Master,M,4,94683,marketing,IC,0,IC,0,194518.27840682067,-128518.27840682067
162617,1,248000.0,PhD,M,5,26183,sales,IC,0,IC,0,191458.68923493737,56541.31076506263
123376,0,111000.0,PhD,F,4,97422,HR,IC,0,IC,0,82462.33964853613,28537.66035146387
185603,1,271000.0,High_School,M,2,15277,engineering,IC,0,IC,0,231965.8322813009,39034.167718699086
178561,1,287000.0,Bachelor,M,2,145126,sales,IC,0,IC,0,198429.69040148894,88570.30959851106
90238,0,204000.0,Master,M,4,178314,marketing,IC,0,IC,0,194518.27840682067,9481.721593179333
56363,0,65000.0,Master,F,2,77556,HR,IC,0,IC,0,82960.55864883834,-17960.55864883834
170922,0,132000.0,PhD,M,10,129381,sales,MM,8,MM,8,180671.45825176183,-48671.458251761826
27656,0,147000.0,Master,M,2,81490,sales,IC,0,IC,0,196044.60399481485,-49044.603994814854
78902,0,334000.0,PhD,M,1,5743,sales,IC,0,IC,0,198908.11730505654,135091.88269494346
41589,1,154000.0,PhD,F,2,48877,marketing,IC,0,IC,0,178705.9724548009,-24705.97245480091
47697,0,166000.0,Bachelor,F,7,152791,sales,IC,0,IC,0,202931.0713209912,-36931.07132099121
167243,0,144000.0,PhD,M,4,148984,sales,IC,0,IC,0,194705.84234154952,-50705.84234154952
172741,0,96000.0,Bachelor,M,4,7349,marketing,IC,0,IC,0,192298.8865953424,-96298.8865953424
149878,0,96000.0,Master,F,3,142630,HR,IC,0,IC,0,83947.66681572703,12052.333184272968
48225,0,252000.0,Bachelor,F,2,68201,sales,IC,0,IC,0,190325.4138625573,61674.586137442704
107169,0,71000.0,High_School,M,2,114011,engineering,IC,0,IC,0,226878.35789292358,-155878.35789292358
101116,0,94000.0,PhD,M,2,41721,marketing,IC,0,IC,0,198900.55025181093,-104900.55025181093
165002,0,117000.0,High_School,F,1,114011,engineering,IC,0,IC,0,256554.63123786892,-139554.63123786892
89935,0,234000.0,Master,M,4,87613,engineering,IC,0,IC,0,241830.84919374806,-7830.849193748058
73132,0,83000.0,PhD,F,3,19806,sales,IC,0,IC,0,195546.71190949707,-112546.71190949707
86808,0,80000.0,Bachelor,F,1,168564,sales,IC,0,IC,0,190803.3928173758,-110803.3928173758
172160,1,252000.0,Master,F,7,146220,marketing,IC,0,IC,0,198856.75883199225,53143.24116800775
16812,0,131000.0,Bachelor,F,9,126257,engineering,IC,0,IC,0,229292.93938111764,-98292.93938111764
3745,0,144000.0,Bachelor,M,3,178314,marketing,IC,0,IC,0,195837.03111956886,-51837.031119568856
186123,1,171000.0,High_School,F,8,79934,engineering,IC,0,IC,0,280386.56848637894,-109386.56848637894
139035,0,98000.0,Bachelor,M,3,175548,HR,IC,0,IC,0,77553.46065381975,20446.539346180245
138601,0,100000.0,Master,M,4,111363,sales,IC,0,IC,0,194695.32052053208,-94695.32052053208
122318,0,359000.0,Bachelor,M,2,129734,engineering,IC,0,IC,0,238810.46474319053,120189.53525680947
194890,0,128000.0,Bachelor,M,1,172717,HR,IC,0,IC,0,85222.58767315086,42777.41232684914
189658,1,335000.0,Master,F,4,92403,sales,IC,0,IC,0,196357.1254950726,138642.8745049274
11243,0,71000.0,Bachelor,M,3,67151,engineering,IC,0,IC,0,244492.12806626968,-173492.12806626968
116337,1,90000.0,Bachelor,F,9,125755,marketing,IC,0,IC,0,231452.19992071178,-141452.19992071178
10238,1,190000.0,Bachelor,M,1,126257,engineering,IC,0,IC,0,241459.58846692662,-51459.58846692662
78574,0,285000.0,PhD,M,5,191083,marketing,IC,0,IC,0,203274.43239263128,81725.56760736872
234,1,252000.0,Master,F,2,171499,engineering,IC,0,IC,0,253356.57931868994,-1356.579318689939
165730,0,364000.0,PhD,M,4,147249,engineering,IC,0,IC,0,241182.17333249372,122817.82666750628
62588,1,212000.0,Master,F,7,120381,sales,IC,0,IC,0,195354.41435062292,16645.585649377084
116901,1,247000.0,PhD,M,3,4394,marketing,IC,0,IC,0,184507.95041214005,62492.04958785995
24461,0,176000.0,Master,M,3,148260,marketing,IC,0,IC,0,195418.4685635701,-19418.468563570088
41993,1,69000.0,PhD,F,2,62298,HR,IC,0,IC,0,76876.70287676553,-7876.702876765528
104539,0,93000.0,Master,M,2,138823,HR,MM,14,MM,14,94279.10308411397,-1279.1030841139727
114620,1,139000.0,Master,M,5,33266,marketing,IC,0,IC,0,191923.89872502946,-52923.89872502946
101443,0,200000.0,Master,M,1,180854,sales,IC,0,IC,0,198051.2011472294,1948.7988527705893
97605,0,173000.0,Master,M,1,150722,marketing,IC,0,IC,0,195691.75019170734,-22691.75019170734
67753,0,209000.0,Master,F,2,34977,sales,IC,0,IC,0,192912.71319514548,16087.28680485452
106015,0,275000.0,PhD,M,4,144211,engineering,IC,0,IC,0,241182.17333249372,33817.82666750628
35841,1,141000.0,Master,M,1,191649,sales,IC,0,IC,0,194883.36343501264,-53883.36343501264
156130,0,190000.0,Bachelor,M,4,87929,sales,IC,0,IC,0,193264.55968086384,-3264.5596808638365
129213,0,283000.0,Bachelor,M,2,127623,engineering,IC,0,IC,0,238810.46474319053,44189.53525680947
185421,1,307000.0,PhD,M,5,167389,sales,IC,0,IC,0,191458.68923493737,115541.31076506263
34265,0,321000.0,Master,M,3,168791,engineering,IC,0,IC,0,244073.52979870792,76926.47020129208
102275,1,84000.0,Bachelor,M,5,41808,HR,IC,0,IC,0,78813.3884241952,5186.611575804796
68589,1,247000.0,Master,M,3,174092,sales,IC,0,IC,0,188351.1977603531,58648.8022396469
59609,0,172000.0,PhD,F,2,58365,marketing,IC,0,IC,0,202112.82741275989,-30112.827412759885
196401,0,344000.0,Bachelor,M,1,94611,engineering,IC,0,IC,0,253447.42674818967,90552.57325181033
11845,1,280000.0,Bachelor,M,6,134982,sales,IC,0,IC,0,198291.83614469276,81708.16385530724
160632,0,184000.0,Master,M,1,191454,marketing,IC,0,IC,0,195691.75019170734,-11691.750191707339
90155,0,65000.0,Bachelor,M,1,41808,HR,IC,0,IC,0,85222.58767315086,-20222.58767315086
164947,0,201000.0,High_School,M,1,143317,sales,IC,0,IC,0,186739.580228817,14260.419771182991
113589,0,336000.0,Bachelor,M,11,190801,engineering,D,68,D,68,297146.53225127363,38853.46774872637
132163,0,168000.0,PhD,M,5,160289,sales,IC,0,IC,0,192559.0137282462,-24559.01372824621
191843,0,255000.0,Bachelor,M,4,157931,engineering,IC,0,IC,0,245313.12529643642,9686.874703563575
113731,0,97000.0,Master,M,2,11507,HR,IC,0,IC,0,75830.80845334244,21169.19154665756
68821,0,127000.0,Master,M,2,183869,engineering,MM,15,MM,15,177731.37123666483,-50731.371236664825
149710,1,130000.0,PhD,F,3,4110,sales,IC,0,IC,0,187415.0410806651,-57415.041080665105
29851,0,169000.0,Bachelor,F,1,158609,sales,IC,0,IC,0,190803.3928173758,-21803.392817375803
42163,0,68000.0,PhD,F,1,189742,HR,IC,0,IC,0,87076.16641899414,-19076.166418994137
198291,0,211000.0,Bachelor,F,8,148236,sales,IC,0,IC,0,186122.77628616313,24877.223713836865
127590,1,366000.0,PhD,M,7,76310,engineering,IC,0,IC,0,230586.0962906435,135413.9037093565
196767,0,65000.0,PhD,M,4,16445,HR,IC,0,IC,0,86837.11909178048,-21837.119091780478
137469,0,271000.0,PhD,M,3,88779,sales,IC,0,IC,0,197202.7515403313,73797.24845966871
52525,0,210000.0,PhD,F,6,192589,engineering,MM,16,MM,16,230149.90125506665,-20149.901255066652
61928,0,223000.0,PhD,F,1,180037,sales,IC,0,IC,0,184864.59303542023,38135.40696457977
80604,0,177000.0,PhD,F,3,125755,marketing,IC,0,IC,0,211839.30129742634,-34839.30129742634
190146,0,62000.0,Bachelor,F,1,138772,sales,IC,0,IC,0,190803.3928173758,-128803.3928173758
150890,0,78000.0,Bachelor,F,1,97919,HR,IC,0,IC,0,77771.4712925606,228.52870743940002
138502,0,155000.0,Master,F,9,159996,sales,IC,0,IC,0,180049.27525863552,-25049.27525863552
198403,0,319000.0,Bachelor,F,7,78493,sales,MM,9,MM,9,243915.62630054704,75084.37369945296
36347,0,348000.0,PhD,M,1,47472,engineering,IC,0,IC,0,245381.45541854406,102618.54458145594
52625,1,340000.0,PhD,F,4,191073,sales,IC,0,IC,0,201771.61572670785,138228.38427329215
23866,1,64000.0,PhD,F,6,146111,HR,IC,0,IC,0,77847.0876667548,-13847.0876667548
46343,0,290000.0,PhD,M,5,132683,engineering,IC,0,IC,0,243058.35787352896,46941.64212647104
123666,1,177000.0,Master,M,1,112245,sales,IC,0,IC,0,194883.36343501264,-17883.363435012638
100319,0,251000.0,Master,M,3,198531,sales,IC,0,IC,0,195369.80999597523,55630.19000402477
82533,0,185000.0,Bachelor,M,1,103981,marketing,IC,0,IC,0,195298.98660263894,-10298.986602638935
49181,1,323000.0,Master,F,1,122567,engineering,IC,0,IC,0,248653.7440354666,74346.2559645334
55741,1,248000.0,High_School,M,1,175558,engineering,IC,0,IC,0,201743.7749494076,46256.22505059239
85353,1,93000.0,Bachelor,F,2,84230,marketing,IC,0,IC,0,171278.59057555642,-78278.59057555642
9648,0,74000.0,PhD,M,2,81421,HR,IC,0,IC,0,76157.36192109241,-2157.361921092408
108163,1,387000.0,PhD,M,8,69903,engineering,IC,0,IC,0,242105.80665238056,144894.19334761944
133562,0,191000.0,Bachelor,M,2,84828,engineering,IC,0,IC,0,238810.46474319053,-47810.46474319053
179384,0,205000.0,PhD,F,1,147106,sales,IC,0,IC,0,184864.59303542023,20135.40696457977
198517,1,334000.0,High_School,M,2,20828,marketing,IC,0,IC,0,196899.97053999678,137100.02946000322
74397,0,151000.0,Master,M,2,144211,engineering,IC,0,IC,0,225404.836709512,-74404.83670951199
151005,0,186000.0,PhD,F,7,134556,marketing,MM,11,MM,11,201227.63992562436,-15227.63992562436
16445,0,75000.0,PhD,F,4,136905,HR,MM,15,MM,15,85021.80161384512,-10021.80161384512
65722,0,67000.0,PhD,M,2,125114,HR,IC,0,IC,0,76157.36192109241,-9157.361921092408
188650,0,323000.0,PhD,M,1,135846,sales,IC,0,IC,0,198908.11730505654,124091.88269494346
191635,0,223000.0,High_School,F,1,154381,sales,IC,0,IC,0,184712.4239725275,38287.5760274725
24563,0,91000.0,Master,F,3,29749,HR,IC,0,IC,0,83947.66681572703,7052.333184272968
71545,0,274000.0,Bachelor,M,2,198032,sales,IC,0,IC,0,196776.30656462905,77223.69343537095
130949,0,129000.0,PhD,F,6,87762,sales,IC,0,IC,0,194169.18557509538,-65169.185575095384
144738,0,129000.0,PhD,M,2,121527,marketing,IC,0,IC,0,198900.55025181093,-69900.55025181093
106936,0,109000.0,High_School,F,2,51121,HR,IC,0,IC,0,84827.81499972833,24172.185000271667
85198,0,211000.0,PhD,M,3,73846,sales,IC,0,IC,0,197202.7515403313,13797.248459668714
155875,0,97000.0,Bachelor,F,4,171461,HR,IC,0,IC,0,86004.53677464435,10995.463225355648
53812,1,81000.0,Master,F,2,46178,engineering,IC,0,IC,0,253356.57931868994,-172356.57931868994
43891,0,135000.0,Bachelor,F,1,37434,sales,IC,0,IC,0,190803.3928173758,-55803.3928173758
36588,0,208000.0,Master,F,4,124014,sales,IC,0,IC,0,198453.75863186418,9546.241368135816
133512,1,161000.0,Master,M,6,16073,marketing,IC,0,IC,0,193951.43666003481,-32951.436660034815
40059,0,194000.0,Master,M,3,136313,engineering,IC,0,IC,0,244073.52979870792,-50073.529798707925
72505,0,112000.0,Master,M,4,98520,marketing,IC,0,IC,0,194518.27840682067,-82518.27840682067
142718,1,213000.0,Bachelor,M,4,47863,engineering,IC,0,IC,0,243628.2627138922,-30628.26271389221
39460,0,112000.0,Bachelor,F,12,192056,HR,MM,11,MM,11,92228.2480329231,19771.751967076896
47540,0,378000.0,High_School,M,3,55481,engineering,IC,0,IC,0,251988.4772456092,126011.52275439081
144361,0,205000.0,PhD,M,3,52923,sales,IC,0,IC,0,197202.7515403313,7797.248459668714
77791,0,189000.0,PhD,F,5,168742,sales,IC,0,IC,0,201521.88967796802,-12521.889677968022
4390,0,229000.0,High_School,M,4,194078,marketing,IC,0,IC,0,195051.7370391725,33948.2629608275
194716,0,128000.0,Bachelor,M,5,162518,sales,IC,0,IC,0,195038.08580704563,-67038.08580704563
171850,0,298000.0,Master,M,6,47863,engineering,IC,0,IC,0,250298.06490293815,47701.935097061854
198961,0,63000.0,Bachelor,F,8,39460,HR,IC,0,IC,0,83803.37035013305,-20803.370350133046
64029,0,68000.0,Bachelor,M,5,11507,HR,IC,0,IC,0,83388.6198347678,-15388.6198347678
38926,0,282000.0,Bachelor,M,1,59939,marketing,IC,0,IC,0,195298.98660263894,86701.01339736106
47519,1,155000.0,Master,F,1,165442,sales,IC,0,IC,0,162567.59691448012,-7567.59691448012
194606,0,68000.0,Bachelor,M,3,194078,marketing,IC,0,IC,0,195837.03111956886,-127837.03111956886
197806,0,82000.0,PhD,M,4,130135,HR,IC,0,IC,0,86837.11909178048,-4837.119091780478
188063,0,390000.0,PhD,F,1,67151,engineering,IC,0,IC,0,245816.63079848664,144183.36920151336
161782,1,179000.0,High_School,M,2,53390,sales,IC,0,IC,0,197187.20652557365,-18187.206525573652
165675,0,85000.0,Bachelor,F,3,15768,HR,IC,0,IC,0,83591.34611794354,1408.6538820564601
125214,0,134000.0,Bachelor,M,1,198879,sales,IC,0,IC,0,179465.38885958475,-45465.38885958475
147103,0,222000.0,Master,M,8,152076,engineering,MM,8,MM,8,241845.0614588192,-19845.061458819197
96771,1,346000.0,Bachelor,M,2,116774,engineering,IC,0,IC,0,242862.72183744767,103137.27816255233
57468,0,207000.0,PhD,M,2,32572,marketing,IC,0,IC,0,198900.55025181093,8099.449748189072
107937,0,303000.0,Bachelor,F,3,191289,engineering,IC,0,IC,0,259876.0519044494,43123.948095550586
999,0,62000.0,Bachelor,F,3,44056,HR,IC,0,IC,0,83591.34611794354,-21591.34611794354
152791,1,168000.0,Bachelor,M,3,154897,sales,MM,8,MM,8,186411.41703185454,-18411.417031854537
43870,0,117000.0,Bachelor,M,2,79193,sales,IC,0,IC,0,196776.30656462905,-79776.30656462905
127732,0,171000.0,Bachelor,M,8,124186,marketing,IC,0,IC,0,190835.4442587671,-19835.444258767093
65485,0,320000.0,PhD,F,2,191073,sales,IC,0,IC,0,202419.4707253329,117580.52927466709
174891,1,144000.0,Bachelor,M,2,181787,marketing,IC,0,IC,0,188339.52808760988,-44339.528087609884
187154,1,170000.0,Bachelor,F,4,118329,sales,IC,0,IC,0,205322.95392083208,-35322.95392083208
6517,1,124000.0,Bachelor,M,1,159906,sales,IC,0,IC,0,180018.0883550749,-56018.0883550749
113592,0,387000.0,Master,M,1,79237,marketing,IC,0,IC,0,195691.75019170734,191308.24980829266
55709,1,265000.0,PhD,F,6,160261,marketing,IC,0,IC,0,207110.00846371253,57889.991536287474
139309,0,98000.0,Bachelor,F,6,81421,HR,IC,0,IC,0,83463.54288976562,14536.457110234376
65717,0,274000.0,Bachelor,M,2,136861,sales,IC,0,IC,0,196776.30656462905,77223.69343537095
195895,0,83000.0,Bachelor,F,6,126515,HR,IC,0,IC,0,83463.54288976562,-463.54288976562384
66874,0,152000.0,Bachelor,M,3,78215,sales,IC,0,IC,0,194528.5959929,-42528.595992899995
9241,0,195000.0,PhD,M,3,132309,sales,IC,0,IC,0,197202.7515403313,-2202.7515403312864
177805,1,79000.0,Bachelor,M,5,87344,marketing,MM,9,MM,9,183572.80863776308,-104572.80863776308
165845,0,71000.0,Master,F,2,173939,marketing,IC,0,IC,0,190948.4877860469,-119948.4877860469
44192,1,339000.0,Bachelor,M,2,126330,engineering,IC,0,IC,0,242862.72183744767,96137.27816255233
106872,0,332000.0,High_School,M,3,123103,engineering,IC,0,IC,0,251988.4772456092,80011.52275439081
175618,0,65000.0,High_School,M,2,199950,HR,IC,0,IC,0,84800.74930108206,-19800.74930108206
49563,1,325000.0,Master,M,1,140393,engineering,IC,0,IC,0,250966.59465767271,74033.40534232729
123428,0,72000.0,Bachelor,F,1,142276,HR,IC,0,IC,0,77771.4712925606,-5771.4712925606
174009,0,63000.0,Bachelor,F,7,39785,HR,MM,9,MM,9,65456.78106065528,-2456.781060655281
55115,0,298000.0,Master,M,2,173939,marketing,IC,0,IC,0,189747.8553120937,108252.14468790629
38028,0,195000.0,Bachelor,M,5,167389,sales,IC,0,IC,0,195038.08580704563,-38.085807045630645
96466,0,272000.0,Master,M,1,115856,sales,IC,0,IC,0,198051.2011472294,73948.79885277059
84193,0,255000.0,PhD,M,3,115539,marketing,MM,10,MM,10,214468.38867664072,40531.61132335928
80609,0,260000.0,PhD,M,5,87330,engineering,IC,0,IC,0,243058.35787352896,16941.642126471037
174578,0,180000.0,High_School,M,1,40904,engineering,IC,0,IC,0,231847.76096461926,-51847.76096461926
1857,1,312000.0,High_School,F,3,154170,engineering,IC,0,IC,0,268785.44577182253,43214.55422817747
25036,0,139000.0,PhD,F,11,152500,HR,D,35,D,35,126359.27922077922,12640.720779220777
155144,1,246000.0,PhD,M,3,126368,sales,IC,0,IC,0,182782.6484747099,63217.35152529011
43279,1,77000.0,PhD,F,7,193920,sales,IC,0,IC,0,197975.7907995876,-120975.79079958759
169368,0,150000.0,High_School,F,2,91345,sales,IC,0,IC,0,189874.31344501488,-39874.31344501488
125257,0,108000.0,Bachelor,F,2,154375,HR,IC,0,IC,0,86599.55002878579,21400.449971214213
77844,1,232000.0,Bachelor,F,9,3917,sales,MM,13,MM,13,202474.04337383434,29525.95662616566
191351,1,218000.0,Bachelor,M,4,87344,marketing,MM,12,MM,12,236380.6866065268,-18380.68660652681
25164,0,198000.0,PhD,M,5,98520,marketing,IC,0,IC,0,203274.43239263128,-5274.432392631279
15847,0,231000.0,PhD,M,1,160618,sales,IC,0,IC,0,198908.11730505654,32091.88269494346
4598,1,354000.0,Master,M,3,110508,engineering,IC,0,IC,0,243469.85093906373,110530.14906093627
115077,0,208000.0,Master,M,2,39388,sales,IC,0,IC,0,196044.60399481485,11955.396005185146
28030,0,207000.0,Bachelor,F,7,110878,engineering,IC,0,IC,0,231671.65697249785,-24671.656972497847
26340,0,117000.0,High_School,M,2,142926,engineering,IC,0,IC,0,226878.35789292358,-109878.35789292358
101883,0,275000.0,Master,M,3,77613,sales,IC,0,IC,0,195369.80999597523,79630.19000402477
55465,1,263000.0,PhD,M,5,110508,engineering,IC,0,IC,0,234389.674076652,28610.32592334799
19371,0,167000.0,High_School,M,1,32159,sales,IC,0,IC,0,186739.580228817,-19739.58022881701
151511,0,140000.0,Master,F,2,160169,sales,IC,0,IC,0,192912.71319514548,-52912.71319514548
189349,1,141000.0,Bachelor,M,1,99121,marketing,IC,0,IC,0,169925.83131011992,-28925.831310119916
166319,0,317000.0,Bachelor,M,1,147016,sales,IC,0,IC,0,179465.38885958475,137534.61114041525
87380,0,89000.0,Bachelor,F,4,132360,sales,IC,0,IC,0,199971.48280086013,-110971.48280086013
98663,0,96000.0,Bachelor,F,2,39460,HR,IC,0,IC,0,86599.55002878579,9400.449971214213
35263,0,151000.0,High_School,M,2,73106,engineering,IC,0,IC,0,226878.35789292358,-75878.35789292358
113189,0,135000.0,Bachelor,M,8,193088,sales,MM,8,MM,8,167034.3386776045,-32034.338677604508
115921,0,69000.0,Master,M,2,143317,sales,IC,0,IC,0,196044.60399481485,-127044.60399481485
45596,0,188000.0,High_School,F,4,108164,sales,IC,0,IC,0,198949.1492696776,-10949.149269677611
65174,1,244000.0,PhD,M,23,154041,sales,D,65,D,65,235043.71934078998,8956.280659210024
110326,0,151000.0,Bachelor,M,2,102712,sales,IC,0,IC,0,196776.30656462905,-45776.30656462905
112928,1,269000.0,Bachelor,M,6,76310,engineering,IC,0,IC,0,254868.05476583744,14131.945234162558
22374,1,250000.0,Bachelor,M,8,126257,engineering,IC,0,IC,0,244175.69562877264,5824.304371227365
145508,0,148000.0,Master,M,4,59705,sales,IC,0,IC,0,194695.32052053208,-46695.320520532085
48546,1,178000.0,High_School,M,3,196058,marketing,IC,0,IC,0,191326.7881611632,-13326.78816116319
121562,0,129000.0,Master,F,6,61517,HR,IC,0,IC,0,86673.97573048914,42326.02426951086
137203,1,183000.0,Bachelor,M,4,91124,sales,IC,0,IC,0,200945.03521904073,-17945.03521904073
170076,0,301000.0,Master,F,8,3802,engineering,MM,16,MM,16,271927.5472487807,29072.452751219273
167734,0,209000.0,PhD,M,1,101484,engineering,IC,0,IC,0,245381.45541854406,-36381.455418544065
65929,0,248000.0,Master,M,2,182556,sales,IC,0,IC,0,196044.60399481485,51955.396005185146
194164,0,74000.0,Bachelor,F,1,193818,HR,IC,0,IC,0,77771.4712925606,-3771.4712925606
180465,1,151000.0,PhD,F,9,139180,marketing,IC,0,IC,0,228827.92335967734,-77827.92335967734
193141,1,267000.0,Master,F,5,77613,sales,IC,0,IC,0,197527.31097026527,69472.68902973473
157181,1,125000.0,Master,M,7,43602,engineering,IC,0,IC,0,225125.6637037776,-100125.6637037776
180854,1,182000.0,Master,M,10,65451,sales,MM,12,MM,12,200971.6659960525,-18971.6659960525
59039,0,134000.0,High_School,M,1,8198,engineering,IC,0,IC,0,231847.76096461926,-97847.76096461926
194722,1,60000.0,High_School,F,4,4384,HR,IC,0,IC,0,69604.72614896706,-9604.726148967064
131777,0,308000.0,Master,M,6,84828,engineering,IC,0,IC,0,250298.06490293815,57701.935097061854
49822,1,157000.0,Bachelor,F,3,154292,engineering,IC,0,IC,0,249465.5655649748,-92465.5655649748
130342,0,99000.0,PhD,F,14,20378,HR,MM,7,MM,7,94244.0,4756.0
58808,1,398000.0,Bachelor,F,4,124014,sales,IC,0,IC,0,205322.95392083208,192677.04607916792
62413,0,331000.0,High_School,M,6,113618,marketing,IC,0,IC,0,190426.59057675305,140573.40942324695
110892,0,62000.0,Bachelor,M,2,22977,HR,IC,0,IC,0,83618.18616664072,-21618.18616664072
136034,0,116000.0,Master,M,1,147783,sales,IC,0,IC,0,198051.2011472294,-82051.20114722941
178692,0,115000.0,Bachelor,M,3,191289,engineering,IC,0,IC,0,244492.12806626968,-129492.12806626968
102632,0,80000.0,PhD,M,13,167223,marketing,MM,18,MM,18,188978.27765565182,-108978.27765565182
102994,0,171000.0,PhD,F,2,1050,engineering,IC,0,IC,0,245586.57159200107,-74586.57159200107
158220,0,154000.0,Bachelor,M,2,53390,sales,IC,0,IC,0,196776.30656462905,-42776.30656462905
94009,0,287000.0,Master,M,3,41080,sales,IC,0,IC,0,195369.80999597523,91630.19000402477
99511,0,70000.0,High_School,M,2,171499,engineering,IC,0,IC,0,226878.35789292358,-156878.35789292358
156074,0,145000.0,Bachelor,M,2,156927,marketing,IC,0,IC,0,196739.27564649528,-51739.27564649528
50764,0,117000.0,Master,M,1,107547,sales,IC,0,IC,0,198051.2011472294,-81051.20114722941
98389,0,224000.0,Bachelor,M,6,37220,engineering,IC,0,IC,0,252047.32944780047,-28047.32944780047
140013,0,160000.0,Bachelor,M,1,27704,sales,IC,0,IC,0,179465.38885958475,-19465.388859584753
195150,1,92000.0,PhD,M,4,128447,engineering,IC,0,IC,0,236378.21786726158,-144378.21786726158
137290,1,210000.0,Bachelor,M,3,94611,engineering,IC,0,IC,0,238207.9962027491,-28207.996202749113
4365,0,295000.0,Bachelor,M,1,59353,engineering,IC,0,IC,0,253447.42674818967,41552.57325181033
43707,1,241000.0,Bachelor,F,5,175361,sales,IC,0,IC,0,202564.03332828608,38435.96667171392
44121,0,79000.0,Bachelor,M,2,53826,HR,IC,0,IC,0,83618.18616664072,-4618.18616664072
76269,0,190000.0,Master,M,4,119964,marketing,IC,0,IC,0,194518.27840682067,-4518.278406820667
136737,1,99000.0,PhD,F,5,115856,sales,IC,0,IC,0,201105.53032258726,-102105.53032258726
19056,0,108000.0,PhD,M,2,150194,engineering,IC,0,IC,0,239738.82647541008,-131738.82647541008
192216,1,214000.0,Master,F,4,194078,marketing,IC,0,IC,0,202198.159483039,11801.840516961005
197180,1,121000.0,Master,M,2,96420,sales,IC,0,IC,0,195747.7721196565,-74747.7721196565
99661,0,207000.0,Bachelor,F,3,57316,sales,IC,0,IC,0,194461.09812463698,12538.901875363023
52510,0,214000.0,PhD,M,2,66591,sales,IC,0,IC,0,201356.5442201449,12643.45577985511
167586,0,269000.0,High_School,M,1,66591,sales,IC,0,IC,0,186739.580228817,82260.41977118299
67027,0,222000.0,PhD,M,6,189222,engineering,IC,0,IC,0,247728.11200962216,-25728.112009622157
4384,0,72000.0,Master,F,4,138823,HR,MM,16,MM,16,79406.70804799066,-7406.708047990658
160605,0,306000.0,Master,F,7,168342,engineering,IC,0,IC,0,249076.55984268046,56923.440157319536
144401,0,210000.0,PhD,M,3,94362,sales,MM,15,MM,15,191206.88981111418,18793.110188885825
23830,1,177000.0,Bachelor,F,24,74062,marketing,D,38,D,38,202476.5350140056,-25476.53501400561
193439,0,106000.0,PhD,F,3,42096,sales,IC,0,IC,0,195546.71190949707,-89546.71190949707
160169,1,264000.0,Bachelor,M,6,172989,sales,MM,12,MM,12,235331.60060944923,28668.399390550767
121073,0,225000.0,PhD,M,1,197832,marketing,IC,0,IC,0,195577.15476246577,29422.84523753423
51331,0,156000.0,PhD,M,8,89619,HR,MM,5,MM,5,143292.88621283928,12707.11378716072
38800,1,180000.0,PhD,F,8,10922,sales,IC,0,IC,0,192939.34200130572,-12939.342001305718
160362,1,181000.0,Master,M,7,57316,sales,IC,0,IC,0,193928.9754311605,-12928.975431160507
134787,0,61000.0,PhD,M,7,53012,marketing,IC,0,IC,0,200395.53867977747,-139395.53867977747
23120,0,104000.0,Master,M,6,155485,marketing,MM,9,MM,9,208847.31840749408,-104847.31840749408
147000,0,274000.0,Master,M,1,29410,engineering,IC,0,IC,0,253167.61103592915,20832.38896407085
19695,0,397000.0,High_School,F,1,75246,engineering,IC,0,IC,0,256554.63123786892,140445.36876213108
61315,1,274000.0,Master,F,6,118769,engineering,IC,0,IC,0,248735.70769601924,25264.292303980765
34931,1,113000.0,Bachelor,M,5,162381,engineering,IC,0,IC,0,249070.2644405276,-136070.2644405276
109624,0,275000.0,Master,M,6,157931,engineering,IC,0,IC,0,250298.06490293815,24701.935097061854
37325,0,162000.0,Bachelor,F,2,26505,marketing,IC,0,IC,0,195854.82935350726,-33854.82935350726
7911,0,67000.0,PhD,M,5,9706,sales,IC,0,IC,0,192559.0137282462,-125559.01372824621
95057,0,236000.0,PhD,M,3,181996,engineering,IC,0,IC,0,244594.82101961187,-8594.821019611874
198,1,299000.0,Master,M,7,144219,engineering,IC,0,IC,0,225125.6637037776,73874.3362962224
130871,0,91000.0,Bachelor,M,3,168797,marketing,IC,0,IC,0,195837.03111956886,-104837.03111956886
53069,0,134000.0,Master,F,1,159996,sales,IC,0,IC,0,177865.95495298997,-43865.95495298997
113555,0,68000.0,High_School,F,4,104759,HR,IC,0,IC,0,77198.66979097077,-9198.669790970773
46408,1,142000.0,Bachelor,F,6,130834,engineering,IC,0,IC,0,228083.88169677247,-86083.88169677247
43886,0,269000.0,Master,F,5,168797,marketing,IC,0,IC,0,195556.18676362679,73443.81323637321
36401,0,61000.0,High_School,F,1,62298,HR,IC,0,IC,0,84206.1973205254,-23206.197320525403
47863,0,291000.0,Master,M,13,40132,engineering,MM,11,MM,11,244664.28662294493,46335.71337705507
100722,0,66000.0,PhD,F,2,115765,HR,IC,0,IC,0,81889.77770686249,-15889.777706862486
23520,0,217000.0,Bachelor,M,5,95473,sales,IC,0,IC,0,195038.08580704563,21961.91419295437
43705,0,136000.0,Master,M,4,164501,HR,IC,0,IC,0,85034.65160610934,50965.34839389066
197605,0,247000.0,PhD,F,4,12877,engineering,IC,0,IC,0,246324.63278111335,675.3672188866476
59526,0,208000.0,Master,F,4,192369,sales,IC,0,IC,0,198453.75863186418,9546.241368135816
99138,1,61000.0,Bachelor,M,2,79807,engineering,IC,0,IC,0,242862.72183744767,-181862.72183744767
105796,0,64000.0,Master,F,1,8812,HR,IC,0,IC,0,82364.56846565497,-18364.56846565497
144192,1,384000.0,High_School,M,4,76641,engineering,IC,0,IC,0,265464.78858191444,118535.21141808556
33796,0,154000.0,Bachelor,M,1,181311,sales,IC,0,IC,0,179465.38885958475,-25465.388859584753
13728,0,92000.0,Master,F,1,193818,HR,IC,0,IC,0,82364.56846565497,9635.431534345029
92715,1,195000.0,PhD,F,4,114572,marketing,IC,0,IC,0,219187.708066179,-24187.70806617901
68532,1,142000.0,Bachelor,M,13,61403,engineering,MM,7,MM,7,210357.23260146286,-68357.23260146286
105439,0,289000.0,High_School,M,1,90639,marketing,IC,0,IC,0,181617.3790151326,107382.62098486739
57810,0,218000.0,Bachelor,M,5,52525,engineering,IC,0,IC,0,237543.49587850232,-19543.49587850232
188895,0,145000.0,Bachelor,M,3,115856,sales,IC,0,IC,0,194528.5959929,-49528.595992899995
192842,0,80000.0,PhD,M,4,103448,sales,IC,0,IC,0,194705.84234154952,-114705.84234154952
24936,0,259000.0,Master,M,1,181421,sales,IC,0,IC,0,198051.2011472294,60948.79885277059
22518,1,207000.0,PhD,F,6,198875,engineering,IC,0,IC,0,255526.12765244197,-48526.127652441966
136528,0,169000.0,PhD,M,3,167650,engineering,IC,0,IC,0,244594.82101961187,-75594.82101961187
144320,1,319000.0,Bachelor,F,4,47472,engineering,IC,0,IC,0,250652.48560468346,68347.51439531654
78493,0,250000.0,High_School,M,3,197876,sales,D,166,D,166,248577.40384615384,1422.596153846156
25427,1,307000.0,Bachelor,M,1,126368,sales,IC,0,IC,0,180018.0883550749,126981.9116449251
163434,1,86000.0,Bachelor,F,5,148865,sales,IC,0,IC,0,202564.03332828608,-116564.03332828608
59894,0,71000.0,Bachelor,M,4,159098,engineering,IC,0,IC,0,245313.12529643642,-174313.12529643642
67383,0,100000.0,Master,M,1,27704,sales,IC,0,IC,0,198051.2011472294,-98051.20114722941
134048,0,184000.0,PhD,M,14,78493,sales,MM,14,MM,14,200241.7953401374,-16241.79534013741
101140,0,264000.0,PhD,M,2,190065,marketing,IC,0,IC,0,198900.55025181093,65099.44974818907
183353,0,161000.0,High_School,M,9,88779,sales,IC,0,IC,0,168779.5312930145,-7779.531293014501
149164,1,235000.0,PhD,M,3,101484,engineering,IC,0,IC,0,246707.47890110445,-11707.478901104449
108338,0,243000.0,PhD,M,8,113566,engineering,IC,0,IC,0,261196.27500379895,-18196.275003798946
7963,0,69000.0,PhD,F,2,123263,HR,IC,0,IC,0,81889.77770686249,-12889.777706862486
189575,1,93000.0,PhD,F,4,27718,HR,IC,0,IC,0,77517.26291450021,15482.737085499786
20524,1,157000.0,PhD,M,1,147783,sales,IC,0,IC,0,193940.69232599234,-36940.692325992335
199080,0,242000.0,Bachelor,M,5,64750,engineering,IC,0,IC,0,237543.49587850232,4456.504121497681
40923,0,90000.0,Bachelor,M,2,81421,HR,IC,0,IC,0,83618.18616664072,6381.81383335928
34224,1,243000.0,Bachelor,M,3,61811,sales,IC,0,IC,0,189257.1654400931,53742.834559906914
95253,0,216000.0,High_School,M,1,47863,engineering,IC,0,IC,0,231847.76096461926,-15847.760964619258
60877,0,76000.0,PhD,M,4,66420,HR,IC,0,IC,0,86837.11909178048,-10837.119091780478
185,1,95000.0,Bachelor,M,4,43420,sales,IC,0,IC,0,200945.03521904073,-105945.03521904073
105656,1,238000.0,High_School,M,4,58365,marketing,IC,0,IC,0,183760.25765752327,54239.74234247673
128060,1,120000.0,Master,F,1,64452,sales,IC,0,IC,0,162567.59691448012,-42567.59691448012
17347,0,62000.0,High_School,F,4,81421,HR,IC,0,IC,0,77198.66979097077,-15198.669790970773
123921,1,129000.0,Bachelor,F,5,8198,engineering,IC,0,IC,0,239305.37951119905,-110305.37951119905
177224,1,266000.0,PhD,M,1,30749,engineering,IC,0,IC,0,238639.5918970931,27360.40810290689
164322,0,122000.0,Bachelor,M,3,177166,engineering,IC,0,IC,0,244492.12806626968,-122492.12806626968
149966,0,79000.0,High_School,F,2,130342,HR,IC,0,IC,0,84827.81499972833,-5827.814999728333
107493,0,230000.0,PhD,M,3,132307,engineering,MM,8,MM,8,242060.542279941,-12060.542279941
94319,0,63000.0,High_School,F,3,169833,HR,IC,0,IC,0,85386.80778186422,-22386.80778186422
86458,0,235000.0,PhD,M,1,123387,sales,IC,0,IC,0,198908.11730505654,36091.88269494346
61918,0,261000.0,PhD,F,2,193518,sales,IC,0,IC,0,202419.4707253329,58580.52927466709
117588,1,72000.0,High_School,M,5,115593,HR,IC,0,IC,0,80188.10560333978,-8188.105603339776
31096,0,205000.0,PhD,M,2,131063,marketing,IC,0,IC,0,198900.55025181093,6099.449748189072
85623,1,134000.0,High_School,F,1,11507,HR,IC,0,IC,0,92385.18359065363,41614.81640934637
92277,0,72000.0,Master,M,1,129287,HR,IC,0,IC,0,77429.4837578407,-5429.483757840702
104600,0,135000.0,PhD,F,2,53012,marketing,IC,0,IC,0,202112.82741275989,-67112.82741275989
148254,1,292000.0,Master,F,1,178954,engineering,IC,0,IC,0,248653.7440354666,43346.2559645334
129525,0,94000.0,PhD,F,3,51331,HR,IC,0,IC,0,83843.8873054549,10156.112694545096
182815,1,201000.0,PhD,F,4,113124,sales,IC,0,IC,0,201771.61572670785,-771.6157267078524
92713,0,225000.0,Master,M,18,96752,sales,D,44,D,44,238554.85971775456,-13554.85971775456
6745,0,218000.0,PhD,M,3,169223,engineering,IC,0,IC,0,244594.82101961187,-26594.821019611874
189238,1,217000.0,PhD,M,1,132360,sales,IC,0,IC,0,193940.69232599234,23059.307674007665
153717,0,78000.0,High_School,F,2,129778,HR,IC,0,IC,0,84827.81499972833,-6827.814999728333
78847,1,270000.0,Bachelor,M,1,123358,sales,IC,0,IC,0,180018.0883550749,89981.9116449251
47017,0,112000.0,High_School,M,3,112245,sales,IC,0,IC,0,193926.29331709526,-81926.29331709526
30466,0,209000.0,High_School,F,2,89523,sales,IC,0,IC,0,189874.31344501488,19125.68655498512
41991,0,296000.0,Bachelor,M,6,171907,sales,MM,12,MM,12,235741.2290758545,60258.7709241455
132829,0,196000.0,PhD,F,1,48742,engineering,IC,0,IC,0,245816.63079848664,-49816.63079848664
171175,0,136000.0,Bachelor,M,5,79735,engineering,IC,0,IC,0,237543.49587850232,-101543.49587850232
139801,1,179000.0,Master,M,5,70819,engineering,IC,0,IC,0,228892.63088194563,-49892.63088194563
99817,0,91000.0,Bachelor,F,2,164326,sales,IC,0,IC,0,190325.4138625573,-99325.4138625573
138443,1,175000.0,High_School,M,1,147642,sales,IC,0,IC,0,182145.5554433057,-7145.555443305697
133226,0,192000.0,Bachelor,M,3,169223,engineering,IC,0,IC,0,244492.12806626968,-52492.12806626968
76954,1,217000.0,Master,F,1,4394,marketing,IC,0,IC,0,153071.42070149296,63928.579298507044
28084,1,253000.0,Bachelor,M,3,94030,sales,IC,0,IC,0,189257.1654400931,63742.834559906914
92273,0,262000.0,High_School,M,3,191073,sales,IC,0,IC,0,193926.29331709526,68073.70668290474
59536,0,158000.0,PhD,M,1,144211,engineering,IC,0,IC,0,245381.45541854406,-87381.45541854406
14956,0,186000.0,High_School,M,2,12877,engineering,IC,0,IC,0,226878.35789292358,-40878.35789292358
11713,0,346000.0,PhD,F,1,108428,engineering,IC,0,IC,0,245816.63079848664,100183.36920151336
176703,0,74000.0,Master,F,8,32405,HR,IC,0,IC,0,76675.9929422252,-2675.9929422252026
107480,0,65000.0,Master,F,6,29749,HR,IC,0,IC,0,86673.97573048914,-21673.97573048914
114484,0,289000.0,Bachelor,M,3,178797,sales,IC,0,IC,0,194528.5959929,94471.4040071
175434,1,190000.0,PhD,F,10,157492,sales,MM,12,MM,12,181139.5173226781,8860.48267732191
38045,0,152000.0,Bachelor,F,6,48877,marketing,IC,0,IC,0,191347.17958827774,-39347.17958827774
180851,1,160000.0,Bachelor,F,3,191485,sales,IC,0,IC,0,194975.3755380346,-34975.3755380346
49350,0,193000.0,Bachelor,M,3,149485,sales,IC,0,IC,0,194528.5959929,-1528.5959928999946
53939,0,74000.0,PhD,F,3,125114,HR,IC,0,IC,0,83843.8873054549,-9843.887305454904
48260,0,66000.0,PhD,M,1,189742,HR,IC,0,IC,0,77565.84484314994,-11565.844843149942
52858,1,175000.0,Bachelor,M,2,96420,sales,IC,0,IC,0,198429.69040148894,-23429.690401488944
104514,0,85000.0,PhD,F,7,96060,HR,IC,0,IC,0,77724.75714311065,7275.242856889352
179443,0,241000.0,High_School,M,5,147819,sales,IC,0,IC,0,190414.06772590298,50585.932274097024
97422,0,67000.0,Master,M,12,7531,HR,MM,11,MM,11,81618.63250863257,-14618.632508632567
150845,0,224000.0,Master,F,3,46997,sales,IC,0,IC,0,191260.8810195265,32739.11898047349
13641,0,244000.0,Bachelor,F,2,118329,sales,IC,0,IC,0,190325.4138625573,53674.586137442704
104364,1,360000.0,Bachelor,M,4,186283,engineering,IC,0,IC,0,243628.2627138922,116371.73728610779
194720,0,78000.0,PhD,F,8,29733,HR,IC,0,IC,0,77435.56827670474,564.4317232952599
97153,0,182000.0,PhD,F,5,118329,sales,IC,0,IC,0,201521.88967796802,-19521.88967796802
135804,1,81000.0,Master,F,6,95935,HR,MM,8,MM,8,79273.41694877003,1726.5830512299726
193233,0,231000.0,High_School,M,1,195795,sales,IC,0,IC,0,186739.580228817,44260.41977118299
127714,1,218000.0,High_School,M,1,196637,engineering,IC,0,IC,0,201743.7749494076,16256.225050592388
96175,0,124000.0,Bachelor,M,4,144401,sales,IC,0,IC,0,193264.55968086384,-69264.55968086384
188330,0,286000.0,Bachelor,M,3,187183,marketing,IC,0,IC,0,195837.03111956886,90162.96888043114
162320,0,361000.0,Master,F,3,127769,engineering,IC,0,IC,0,238133.50270656022,122866.49729343978
76326,1,268000.0,High_School,M,4,142104,engineering,IC,0,IC,0,265464.78858191444,2535.211418085557
167020,0,103000.0,Bachelor,F,1,7255,engineering,IC,0,IC,0,221439.98962197226,-118439.98962197226
21830,0,76000.0,PhD,F,5,44056,HR,IC,0,IC,0,81307.52954187465,-5307.529541874654
31945,0,74000.0,High_School,F,1,24287,HR,IC,0,IC,0,84206.1973205254,-10206.197320525403
187725,0,90000.0,Bachelor,F,9,180037,sales,IC,0,IC,0,170266.74041539893,-80266.74041539893
61894,0,291000.0,PhD,M,5,186086,engineering,IC,0,IC,0,243058.35787352896,47941.64212647104
133544,0,74000.0,Master,F,4,186086,engineering,IC,0,IC,0,241976.73593625068,-167976.73593625068
153291,0,215000.0,Bachelor,F,6,141808,sales,MM,10,MM,10,224538.4675197297,-9538.46751972969
81720,0,79000.0,Bachelor,F,9,113189,sales,IC,0,IC,0,170266.74041539893,-91266.74041539893
147551,0,119000.0,PhD,M,1,68201,sales,IC,0,IC,0,198908.11730505654,-79908.11730505654
119555,0,121000.0,Master,F,3,115591,sales,IC,0,IC,0,191260.8810195265,-70260.88101952651
22453,0,92000.0,PhD,F,6,113578,marketing,IC,0,IC,0,205528.0855651748,-113528.08556517481
135796,0,190000.0,Master,M,2,29712,engineering,IC,0,IC,0,225404.836709512,-35404.83670951199
146251,0,164000.0,High_School,M,3,181996,engineering,IC,0,IC,0,251988.4772456092,-87988.47724560919
126357,0,104000.0,Master,F,3,53677,HR,IC,0,IC,0,83947.66681572703,20052.333184272968
74376,1,145000.0,Master,F,3,71130,engineering,IC,0,IC,0,245150.29004286497,-100150.29004286497
160420,0,255000.0,Bachelor,M,2,1610,engineering,IC,0,IC,0,238810.46474319053,16189.535256809468
124004,0,101000.0,Bachelor,M,1,77670,sales,IC,0,IC,0,179465.38885958475,-78465.38885958475
48174,0,243000.0,Master,M,5,19524,marketing,IC,0,IC,0,192239.89997562923,50760.10002437077
54067,0,231000.0,High_School,M,3,148418,engineering,IC,0,IC,0,251988.4772456092,-20988.47724560919
177875,0,228000.0,Master,M,2,14470,sales,IC,0,IC,0,196044.60399481485,31955.396005185146
76073,0,279000.0,Master,F,13,184512,engineering,MM,12,MM,12,247868.08938436955,31131.910615630448
61988,1,336000.0,Master,M,8,49002,engineering,MM,12,MM,12,257639.4497448326,78360.55025516741
72683,0,247000.0,PhD,F,2,92765,engineering,IC,0,IC,0,245586.57159200107,1413.4284079989302
33540,0,76000.0,PhD,M,2,55972,HR,IC,0,IC,0,76157.36192109241,-157.361921092408
27263,0,100000.0,PhD,M,3,34977,sales,IC,0,IC,0,197202.7515403313,-97202.75154033129
119774,1,262000.0,Master,F,2,66119,sales,MM,7,MM,7,202705.94222141788,59294.05777858212
87367,0,69000.0,High_School,M,8,198403,sales,IC,0,IC,0,166056.7556451473,-97056.75564514729
61405,0,61000.0,Master,M,2,96060,HR,IC,0,IC,0,75830.80845334244,-14830.80845334244
183084,1,207000.0,High_School,F,4,39417,engineering,IC,0,IC,0,238515.7137547707,-31515.713754770695
134984,0,220000.0,Master,M,2,151838,sales,IC,0,IC,0,196044.60399481485,23955.396005185146
173939,0,147000.0,Master,F,10,156036,marketing,MM,16,MM,16,177461.0953788277,-30461.09537882771
121217,0,78000.0,Bachelor,M,5,191351,marketing,IC,0,IC,0,192321.90017747923,-114321.90017747923
59390,0,187000.0,Master,M,2,165717,sales,IC,0,IC,0,196044.60399481485,-9044.603994814854
125456,0,158000.0,PhD,F,5,127544,sales,IC,0,IC,0,201521.88967796802,-43521.88967796802
21110,0,266000.0,PhD,F,1,87733,sales,IC,0,IC,0,184864.59303542023,81135.40696457977
105738,0,284000.0,PhD,M,3,73106,engineering,IC,0,IC,0,244594.82101961187,39405.178980388126
123768,1,115000.0,PhD,M,8,152960,sales,IC,0,IC,0,166527.71478660288,-51527.71478660288
145667,0,174000.0,Master,M,17,142146,sales,D,53,D,53,209249.2672877989,-35249.267287798895
44794,1,201000.0,Bachelor,M,1,18627,marketing,IC,0,IC,0,169925.83131011992,31074.168689880084
180621,0,266000.0,Master,M,5,121527,marketing,IC,0,IC,0,192239.89997562923,73760.10002437077
196160,0,70000.0,Bachelor,M,7,107694,HR,IC,0,IC,0,78143.12642095941,-8143.126420959408
109044,0,392000.0,PhD,F,5,174122,engineering,IC,0,IC,0,253630.17097182493,138369.82902817507
45609,0,67000.0,High_School,F,4,71987,HR,IC,0,IC,0,77198.66979097077,-10198.669790970773
94379,0,153000.0,Master,M,2,123258,marketing,IC,0,IC,0,189747.8553120937,-36747.855312093714
175120,1,215000.0,High_School,F,5,169574,marketing,IC,0,IC,0,190859.94475447174,24140.05524552826
82240,0,75000.0,High_School,F,5,119302,HR,IC,0,IC,0,82936.4626631867,-7936.4626631866995
183035,0,101000.0,PhD,F,1,180037,sales,IC,0,IC,0,184864.59303542023,-83864.59303542023
34666,0,96000.0,Bachelor,F,4,91002,marketing,IC,0,IC,0,198300.07769298556,-102300.07769298556
35534,0,117000.0,Bachelor,F,4,181886,sales,IC,0,IC,0,199971.48280086013,-82971.48280086013
159437,1,182000.0,Master,M,6,61038,sales,IC,0,IC,0,193447.7320829517,-11447.732082951698
303,0,132000.0,Master,M,3,95473,sales,IC,0,IC,0,195369.80999597523,-63369.80999597523
80247,0,73000.0,PhD,F,1,71152,HR,IC,0,IC,0,87076.16641899414,-14076.166418994137
130584,0,161000.0,Bachelor,F,6,60489,marketing,IC,0,IC,0,191347.17958827774,-30347.179588277737
111082,0,155000.0,Bachelor,M,9,8665,sales,MM,10,MM,10,170727.32416192192,-15727.324161921919
158622,0,102000.0,High_School,M,2,191495,sales,IC,0,IC,0,195986.4498613001,-93986.44986130009
35765,0,138000.0,Bachelor,F,4,148032,sales,IC,0,IC,0,199971.48280086013,-61971.48280086013
72506,0,275000.0,Master,M,1,161727,engineering,IC,0,IC,0,253167.61103592915,21832.38896407085
61447,0,196000.0,Bachelor,M,4,8182,sales,IC,0,IC,0,193264.55968086384,2735.4403191361635
132784,0,82000.0,Bachelor,F,5,104539,HR,IC,0,IC,0,85695.75736501839,-3695.7573650183913
196411,0,85000.0,PhD,F,1,80043,HR,IC,0,IC,0,87076.16641899414,-2076.1664189941366
162551,0,72000.0,High_School,M,7,53826,HR,IC,0,IC,0,83535.55760889543,-11535.557608895426
68890,1,282000.0,Bachelor,M,2,60373,marketing,IC,0,IC,0,188339.52808760988,93660.47191239012
67026,0,116000.0,Master,F,9,20828,marketing,IC,0,IC,0,180437.74136260588,-64437.741362605884
194879,1,83000.0,Bachelor,M,5,59327,HR,IC,0,IC,0,78813.3884241952,4186.611575804796
93126,1,260000.0,PhD,F,2,189890,engineering,IC,0,IC,0,285728.9021753286,-25728.902175328578
12344,1,107000.0,Bachelor,F,2,123387,sales,IC,0,IC,0,192222.09002881806,-85222.09002881806
30468,0,376000.0,Master,F,6,39726,engineering,MM,12,MM,12,299651.8745212939,76348.12547870609
84097,0,398000.0,Bachelor,M,3,55883,engineering,IC,0,IC,0,244492.12806626968,153507.87193373032
175781,1,360000.0,Master,F,4,182531,sales,IC,0,IC,0,196357.1254950726,163642.8745049274
85237,0,234000.0,Bachelor,M,2,67151,engineering,IC,0,IC,0,238810.46474319053,-4810.464743190532
160432,0,235000.0,Master,M,2,88303,sales,IC,0,IC,0,196044.60399481485,38955.396005185146
182247,0,127000.0,Master,M,2,156927,marketing,IC,0,IC,0,189747.8553120937,-62747.855312093714
91485,0,247000.0,PhD,M,6,178797,sales,IC,0,IC,0,194022.9025924341,52977.09740756589
152661,0,107000.0,PhD,M,3,185982,sales,IC,0,IC,0,197202.7515403313,-90202.75154033129
109452,1,291000.0,Bachelor,F,3,169231,sales,IC,0,IC,0,194975.3755380346,96024.6244619654
15457,1,225000.0,PhD,F,2,73649,sales,IC,0,IC,0,186910.43460369,38089.565396310005
129247,0,161000.0,PhD,M,4,179569,sales,IC,0,IC,0,194705.84234154952,-33705.84234154952
52022,1,256000.0,PhD,M,5,142367,sales,IC,0,IC,0,191458.68923493737,64541.31076506263
94687,0,64000.0,Master,M,4,111082,sales,IC,0,IC,0,194695.32052053208,-130695.32052053208
2740,1,345000.0,Bachelor,M,3,136468,sales,IC,0,IC,0,189257.1654400931,155742.8345599069
176907,0,100000.0,Master,F,6,113245,sales,IC,0,IC,0,195325.24825658792,-95325.24825658792
85080,1,100000.0,High_School,F,6,8812,HR,IC,0,IC,0,97452.30874417955,2547.6912558204494
132004,1,155000.0,Bachelor,M,1,90834,sales,IC,0,IC,0,180018.0883550749,-25018.0883550749
55376,0,155000.0,Master,M,1,173939,marketing,IC,0,IC,0,195691.75019170734,-40691.75019170734
54599,1,131000.0,PhD,M,1,160289,sales,IC,0,IC,0,193940.69232599234,-62940.692325992335
86077,1,143000.0,PhD,M,3,175434,sales,IC,0,IC,0,182782.6484747099,-39782.64847470989
64392,0,140000.0,Master,F,5,117376,HR,IC,0,IC,0,83499.17048362638,56500.82951637362
86152,0,260000.0,High_School,F,4,65883,marketing,IC,0,IC,0,201724.40649176008,58275.59350823992
188245,0,62000.0,PhD,F,1,139278,HR,IC,0,IC,0,87076.16641899414,-25076.166418994137
112005,0,280000.0,High_School,M,3,116774,engineering,IC,0,IC,0,251988.4772456092,28011.52275439081
88543,0,117000.0,Bachelor,F,8,84230,marketing,IC,0,IC,0,206881.33730948812,-89881.33730948812
183853,0,115000.0,High_School,M,6,48730,marketing,IC,0,IC,0,190426.59057675305,-75426.59057675305
90257,0,161000.0,Master,M,2,75198,marketing,IC,0,IC,0,189747.8553120937,-28747.855312093714
158959,0,117000.0,Bachelor,M,3,58522,engineering,IC,0,IC,0,244492.12806626968,-127492.12806626968
175285,1,172000.0,Master,M,4,131525,sales,IC,0,IC,0,193172.76047413386,-21172.76047413386
30603,0,190000.0,Master,M,8,150300,marketing,IC,0,IC,0,186214.25947897293,3785.7405210270663
93708,1,500000.0,PhD,F,28,61554,HR,D,11,E,1693,344903.33333333326,155096.66666666674
8075,1,325000.0,Bachelor,M,6,175593,sales,IC,0,IC,0,198291.83614469276,126708.16385530724
39322,1,70000.0,Bachelor,F,6,98419,marketing,IC,0,IC,0,193151.6601728633,-123151.66017286331
70117,0,73000.0,Master,F,6,52796,sales,IC,0,IC,0,195325.24825658792,-122325.24825658792
168393,0,363000.0,Master,F,5,30640,engineering,IC,0,IC,0,237036.2608257125,125963.7391742875
166011,0,105000.0,Bachelor,F,4,25934,engineering,IC,0,IC,0,249423.6982508049,-144423.6982508049
66847,0,279000.0,PhD,M,1,192145,sales,IC,0,IC,0,198908.11730505654,80091.88269494346
78127,0,122000.0,High_School,M,2,64452,sales,IC,0,IC,0,195986.4498613001,-73986.44986130009
112643,0,162000.0,PhD,F,10,119833,sales,MM,15,MM,15,190237.92857312495,-28237.928573124955
23247,0,65000.0,PhD,M,4,43937,HR,IC,0,IC,0,86837.11909178048,-21837.119091780478
69201,0,101000.0,Bachelor,F,1,120638,engineering,IC,0,IC,0,221439.98962197226,-120439.98962197226
114923,0,177000.0,Bachelor,M,6,23565,sales,IC,0,IC,0,193558.3030501584,-16558.3030501584
41533,1,173000.0,PhD,M,17,177860,HR,D,89,D,89,163130.0,9870.0
159838,0,101000.0,Master,F,7,167223,marketing,MM,13,MM,13,192281.32348517727,-91281.32348517727
69615,0,95000.0,PhD,F,7,159638,HR,IC,0,IC,0,77724.75714311065,17275.242856889352
68596,0,115000.0,High_School,M,5,146473,marketing,IC,0,IC,0,190498.8311588766,-75498.8311588766
152422,0,110000.0,PhD,M,4,125114,HR,IC,0,IC,0,86837.11909178048,23162.880908219522
146111,0,81000.0,Master,F,14,21604,HR,MM,13,MM,13,103071.19047619047,-22071.190476190473
158639,0,361000.0,Bachelor,M,4,39417,engineering,IC,0,IC,0,245313.12529643642,115686.87470356358
173494,0,312000.0,Bachelor,F,3,87929,sales,IC,0,IC,0,194461.09812463698,117538.90187536302
60752,1,227000.0,Bachelor,M,3,71585,sales,IC,0,IC,0,189257.1654400931,37742.834559906914
96679,0,264000.0,Master,M,2,182531,sales,IC,0,IC,0,196044.60399481485,67955.39600518515
77236,1,175000.0,Master,M,2,35499,sales,IC,0,IC,0,195747.7721196565,-20747.772119656496
46687,0,100000.0,PhD,M,1,43937,HR,IC,0,IC,0,77565.84484314994,22434.155156850058
74825,0,80000.0,Bachelor,M,5,167188,HR,IC,0,IC,0,83388.6198347678,-3388.6198347678
199857,1,241000.0,Bachelor,M,3,21470,marketing,IC,0,IC,0,188192.39140789176,52807.60859210824
196080,1,216000.0,Bachelor,M,3,159838,marketing,IC,0,IC,0,188192.39140789176,27807.60859210824
108604,0,96000.0,Bachelor,M,5,10786,HR,IC,0,IC,0,83388.6198347678,12611.3801652322
98496,0,126000.0,Master,F,4,81860,engineering,IC,0,IC,0,241976.73593625068,-115976.73593625068
77489,0,253000.0,High_School,M,6,134048,sales,IC,0,IC,0,190398.68369662002,62601.31630337998
103919,0,88000.0,Master,F,2,81421,HR,IC,0,IC,0,82960.55864883834,5039.4413511616585
42892,0,65000.0,Master,M,5,118506,HR,IC,0,IC,0,79443.02078272104,-14443.02078272104
63694,0,111000.0,Master,M,3,175361,sales,IC,0,IC,0,195369.80999597523,-84369.80999597523
45758,0,280000.0,Bachelor,F,7,66160,sales,IC,0,IC,0,202931.0713209912,77068.9286790088
14515,0,186000.0,PhD,M,3,110091,engineering,IC,0,IC,0,244594.82101961187,-58594.821019611874
41581,0,242000.0,Bachelor,M,6,109671,marketing,IC,0,IC,0,189453.14893188572,52546.85106811428
2894,0,60000.0,High_School,F,2,174009,HR,IC,0,IC,0,84827.81499972833,-24827.814999728333
199870,0,71000.0,Bachelor,F,4,33665,HR,IC,0,IC,0,86004.53677464435,-15004.536774644352
121875,1,76000.0,High_School,M,4,779,marketing,IC,0,IC,0,183760.25765752327,-107760.25765752327
36501,0,297000.0,Master,F,1,103421,engineering,IC,0,IC,0,251201.8322477962,45798.16775220379
186254,0,141000.0,High_School,M,3,65126,marketing,IC,0,IC,0,196140.8951932918,-55140.8951932918
19290,1,124000.0,PhD,M,6,141317,sales,IC,0,IC,0,188866.9788219157,-64866.97882191569
179426,0,124000.0,PhD,M,5,91002,marketing,IC,0,IC,0,203274.43239263128,-79274.43239263128
138583,0,272000.0,PhD,M,3,88936,sales,IC,0,IC,0,197202.7515403313,74797.24845966871
8476,0,223000.0,High_School,M,1,29410,engineering,IC,0,IC,0,231847.76096461926,-8847.760964619258
76518,0,394000.0,PhD,F,1,32938,engineering,IC,0,IC,0,245816.63079848664,148183.36920151336
64270,0,60000.0,Master,M,1,62298,HR,IC,0,IC,0,77429.4837578407,-17429.483757840702
8926,0,173000.0,PhD,F,3,181311,sales,IC,0,IC,0,195546.71190949707,-22546.71190949707
107437,1,360000.0,PhD,F,2,150194,engineering,IC,0,IC,0,285728.9021753286,74271.09782467142
65856,0,268000.0,High_School,F,8,120639,sales,MM,13,MM,13,210486.95155395512,57513.04844604488
117401,1,262000.0,PhD,M,1,95169,sales,IC,0,IC,0,193940.69232599234,68059.30767400766
51535,1,650000.0,PhD,M,33,61554,engineering,E,2695,E,2695,239662.72727272726,410337.2727272727
90756,0,377000.0,Master,M,4,144927,sales,IC,0,IC,0,194695.32052053208,182304.67947946792
128244,0,190000.0,High_School,M,5,54136,marketing,IC,0,IC,0,190498.8311588766,-498.8311588765937
65558,0,284000.0,High_School,F,1,58365,marketing,IC,0,IC,0,186565.31241750674,97434.68758249326
164288,0,211000.0,Bachelor,M,2,142685,sales,IC,0,IC,0,196776.30656462905,14223.693435370951
192034,0,79000.0,PhD,M,6,104539,HR,IC,0,IC,0,79413.27248501003,-413.27248501003487
61472,0,255000.0,PhD,M,2,144219,engineering,IC,0,IC,0,239738.82647541008,15261.173524589918
109843,1,79000.0,PhD,F,7,172717,HR,IC,0,IC,0,82717.32152609891,-3717.321526098909
152427,1,83000.0,PhD,M,1,7255,engineering,IC,0,IC,0,238639.5918970931,-155639.5918970931
46312,0,209000.0,Master,M,3,29960,marketing,IC,0,IC,0,195418.4685635701,13581.531436429912
114769,0,193000.0,Master,M,2,123258,marketing,IC,0,IC,0,189747.8553120937,3252.144687906286
191215,0,252000.0,Master,M,2,182531,sales,IC,0,IC,0,196044.60399481485,55955.396005185146
18348,1,140000.0,PhD,M,1,76435,sales,IC,0,IC,0,193940.69232599234,-53940.692325992335
184722,0,151000.0,PhD,M,2,37434,sales,IC,0,IC,0,201356.5442201449,-50356.54422014489
156589,0,219000.0,Bachelor,M,6,150408,engineering,IC,0,IC,0,252047.32944780047,-33047.32944780047
97839,0,210000.0,PhD,M,3,23120,marketing,IC,0,IC,0,204409.410789578,5590.589210422011
140399,0,260000.0,Bachelor,M,2,51288,engineering,IC,0,IC,0,238810.46474319053,21189.535256809468
603,0,267000.0,PhD,M,1,189890,engineering,IC,0,IC,0,245381.45541854406,21618.544581455935
191438,0,149000.0,PhD,F,3,27781,marketing,IC,0,IC,0,211839.30129742634,-62839.30129742634
177143,0,77000.0,Bachelor,F,7,66420,HR,IC,0,IC,0,79025.13326882306,-2025.1332688230614
179335,0,201000.0,Master,M,2,78997,engineering,IC,0,IC,0,225404.836709512,-24404.83670951199
123542,0,174000.0,Bachelor,M,2,115591,sales,IC,0,IC,0,196776.30656462905,-22776.30656462905
59856,0,229000.0,PhD,F,3,77844,sales,IC,0,IC,0,195546.71190949707,33453.28809050293
163887,0,182000.0,High_School,F,5,59555,marketing,IC,0,IC,0,196285.1315942073,-14285.131594207312
129197,0,322000.0,PhD,F,3,26183,sales,IC,0,IC,0,195546.71190949707,126453.28809050293
2111,1,103000.0,Master,M,1,149485,sales,IC,0,IC,0,194883.36343501264,-91883.36343501264
79080,1,163000.0,Bachelor,F,4,79735,engineering,IC,0,IC,0,250652.48560468346,-87652.48560468346
169375,1,81000.0,Bachelor,F,2,115593,HR,IC,0,IC,0,79092.27542418573,1907.7245758142672
94397,0,109000.0,PhD,M,5,129734,engineering,IC,0,IC,0,243058.35787352896,-134058.35787352896
139758,1,140000.0,PhD,M,3,95609,sales,IC,0,IC,0,182782.6484747099,-42782.64847470989
168315,0,194000.0,PhD,M,2,73893,sales,IC,0,IC,0,201356.5442201449,-7356.54422014489
172948,0,93000.0,PhD,F,14,39785,HR,MM,5,MM,5,115744.0,-22744.0
90513,0,192000.0,High_School,M,4,111508,marketing,IC,0,IC,0,195051.7370391725,-3051.737039172498
143700,1,192000.0,PhD,M,4,169574,marketing,IC,0,IC,0,206647.66908106598,-14647.669081065978
144817,0,301000.0,PhD,M,2,74264,marketing,IC,0,IC,0,198900.55025181093,102099.44974818907
178341,0,230000.0,Bachelor,F,7,56451,sales,IC,0,IC,0,202931.0713209912,27068.928679008794
160440,0,270000.0,High_School,M,2,133927,engineering,IC,0,IC,0,226878.35789292358,43121.64210707642
120638,0,336000.0,High_School,F,7,27660,engineering,MM,10,MM,10,303493.95884914306,32506.041150856938
91327,1,125000.0,Bachelor,M,3,98520,marketing,IC,0,IC,0,188192.39140789176,-63192.39140789176
156016,0,335000.0,High_School,M,1,5374,sales,IC,0,IC,0,186739.580228817,148260.419771183
182397,1,293000.0,Bachelor,M,2,97878,sales,IC,0,IC,0,198429.69040148894,94570.30959851106
65273,0,111000.0,Bachelor,F,3,183283,HR,IC,0,IC,0,83591.34611794354,27408.65388205646
180874,0,272000.0,Bachelor,M,3,91345,sales,IC,0,IC,0,194528.5959929,77471.4040071
150836,0,100000.0,Bachelor,M,3,32405,HR,IC,0,IC,0,77553.46065381975,22446.539346180245
10095,1,66000.0,Master,M,3,116119,marketing,IC,0,IC,0,189367.86484762578,-123367.86484762578
42362,0,195000.0,Master,M,5,179929,sales,IC,0,IC,0,196414.1583420818,-1414.1583420817915
7266,0,167000.0,Master,M,6,61988,engineering,IC,0,IC,0,250298.06490293815,-83298.06490293815
109543,0,280000.0,Master,M,3,95841,engineering,IC,0,IC,0,244073.52979870792,35926.470201292075
17785,0,256000.0,Bachelor,M,2,48120,engineering,IC,0,IC,0,238810.46474319053,17189.535256809468
143404,1,225000.0,Master,F,1,194078,marketing,IC,0,IC,0,153071.42070149296,71928.57929850704
154285,0,358000.0,PhD,M,14,107152,engineering,D,45,D,45,234575.96520146518,123424.03479853482
27436,1,124000.0,PhD,M,6,81644,engineering,IC,0,IC,0,225989.68999128733,-101989.68999128733
12374,1,221000.0,High_School,M,3,180925,sales,IC,0,IC,0,184716.40600900303,36283.593990996975
158020,0,155000.0,High_School,M,2,168564,sales,IC,0,IC,0,195986.4498613001,-40986.44986130009
120850,0,94000.0,PhD,F,4,44056,HR,IC,0,IC,0,82462.33964853613,11537.66035146387
23789,0,162000.0,Master,F,2,157966,marketing,IC,0,IC,0,190948.4877860469,-28948.4877860469
38657,1,63000.0,Bachelor,M,4,1872,engineering,IC,0,IC,0,243628.2627138922,-180628.2627138922
22209,0,191000.0,Bachelor,M,6,142926,engineering,IC,0,IC,0,252047.32944780047,-61047.32944780047
60120,0,219000.0,PhD,F,5,65883,marketing,IC,0,IC,0,207892.75710233356,11107.242897666438
175928,0,142000.0,Bachelor,M,3,118769,engineering,IC,0,IC,0,244492.12806626968,-102492.12806626968
60197,1,278000.0,Master,M,8,158888,sales,IC,0,IC,0,201595.65416309822,76404.34583690178
2083,1,211000.0,PhD,M,3,174122,engineering,IC,0,IC,0,246707.47890110445,-35707.47890110445
98912,0,98000.0,Bachelor,F,4,193818,HR,IC,0,IC,0,86004.53677464435,11995.463225355648
167116,1,148000.0,Master,M,1,113578,marketing,IC,0,IC,0,165989.76505118783,-17989.76505118783
78473,1,297000.0,Bachelor,M,3,177805,marketing,IC,0,IC,0,188192.39140789176,108807.60859210824
1367,1,126000.0,Bachelor,F,1,193518,sales,IC,0,IC,0,188276.224715987,-62276.22471598699
67122,1,333000.0,Master,F,4,154292,engineering,IC,0,IC,0,254657.44241884115,78342.55758115885
75786,0,103000.0,Master,M,3,151005,marketing,IC,0,IC,0,195418.4685635701,-92418.46856357009
55593,0,291000.0,Master,M,1,177772,marketing,IC,0,IC,0,195691.75019170734,95308.24980829266
132298,0,259000.0,Master,F,3,160289,sales,IC,0,IC,0,191260.8810195265,67739.11898047349
168472,1,206000.0,High_School,M,8,181421,sales,IC,0,IC,0,224201.6029267886,-18201.60292678859
72312,1,223000.0,Master,F,3,18939,sales,IC,0,IC,0,192638.1102185486,30361.889781451406
146677,1,92000.0,Master,F,2,47748,HR,IC,0,IC,0,85628.79233395943,6371.207666040573
156010,1,342000.0,PhD,M,8,28697,engineering,MM,9,MM,9,284870.3210624548,57129.67893754522
85485,1,303000.0,PhD,M,1,124014,sales,IC,0,IC,0,193940.69232599234,109059.30767400766
69621,1,204000.0,High_School,F,8,158609,sales,IC,0,IC,0,206849.13583615414,-2849.135836154135
164154,0,76000.0,PhD,M,1,14226,HR,IC,0,IC,0,77565.84484314994,-1565.8448431499419
113245,0,137000.0,Master,F,10,198366,sales,MM,16,MM,16,180283.86526674288,-43283.86526674288
71902,0,82000.0,Master,F,3,146111,HR,IC,0,IC,0,83947.66681572703,-1947.6668157270324
6444,1,69000.0,High_School,F,3,130342,HR,IC,0,IC,0,78171.16123674017,-9171.161236740169
106220,0,74000.0,PhD,M,1,180006,HR,IC,0,IC,0,77565.84484314994,-3565.844843149942
113310,0,114000.0,PhD,M,1,71585,sales,IC,0,IC,0,198908.11730505654,-84908.11730505654
64113,0,181000.0,High_School,M,3,129410,sales,IC,0,IC,0,193926.29331709526,-12926.29331709526
140596,1,214000.0,Master,M,1,82463,marketing,IC,0,IC,0,165989.76505118783,48010.23494881217
145949,0,216000.0,PhD,M,2,175593,sales,IC,0,IC,0,201356.5442201449,14643.45577985511
30901,0,68000.0,Master,F,2,68222,HR,IC,0,IC,0,82960.55864883834,-14960.558648838341
155125,1,182000.0,High_School,M,2,175361,sales,IC,0,IC,0,197187.20652557365,-15187.206525573652
17351,0,84000.0,Bachelor,F,2,75705,HR,IC,0,IC,0,86599.55002878579,-2599.5500287857867
55653,1,206000.0,PhD,M,7,47755,sales,MM,10,MM,10,192050.6729794646,13949.327020535391
121671,0,65000.0,Master,M,5,16445,HR,IC,0,IC,0,79443.02078272104,-14443.02078272104
34430,1,81000.0,PhD,F,4,55972,HR,IC,0,IC,0,77517.26291450021,3482.737085499786
63205,1,183000.0,PhD,F,4,70819,engineering,IC,0,IC,0,230933.5124355746,-47933.51243557461
37954,0,195000.0,Bachelor,M,6,123000,sales,IC,0,IC,0,193558.3030501584,1441.6969498416001
15905,0,197000.0,Master,M,1,27704,sales,IC,0,IC,0,198051.2011472294,-1051.2011472294107
187782,0,173000.0,Master,F,4,50761,marketing,IC,0,IC,0,198018.38231216176,-25018.38231216176
95127,0,371000.0,Master,F,2,191289,engineering,IC,0,IC,0,260023.70872319196,110976.29127680804
185579,0,222000.0,Master,M,4,87762,sales,IC,0,IC,0,194695.32052053208,27304.679479467915
50734,1,267000.0,High_School,M,1,197832,marketing,IC,0,IC,0,201774.6310184148,65225.3689815852
7204,0,290000.0,Master,M,6,94611,engineering,IC,0,IC,0,250298.06490293815,39701.935097061854
147973,1,176000.0,PhD,M,2,84193,marketing,IC,0,IC,0,180493.22465190728,-4493.22465190728
75281,0,241000.0,Bachelor,M,8,60609,sales,IC,0,IC,0,181827.5254596792,59172.47454032081
123546,0,247000.0,High_School,F,5,125755,marketing,IC,0,IC,0,196285.1315942073,50714.86840579269
76433,0,341000.0,Bachelor,M,1,1651,engineering,IC,0,IC,0,253447.42674818967,87552.57325181033
5514,1,158000.0,Bachelor,M,6,175593,sales,IC,0,IC,0,198291.83614469276,-40291.83614469276
172246,0,241000.0,PhD,M,7,49727,sales,MM,5,MM,5,199453.15201748637,41546.84798251363
170153,0,280000.0,Bachelor,M,2,33266,marketing,IC,0,IC,0,196739.27564649528,83260.72435350472
166328,1,200000.0,High_School,M,6,110878,engineering,IC,0,IC,0,206043.43468483628,-6043.434684836277
14275,0,212000.0,High_School,M,5,37220,engineering,IC,0,IC,0,243781.76916131607,-31781.76916131607
95933,0,61000.0,Bachelor,F,3,41808,HR,IC,0,IC,0,83591.34611794354,-22591.34611794354
27128,1,62000.0,High_School,F,5,97919,HR,IC,0,IC,0,69404.2745037112,-7404.274503711204
93792,0,196000.0,PhD,M,4,61988,engineering,IC,0,IC,0,241182.17333249372,-45182.17333249372
85912,0,172000.0,PhD,F,6,158888,sales,IC,0,IC,0,194169.18557509538,-22169.185575095384
46370,0,125000.0,High_School,F,4,147106,sales,IC,0,IC,0,198949.1492696776,-73949.14926967761
136425,0,76000.0,Master,M,2,16445,HR,IC,0,IC,0,75830.80845334244,169.19154665755923
14484,0,60000.0,High_School,M,8,55972,HR,IC,0,IC,0,63413.77372722926,-3413.773727229258
145480,0,143000.0,Master,F,4,59705,sales,IC,0,IC,0,198453.75863186418,-55453.758631864184
90400,1,113000.0,Master,F,1,62081,sales,IC,0,IC,0,162567.59691448012,-49567.59691448012
108285,1,153000.0,PhD,M,6,129734,engineering,IC,0,IC,0,225989.68999128733,-72989.68999128733
14241,0,257000.0,PhD,M,4,37154,marketing,MM,9,MM,9,205436.23066107373,51563.76933892627
183402,0,291000.0,PhD,M,1,189222,engineering,IC,0,IC,0,245381.45541854406,45618.544581455935
177988,1,185000.0,Master,F,1,34714,sales,IC,0,IC,0,162567.59691448012,22432.40308551988
53121,0,97000.0,Master,M,1,102043,marketing,IC,0,IC,0,195691.75019170734,-98691.75019170734
10906,0,173000.0,High_School,F,2,82657,sales,IC,0,IC,0,189874.31344501488,-16874.31344501488
29251,0,371000.0,PhD,F,3,115349,sales,IC,0,IC,0,195546.71190949707,175453.28809050293
178945,0,279000.0,PhD,M,1,98558,engineering,IC,0,IC,0,245381.45541854406,33618.544581455935
156927,1,250000.0,Bachelor,M,7,181566,marketing,MM,14,MM,14,244097.78206802596,5902.217931974039
12448,1,216000.0,PhD,M,4,56316,sales,IC,0,IC,0,200154.16277634335,15845.83722365665
167264,0,135000.0,Bachelor,M,3,75045,marketing,IC,0,IC,0,195837.03111956886,-60837.031119568856
164998,1,219000.0,Bachelor,M,1,147103,engineering,IC,0,IC,0,241459.58846692662,-22459.588466926623
25548,1,102000.0,Bachelor,F,2,194904,HR,IC,0,IC,0,79092.27542418573,22907.724575814267
74860,1,199000.0,Bachelor,M,1,95169,sales,IC,0,IC,0,180018.0883550749,18981.9116449251
32658,1,275000.0,PhD,M,3,168905,engineering,IC,0,IC,0,246707.47890110445,28292.52109889555
106304,0,279000.0,Bachelor,M,3,147715,sales,IC,0,IC,0,194528.5959929,84471.4040071
195311,0,215000.0,Master,M,6,164326,sales,IC,0,IC,0,192430.58157034806,22569.418429651938
140664,1,149000.0,PhD,M,3,8198,engineering,IC,0,IC,0,246707.47890110445,-97707.47890110445
22785,0,76000.0,High_School,F,1,180006,HR,IC,0,IC,0,84206.1973205254,-8206.197320525403
53566,0,252000.0,Bachelor,M,5,164547,sales,IC,0,IC,0,195038.08580704563,56961.91419295437
123670,0,131000.0,PhD,F,1,16073,marketing,IC,0,IC,0,167799.52370018433,-36799.523700184334
139396,0,73000.0,PhD,F,8,197896,HR,IC,0,IC,0,77435.56827670474,-4435.56827670474
174702,0,206000.0,PhD,F,6,23120,marketing,IC,0,IC,0,205528.0855651748,471.9144348251866
189844,0,165000.0,PhD,M,4,162381,engineering,IC,0,IC,0,241182.17333249372,-76182.17333249372
120825,0,163000.0,High_School,F,1,124014,sales,IC,0,IC,0,184712.4239725275,-21712.423972527497
111040,0,98000.0,Master,M,6,5374,sales,IC,0,IC,0,192430.58157034806,-94430.58157034806
189398,0,112000.0,Master,M,6,164501,HR,IC,0,IC,0,79333.42563341424,32666.57436658576
138983,1,392000.0,Bachelor,F,4,157064,marketing,IC,0,IC,0,207278.65164912542,184721.34835087458
35074,0,284000.0,PhD,M,4,195165,engineering,IC,0,IC,0,241182.17333249372,42817.82666750628
136861,1,88000.0,Master,M,8,157492,sales,MM,7,MM,7,182627.63076564096,-94627.63076564096
84660,1,390000.0,Bachelor,F,1,149135,engineering,IC,0,IC,0,217588.1074776503,172411.8925223497
133849,0,221000.0,High_School,M,2,71130,engineering,IC,0,IC,0,226878.35789292358,-5878.357892923581
119564,0,69000.0,High_School,F,3,194904,HR,IC,0,IC,0,85386.80778186422,-16386.80778186422
15971,0,205000.0,PhD,M,2,102102,sales,IC,0,IC,0,201356.5442201449,3643.4557798551104
152856,0,233000.0,PhD,M,2,59705,sales,IC,0,IC,0,201356.5442201449,31643.45577985511
183920,0,245000.0,Bachelor,M,2,149245,marketing,IC,0,IC,0,196739.27564649528,48260.72435350472
72644,0,391000.0,High_School,M,3,126257,engineering,IC,0,IC,0,251988.4772456092,139011.5227543908
48724,0,81000.0,High_School,F,2,8182,sales,IC,0,IC,0,189874.31344501488,-108874.31344501488
129930,1,96000.0,High_School,M,4,101981,sales,IC,0,IC,0,195764.89920874953,-99764.89920874953
52253,0,125000.0,Master,M,2,102632,marketing,IC,0,IC,0,189747.8553120937,-64747.855312093714
191274,0,245000.0,High_School,M,1,55858,engineering,IC,0,IC,0,231847.76096461926,13152.239035380742
71682,0,236000.0,PhD,F,1,67522,sales,IC,0,IC,0,184864.59303542023,51135.40696457977
36431,0,388000.0,Master,M,7,8193,engineering,IC,0,IC,0,239867.33568426527,148132.66431573473
24278,1,226000.0,High_School,M,1,129626,marketing,IC,0,IC,0,201774.6310184148,24225.368981585198
129679,1,360000.0,Master,M,2,76310,engineering,IC,0,IC,0,233296.97305636574,126703.02694363426
196768,0,106000.0,Master,M,1,67178,HR,IC,0,IC,0,77429.4837578407,28570.516242159298
24300,0,198000.0,PhD,M,5,87613,engineering,IC,0,IC,0,243058.35787352896,-45058.35787352896
60862,1,225000.0,Bachelor,M,3,147249,engineering,IC,0,IC,0,238207.9962027491,-13207.996202749113
161010,0,249000.0,PhD,F,3,49729,sales,IC,0,IC,0,195546.71190949707,53453.28809050293
83947,0,196000.0,High_School,F,1,77766,marketing,IC,0,IC,0,186565.31241750674,9434.687582493265
158329,0,355000.0,PhD,F,3,29547,engineering,IC,0,IC,0,250494.2058762398,104505.79412376019
78704,1,209000.0,High_School,F,3,179569,sales,IC,0,IC,0,206475.92737872282,2524.072621277184
149696,0,218000.0,PhD,M,6,135238,sales,MM,12,MM,12,186855.87280490887,31144.127195091132
87613,0,145000.0,Master,M,12,140317,engineering,MM,14,MM,14,205220.55638662202,-60220.55638662202
4630,0,123000.0,Master,M,2,124186,marketing,IC,0,IC,0,189747.8553120937,-66747.85531209371
119576,1,154000.0,Master,M,7,27660,engineering,MM,16,MM,16,200718.73626451366,-46718.73626451366
181438,0,304000.0,PhD,M,3,159838,marketing,IC,0,IC,0,204409.410789578,99590.58921042201
98556,0,66000.0,PhD,F,4,61517,HR,IC,0,IC,0,82462.33964853613,-16462.33964853613
6211,0,186000.0,PhD,M,1,193920,sales,IC,0,IC,0,198908.11730505654,-12908.117305056541
171280,1,71000.0,PhD,F,4,80240,HR,IC,0,IC,0,77517.26291450021,-6517.262914500214
97919,1,71000.0,Master,F,2,110260,HR,MM,6,MM,6,75937.24286775604,-4937.242867756038
865,0,212000.0,Bachelor,M,3,48690,sales,IC,0,IC,0,194528.5959929,17471.404007100005
75966,0,159000.0,Master,M,3,159996,sales,IC,0,IC,0,195369.80999597523,-36369.80999597523
27283,1,136000.0,Bachelor,M,3,133927,engineering,IC,0,IC,0,238207.9962027491,-102207.99620274911
4156,0,162000.0,PhD,F,5,37434,sales,IC,0,IC,0,201521.88967796802,-39521.88967796802
56137,0,73000.0,Master,M,5,191083,marketing,IC,0,IC,0,192239.89997562923,-119239.89997562923
3917,1,236000.0,Master,M,16,139032,sales,D,87,D,87,233767.8322066822,2232.1677933178144
191413,0,278000.0,Master,F,3,63832,marketing,IC,0,IC,0,191708.4988256018,86291.5011743982
130449,1,141000.0,PhD,M,11,47755,sales,MM,7,MM,7,168298.93391897663,-27298.933918976632
88619,0,331000.0,Master,M,5,48690,sales,IC,0,IC,0,196414.1583420818,134585.8416579182
115329,0,376000.0,Bachelor,M,6,112750,engineering,IC,0,IC,0,252047.32944780047,123952.67055219953
161727,0,340000.0,PhD,M,7,28697,engineering,MM,14,MM,14,276394.220886265,63605.779113735014
90423,0,107000.0,High_School,F,2,53856,HR,IC,0,IC,0,84827.81499972833,22172.185000271667
185673,0,271000.0,Master,M,16,51535,engineering,VP,207,VP,207,246780.28571428574,24219.71428571426
27769,0,80000.0,High_School,F,3,178147,HR,IC,0,IC,0,85386.80778186422,-5386.80778186422
155834,0,158000.0,High_School,M,1,198879,sales,IC,0,IC,0,186739.580228817,-28739.58022881701
196146,1,66000.0,High_School,F,4,102684,sales,IC,0,IC,0,198726.40167991037,-132726.40167991037
33224,0,177000.0,Bachelor,M,6,14470,sales,IC,0,IC,0,193558.3030501584,-16558.3030501584
136209,1,76000.0,Bachelor,F,5,193818,HR,IC,0,IC,0,74345.25579638215,1654.7442036178545
192230,1,235000.0,Master,F,8,143050,marketing,IC,0,IC,0,211642.97239839498,23357.02760160502
149410,0,229000.0,PhD,F,3,88303,sales,IC,0,IC,0,195546.71190949707,33453.28809050293
91074,0,204000.0,Master,M,5,168564,sales,IC,0,IC,0,196414.1583420818,7585.8416579182085
188646,0,292000.0,Master,M,3,55653,sales,IC,0,IC,0,195369.80999597523,96630.19000402477
171446,1,256000.0,Bachelor,M,2,148418,engineering,IC,0,IC,0,242862.72183744767,13137.278162552335
158309,0,173000.0,PhD,M,2,198778,engineering,IC,0,IC,0,239738.82647541008,-66738.82647541008
51401,0,242000.0,Master,F,1,140542,sales,IC,0,IC,0,177865.95495298997,64134.04504701003
100509,0,119000.0,Bachelor,M,5,105395,engineering,IC,0,IC,0,237543.49587850232,-118543.49587850232
143008,0,277000.0,PhD,F,1,169231,sales,IC,0,IC,0,184864.59303542023,92135.40696457977
182116,1,246000.0,Master,M,5,3235,sales,MM,13,MM,13,213380.3203560236,32619.679643976386
54984,0,167000.0,Bachelor,M,6,191649,sales,IC,0,IC,0,193558.3030501584,-26558.3030501584
22802,1,106000.0,Bachelor,M,3,150290,HR,IC,0,IC,0,83567.77820499761,22432.22179500239
172889,0,105000.0,Master,M,2,49727,sales,MM,6,MM,6,160978.23155275584,-55978.23155275584
56743,0,61000.0,Master,M,2,74170,sales,IC,0,IC,0,196044.60399481485,-135044.60399481485
45953,0,321000.0,High_School,M,2,168342,engineering,IC,0,IC,0,226878.35789292358,94121.64210707642
182404,1,149000.0,High_School,M,2,161132,marketing,IC,0,IC,0,196899.97053999678,-47899.97053999678
126454,1,175000.0,Master,M,1,90834,sales,IC,0,IC,0,194883.36343501264,-19883.363435012638
34423,0,68000.0,Bachelor,F,2,160289,sales,IC,0,IC,0,190325.4138625573,-122325.4138625573
38576,0,220000.0,Master,M,1,191485,sales,IC,0,IC,0,198051.2011472294,21948.79885277059
108178,1,214000.0,High_School,M,4,155437,engineering,IC,0,IC,0,265464.78858191444,-51464.78858191444
149600,0,79000.0,Bachelor,F,5,171461,HR,IC,0,IC,0,85695.75736501839,-6695.757365018391
43688,0,86000.0,PhD,F,3,149245,marketing,IC,0,IC,0,211839.30129742634,-125839.30129742634
18581,1,66000.0,PhD,M,5,87884,engineering,IC,0,IC,0,234389.674076652,-168389.674076652
137440,0,106000.0,PhD,F,1,62298,HR,IC,0,IC,0,87076.16641899414,18923.833581005863
23088,0,180000.0,Master,M,1,88936,sales,IC,0,IC,0,198051.2011472294,-18051.20114722941
67962,0,246000.0,Bachelor,M,2,159996,sales,IC,0,IC,0,196776.30656462905,49223.69343537095
80072,0,218000.0,Bachelor,M,4,138772,sales,IC,0,IC,0,193264.55968086384,24735.440319136163
81421,0,102000.0,High_School,F,10,45969,HR,MM,17,MM,17,85134.61363636363,16865.386363636368
5633,0,176000.0,Bachelor,M,2,149696,sales,IC,0,IC,0,196776.30656462905,-20776.30656462905
152341,0,387000.0,High_School,M,1,159098,engineering,IC,0,IC,0,231847.76096461926,155152.23903538074
198226,1,192000.0,PhD,M,3,21377,sales,IC,0,IC,0,182782.6484747099,9217.351525290112
16760,1,95000.0,PhD,F,3,125114,HR,IC,0,IC,0,76930.77304190416,18069.22695809584
170917,1,228000.0,Master,M,5,147249,engineering,IC,0,IC,0,228892.63088194563,-892.6308819456317
118252,1,137000.0,Bachelor,M,2,34714,sales,IC,0,IC,0,198429.69040148894,-61429.690401488944
106808,0,135000.0,PhD,F,1,54136,marketing,IC,0,IC,0,167799.52370018433,-32799.523700184334
52371,0,203000.0,PhD,F,6,140542,sales,IC,0,IC,0,194169.18557509538,8830.814424904616
113606,0,72000.0,High_School,F,1,24287,HR,IC,0,IC,0,84206.1973205254,-12206.197320525403
162444,0,67000.0,Bachelor,F,1,11507,HR,IC,0,IC,0,77771.4712925606,-10771.4712925606
68201,1,299000.0,Master,M,9,41945,sales,MM,8,MM,8,220301.07480703664,78698.92519296336
52307,0,69000.0,Master,M,1,70406,marketing,IC,0,IC,0,195691.75019170734,-126691.75019170734
152436,1,112000.0,High_School,M,6,167650,engineering,IC,0,IC,0,206043.43468483628,-94043.43468483628
160018,1,319000.0,Bachelor,M,2,48352,engineering,IC,0,IC,0,242862.72183744767,76137.27816255233
107860,0,108000.0,Bachelor,M,3,147016,sales,IC,0,IC,0,194528.5959929,-86528.5959929
24568,0,337000.0,High_School,F,3,98967,marketing,IC,0,IC,0,188217.89882621306,148782.10117378694
78169,0,106000.0,PhD,M,2,59705,sales,IC,0,IC,0,201356.5442201449,-95356.54422014489
54546,0,95000.0,Master,M,4,14226,HR,IC,0,IC,0,85034.65160610934,9965.348393890657
199068,0,282000.0,PhD,M,4,54315,sales,IC,0,IC,0,194705.84234154952,87294.15765845048
169664,0,215000.0,Master,M,4,184512,engineering,MM,6,MM,6,245129.8496188871,-30129.849618887092
71858,1,158000.0,Master,M,2,196637,engineering,IC,0,IC,0,233296.97305636574,-75296.97305636574
166170,1,77000.0,Master,F,1,59705,sales,IC,0,IC,0,162567.59691448012,-85567.59691448012
76603,0,95000.0,Bachelor,F,3,134944,sales,IC,0,IC,0,194461.09812463698,-99461.09812463698
161091,0,148000.0,Bachelor,F,3,75045,marketing,IC,0,IC,0,193135.262713467,-45135.262713467004
121127,0,69000.0,Master,M,1,9400,HR,IC,0,IC,0,77429.4837578407,-8429.483757840702
76955,0,301000.0,PhD,F,4,136313,engineering,IC,0,IC,0,246324.63278111335,54675.36721888665
130445,0,112000.0,Master,F,2,65883,marketing,IC,0,IC,0,190948.4877860469,-78948.4877860469
63365,0,98000.0,Master,F,5,11507,HR,IC,0,IC,0,83499.17048362638,14500.829516373618
129146,0,205000.0,Bachelor,F,2,191073,sales,IC,0,IC,0,190325.4138625573,14674.586137442704
7730,1,271000.0,PhD,M,1,73489,sales,IC,0,IC,0,193940.69232599234,77059.30767400766
93579,1,82000.0,Bachelor,M,4,113245,sales,IC,0,IC,0,200945.03521904073,-118945.03521904073
163807,1,94000.0,Master,F,7,171461,HR,IC,0,IC,0,89337.85046829452,4662.14953170548
137823,0,75000.0,PhD,F,3,32405,HR,IC,0,IC,0,83843.8873054549,-8843.887305454904
91961,0,199000.0,Master,M,2,191649,sales,IC,0,IC,0,196044.60399481485,2955.3960051851464
187643,0,78000.0,Bachelor,F,2,68222,HR,IC,0,IC,0,86599.55002878579,-8599.550028785787
194802,1,87000.0,Master,M,6,191351,marketing,IC,0,IC,0,193951.43666003481,-106951.43666003481
90169,0,138000.0,Master,M,4,81490,sales,IC,0,IC,0,194695.32052053208,-56695.320520532085
104708,0,79000.0,Bachelor,F,3,29733,HR,IC,0,IC,0,83591.34611794354,-4591.34611794354
184998,1,149000.0,PhD,M,10,183175,sales,MM,13,MM,13,160913.0700489534,-11913.070048953407
37210,0,218000.0,Master,M,4,113566,engineering,IC,0,IC,0,241830.84919374806,-23830.849193748058
88173,0,224000.0,PhD,M,2,147819,sales,IC,0,IC,0,201356.5442201449,22643.45577985511
12909,0,69000.0,PhD,F,4,129626,marketing,IC,0,IC,0,215242.36812769604,-146242.36812769604
153627,0,247000.0,Master,M,5,79193,sales,IC,0,IC,0,196414.1583420818,50585.84165791821
76318,0,273000.0,Bachelor,M,5,148418,engineering,IC,0,IC,0,237543.49587850232,35456.50412149768
167738,1,164000.0,PhD,M,1,79,sales,IC,0,IC,0,193940.69232599234,-29940.692325992335
127138,1,317000.0,Bachelor,F,1,156010,engineering,IC,0,IC,0,217588.1074776503,99411.89252234969
167130,1,310000.0,High_School,F,3,39388,sales,IC,0,IC,0,206475.92737872282,103524.07262127718
113415,0,303000.0,Bachelor,M,2,191485,sales,IC,0,IC,0,196776.30656462905,106223.69343537095
57280,1,167000.0,Master,M,2,119991,engineering,IC,0,IC,0,233296.97305636574,-66296.97305636574
177489,0,223000.0,Bachelor,M,14,71532,marketing,MM,4,MM,4,215733.6559646944,7266.344035305607
44055,0,73000.0,PhD,F,3,180006,HR,IC,0,IC,0,83843.8873054549,-10843.887305454904
179117,0,100000.0,Bachelor,M,5,118506,HR,IC,0,IC,0,83388.6198347678,16611.3801652322
14373,1,89000.0,PhD,M,9,147642,sales,IC,0,IC,0,157322.67070829312,-68322.67070829312
13972,0,73000.0,Master,M,2,754,HR,IC,0,IC,0,75830.80845334244,-2830.8084533424408
145867,0,298000.0,PhD,M,5,147249,engineering,IC,0,IC,0,243058.35787352896,54941.64212647104
84129,0,106000.0,Bachelor,F,2,169574,marketing,IC,0,IC,0,195854.82935350726,-89854.82935350726
167877,1,213000.0,Master,M,5,119833,sales,MM,17,MM,17,225445.90449389708,-12445.904493897076
196803,0,207000.0,High_School,M,7,77670,sales,IC,0,IC,0,187723.0207662197,19276.979233780294
185778,0,238000.0,PhD,F,2,79,sales,IC,0,IC,0,202419.4707253329,35580.52927466709
79125,0,299000.0,PhD,M,1,73663,marketing,IC,0,IC,0,195577.15476246577,103422.84523753423
131888,0,223000.0,PhD,M,4,127544,sales,IC,0,IC,0,194705.84234154952,28294.15765845048
164285,1,134000.0,PhD,M,1,149135,engineering,IC,0,IC,0,238639.5918970931,-104639.59189709311
42198,0,95000.0,Bachelor,F,8,77556,HR,IC,0,IC,0,83803.37035013305,11196.629649866954
75372,0,347000.0,PhD,F,3,55858,engineering,IC,0,IC,0,250494.2058762398,96505.79412376019
28643,0,151000.0,High_School,F,1,75198,marketing,IC,0,IC,0,186565.31241750674,-35565.312417506735
101940,0,81000.0,PhD,M,1,130342,HR,IC,0,IC,0,77565.84484314994,3434.155156850058
14011,0,207000.0,PhD,F,2,48120,engineering,IC,0,IC,0,245586.57159200107,-38586.57159200107
90835,0,374000.0,PhD,F,6,168905,engineering,IC,0,IC,0,250524.0699823515,123475.9300176485
66306,0,255000.0,PhD,M,5,183869,engineering,MM,6,MM,6,248574.63708740007,6425.362912599929
172351,0,99000.0,Bachelor,F,1,123502,HR,IC,0,IC,0,77771.4712925606,21228.5287074394
186961,1,286000.0,High_School,M,9,124014,sales,IC,0,IC,0,242421.09888366255,43578.90111633745
31440,0,91000.0,Bachelor,F,4,174009,HR,IC,0,IC,0,86004.53677464435,4995.463225355648
48129,0,191000.0,Bachelor,M,4,87762,sales,IC,0,IC,0,193264.55968086384,-2264.5596808638365
24425,1,168000.0,High_School,F,7,66692,sales,IC,0,IC,0,191511.5717274521,-23511.5717274521
170092,0,79000.0,Bachelor,F,1,164501,HR,IC,0,IC,0,77771.4712925606,1228.5287074394
145036,0,62000.0,Bachelor,M,5,75705,HR,IC,0,IC,0,83388.6198347678,-21388.6198347678
33450,0,88000.0,PhD,F,5,10773,engineering,IC,0,IC,0,253630.17097182493,-165630.17097182493
78375,0,372000.0,High_School,M,3,111974,engineering,IC,0,IC,0,251988.4772456092,120011.52275439081
132678,1,175000.0,Master,M,1,43858,engineering,IC,0,IC,0,250966.59465767271,-75966.59465767271
92629,0,230000.0,Bachelor,F,6,120638,engineering,IC,0,IC,0,270179.264244216,-40179.26424421603
39031,0,196000.0,Master,F,3,170922,sales,IC,0,IC,0,191260.8810195265,4739.1189804734895
111615,0,158000.0,PhD,F,2,7212,marketing,IC,0,IC,0,202112.82741275989,-44112.827412759885
154375,1,172000.0,PhD,F,12,24015,HR,MM,9,MM,9,134005.92592592593,37994.07407407407
127756,0,308000.0,High_School,F,1,4259,engineering,IC,0,IC,0,256554.63123786892,51445.36876213108
166380,0,239000.0,PhD,M,1,67931,engineering,IC,0,IC,0,245381.45541854406,-6381.455418544065
32159,0,361000.0,Master,M,5,176804,sales,MM,18,MM,18,278166.69809194637,82833.30190805363
174893,0,147000.0,Master,F,2,49729,sales,IC,0,IC,0,192912.71319514548,-45912.71319514548
36931,0,385000.0,Master,M,3,6536,marketing,IC,0,IC,0,195418.4685635701,189581.5314364299
89523,0,210000.0,PhD,F,14,66119,sales,MM,7,MM,7,225397.0009023168,-15397.000902316795
136171,1,286000.0,PhD,M,1,7255,engineering,IC,0,IC,0,238639.5918970931,47360.40810290689
115731,1,335000.0,Bachelor,M,7,19424,engineering,IC,0,IC,0,261589.3707799731,73410.6292200269
119514,1,297000.0,Master,F,2,108428,engineering,IC,0,IC,0,253356.57931868994,43643.42068131006
30131,0,63000.0,Master,F,5,43937,HR,IC,0,IC,0,83499.17048362638,-20499.17048362638
108372,1,267000.0,PhD,M,2,8182,sales,IC,0,IC,0,191180.20114872733,75819.79885127267
69734,0,388000.0,PhD,M,2,187053,engineering,IC,0,IC,0,239738.82647541008,148261.17352458992
164772,0,316000.0,PhD,F,1,119991,engineering,IC,0,IC,0,245816.63079848664,70183.36920151336
124728,0,293000.0,High_School,M,4,158888,sales,IC,0,IC,0,192668.28755272523,100331.71244727477
34393,1,255000.0,High_School,M,4,148795,engineering,IC,0,IC,0,265464.78858191444,-10464.788581914443
127904,1,321000.0,Bachelor,M,3,45803,sales,IC,0,IC,0,189257.1654400931,131742.8345599069
28979,0,175000.0,Master,M,12,198366,sales,MM,10,MM,10,190138.2070398718,-15138.207039871806
24965,0,286000.0,PhD,M,7,177166,engineering,IC,0,IC,0,243957.16219824034,42042.837801759655
120586,0,270000.0,PhD,M,5,87929,sales,IC,0,IC,0,192559.0137282462,77440.98627175379
185721,0,162000.0,PhD,F,2,87929,sales,IC,0,IC,0,202419.4707253329,-40419.47072533291
199084,1,339000.0,PhD,M,4,98558,engineering,IC,0,IC,0,236378.21786726158,102621.78213273842
177860,0,202000.0,PhD,M,6,93708,HR,VP,182,VP,182,159817.80555555553,42182.19444444447
101547,0,156000.0,PhD,M,3,143317,sales,IC,0,IC,0,197202.7515403313,-41202.75154033129
45615,1,321000.0,PhD,F,2,156927,marketing,IC,0,IC,0,178705.9724548009,142294.0275451991
30620,0,137000.0,Master,M,1,112750,engineering,IC,0,IC,0,253167.61103592915,-116167.61103592915
7314,0,330000.0,Master,M,1,101484,engineering,IC,0,IC,0,253167.61103592915,76832.38896407085
48330,0,245000.0,PhD,F,3,46997,sales,IC,0,IC,0,195546.71190949707,49453.28809050293
179301,1,87000.0,Master,F,4,29749,HR,IC,0,IC,0,76240.23849965347,10759.761500346533
57274,0,123000.0,Master,F,5,188118,sales,IC,0,IC,0,199991.97931669242,-76991.97931669242
197206,0,98000.0,Master,M,2,91869,marketing,MM,12,MM,12,160977.94030091315,-62977.94030091315
132451,0,239000.0,High_School,M,6,137776,engineering,IC,0,IC,0,264491.40438673896,-25491.404386738956
35461,1,316000.0,High_School,M,1,73663,marketing,IC,0,IC,0,201774.6310184148,114225.3689815852
130578,1,134000.0,Bachelor,F,1,145126,sales,IC,0,IC,0,188276.224715987,-54276.22471598699
35594,0,122000.0,Bachelor,F,1,102026,sales,IC,0,IC,0,190803.3928173758,-68803.3928173758
19934,0,91000.0,High_School,F,3,199950,HR,IC,0,IC,0,85386.80778186422,5613.19221813578
169024,1,108000.0,Bachelor,M,1,70406,marketing,IC,0,IC,0,169925.83131011992,-61925.83131011992
25392,0,68000.0,Master,F,8,141211,HR,IC,0,IC,0,76675.9929422252,-8675.992942225203
83064,0,217000.0,High_School,F,4,99139,sales,IC,0,IC,0,198949.1492696776,18050.85073032239
150406,0,62000.0,Bachelor,M,2,102498,HR,IC,0,IC,0,83618.18616664072,-21618.18616664072
112479,0,180000.0,High_School,M,3,190566,marketing,IC,0,IC,0,196140.8951932918,-16140.895193291799
67504,0,268000.0,PhD,M,1,62043,engineering,IC,0,IC,0,245381.45541854406,22618.544581455935
115496,0,237000.0,PhD,M,4,149245,marketing,IC,0,IC,0,210382.93359964158,26617.066400358424
79613,0,79000.0,Master,M,5,184236,HR,IC,0,IC,0,79443.02078272104,-443.0207827210397
76091,0,342000.0,Master,M,4,60373,marketing,IC,0,IC,0,194518.27840682067,147481.72159317933
142985,0,198000.0,Master,F,3,1651,engineering,IC,0,IC,0,238133.50270656022,-40133.50270656022
191879,1,186000.0,PhD,F,5,144928,sales,IC,0,IC,0,201105.53032258726,-15105.530322587263
198424,0,232000.0,PhD,M,8,115539,marketing,MM,7,MM,7,216015.94205867324,15984.057941326755
24985,0,80000.0,Master,F,4,123154,HR,IC,0,IC,0,79232.74241669648,767.2575833035226
194535,0,151000.0,Bachelor,M,5,149135,engineering,IC,0,IC,0,237543.49587850232,-86543.49587850232
178582,0,379000.0,Master,M,1,137776,engineering,IC,0,IC,0,253167.61103592915,125832.38896407085
171217,1,99000.0,Master,F,2,8711,marketing,IC,0,IC,0,173888.25401291758,-74888.25401291758
189399,0,194000.0,PhD,F,4,169223,engineering,IC,0,IC,0,246324.63278111335,-52324.63278111335
32580,1,230000.0,High_School,M,8,148032,sales,IC,0,IC,0,224201.6029267886,5798.39707321141
22133,0,316000.0,Master,F,5,97878,sales,IC,0,IC,0,199991.97931669242,116008.02068330758
135154,0,178000.0,Bachelor,F,2,169223,engineering,IC,0,IC,0,241425.92290671106,-63425.92290671106
99262,0,142000.0,High_School,M,3,8182,sales,IC,0,IC,0,193926.29331709526,-51926.29331709526
114015,1,175000.0,High_School,M,7,84193,marketing,IC,0,IC,0,179882.99604495429,-4882.996044954285
16507,0,117000.0,PhD,M,8,80240,HR,IC,0,IC,0,77217.56023676235,39782.43976323765
22976,1,314000.0,PhD,M,7,181787,marketing,IC,0,IC,0,202702.61017714458,111297.38982285542
24764,0,62000.0,Bachelor,F,2,123154,HR,IC,0,IC,0,86599.55002878579,-24599.550028785787
100356,1,382000.0,Bachelor,M,1,132283,engineering,IC,0,IC,0,241459.58846692662,140540.41153307338
181472,1,341000.0,High_School,M,5,29547,engineering,IC,0,IC,0,236496.90072376418,104503.09927623582
79034,0,118000.0,Bachelor,M,5,10786,HR,IC,0,IC,0,83388.6198347678,34611.3801652322
32228,1,297000.0,Master,M,7,4259,engineering,IC,0,IC,0,225125.6637037776,71874.3362962224
92958,0,256000.0,PhD,M,1,91002,marketing,IC,0,IC,0,195577.15476246577,60422.84523753423
64773,0,235000.0,Bachelor,M,2,172250,marketing,IC,0,IC,0,196739.27564649528,38260.72435350472
69817,0,60000.0,Bachelor,F,1,189742,HR,IC,0,IC,0,77771.4712925606,-17771.4712925606
19674,0,307000.0,High_School,F,6,68821,engineering,IC,0,IC,0,253652.59672279534,53347.40327720466
177579,0,295000.0,Master,M,2,187053,engineering,IC,0,IC,0,225404.836709512,69595.16329048801
29084,0,108000.0,High_School,M,2,76135,marketing,IC,0,IC,0,195512.34328319496,-87512.34328319496
87050,0,74000.0,Bachelor,F,5,43937,HR,IC,0,IC,0,85695.75736501839,-11695.757365018391
13731,1,148000.0,High_School,F,1,193518,sales,IC,0,IC,0,175018.73009809814,-27018.730098098138
181062,1,134000.0,Master,F,6,55476,marketing,IC,0,IC,0,198522.20829073165,-64522.20829073165
126326,0,118000.0,High_School,M,3,107694,HR,IC,0,IC,0,86712.65576828775,31287.344231712254
46036,0,135000.0,PhD,M,2,75198,marketing,IC,0,IC,0,198900.55025181093,-63900.55025181093
53872,0,206000.0,PhD,M,4,126257,engineering,IC,0,IC,0,241182.17333249372,-35182.17333249372
12877,0,114000.0,Master,F,13,57693,engineering,MM,10,MM,10,243345.429630637,-129345.429630637
100373,0,127000.0,PhD,F,11,192056,HR,MM,15,MM,15,118585.43275444362,8414.567245556376
162002,0,167000.0,Bachelor,M,4,87929,sales,IC,0,IC,0,193264.55968086384,-26264.559680863837
172227,1,218000.0,PhD,M,1,35499,sales,IC,0,IC,0,193940.69232599234,24059.307674007665
172031,0,315000.0,Bachelor,M,5,119576,engineering,IC,0,IC,0,237543.49587850232,77456.50412149768
87884,0,147000.0,PhD,M,4,145161,engineering,MM,10,MM,10,179039.7053010929,-32039.70530109291
62116,1,79000.0,Bachelor,F,2,62161,marketing,IC,0,IC,0,171278.59057555642,-92278.59057555642
124148,0,212000.0,Master,F,1,57185,engineering,IC,0,IC,0,251201.8322477962,-39201.83224779621
34952,0,288000.0,Bachelor,F,3,48742,engineering,IC,0,IC,0,259876.0519044494,28123.948095550586
150829,1,186000.0,PhD,M,5,173939,marketing,IC,0,IC,0,198245.7378544605,-12245.737854460487
144843,1,292000.0,Master,M,4,189627,sales,IC,0,IC,0,193172.76047413386,98827.23952586614
89368,1,188000.0,Bachelor,M,8,4110,sales,IC,0,IC,0,207634.61514346502,-19634.615143465024
29358,1,239000.0,Master,M,2,63785,engineering,IC,0,IC,0,233296.97305636574,5703.026943634264
10808,0,375000.0,Master,M,2,90237,sales,IC,0,IC,0,196044.60399481485,178955.39600518515
147096,1,316000.0,Bachelor,M,1,112750,engineering,IC,0,IC,0,241459.58846692662,74540.41153307338
105197,1,161000.0,Bachelor,F,1,10357,marketing,IC,0,IC,0,200189.67771152535,-39189.67771152535
37562,0,93000.0,Master,M,4,5889,HR,IC,0,IC,0,85034.65160610934,7965.3483938906575
128892,0,118000.0,Master,M,3,166729,marketing,IC,0,IC,0,195418.4685635701,-77418.46856357009
102724,0,234000.0,Master,M,4,1610,engineering,IC,0,IC,0,241830.84919374806,-7830.849193748058
157876,0,99000.0,PhD,M,2,155570,marketing,IC,0,IC,0,198900.55025181093,-99900.55025181093
174106,1,160000.0,High_School,M,1,199184,sales,IC,0,IC,0,182145.5554433057,-22145.555443305697
35867,0,151000.0,Bachelor,F,3,134728,marketing,IC,0,IC,0,193135.262713467,-42135.262713467004
109610,0,73000.0,Master,F,4,29733,HR,IC,0,IC,0,79232.74241669648,-6232.742416696477
134137,1,144000.0,High_School,F,7,182531,sales,IC,0,IC,0,191511.5717274521,-47511.5717274521
197299,0,131000.0,Master,F,3,2644,sales,IC,0,IC,0,191260.8810195265,-60260.88101952651
14387,0,278000.0,PhD,F,7,159906,sales,IC,0,IC,0,200481.71279382356,77518.28720617644
141330,1,212000.0,High_School,M,3,190060,sales,IC,0,IC,0,184716.40600900303,27283.593990996975
19028,1,293000.0,PhD,M,2,116180,engineering,IC,0,IC,0,237027.23882378358,55972.761176216416
21449,0,81000.0,PhD,F,3,37124,sales,IC,0,IC,0,195546.71190949707,-114546.71190949707
151341,1,96000.0,High_School,F,2,100373,HR,IC,0,IC,0,83924.29636093852,12075.703639061481
135422,1,93000.0,PhD,F,4,189038,engineering,IC,0,IC,0,230933.5124355746,-137933.5124355746
155427,0,205000.0,PhD,M,2,175361,sales,IC,0,IC,0,201356.5442201449,3643.4557798551104
165568,0,81000.0,Bachelor,F,7,179149,HR,IC,0,IC,0,79025.13326882306,1974.8667311769386
189305,0,385000.0,PhD,M,1,189890,engineering,IC,0,IC,0,245381.45541854406,139618.54458145594
122272,0,177000.0,PhD,M,1,65856,sales,IC,0,IC,0,198908.11730505654,-21908.11730505654
89940,0,186000.0,PhD,F,3,182028,engineering,IC,0,IC,0,250494.2058762398,-64494.20587623981
131850,0,66000.0,Master,F,4,150189,HR,IC,0,IC,0,79232.74241669648,-13232.742416696477
170685,1,91000.0,Master,M,2,54315,sales,IC,0,IC,0,195747.7721196565,-104747.7721196565
72056,0,78000.0,PhD,F,1,61443,HR,IC,0,IC,0,87076.16641899414,-9076.166418994137
164655,0,88000.0,Master,F,1,135804,HR,IC,0,IC,0,82364.56846565497,5635.431534345029
141484,1,76000.0,High_School,M,2,7095,HR,IC,0,IC,0,82889.00517393328,-6889.005173933285
34425,0,111000.0,PhD,M,2,20828,marketing,IC,0,IC,0,198900.55025181093,-87900.55025181093
73338,0,156000.0,Bachelor,M,4,7212,marketing,IC,0,IC,0,192298.8865953424,-36298.886595342396
42494,1,154000.0,PhD,M,4,81644,engineering,IC,0,IC,0,236378.21786726158,-82378.21786726158
56316,0,210000.0,PhD,M,4,32248,sales,MM,10,MM,10,191325.7599255855,18674.240074414498
47643,0,62000.0,Bachelor,F,1,754,HR,IC,0,IC,0,77771.4712925606,-15771.4712925606
142107,1,108000.0,Bachelor,M,3,191289,engineering,IC,0,IC,0,238207.9962027491,-130207.99620274911
82698,0,178000.0,Bachelor,M,3,49727,sales,MM,9,MM,9,180200.26263055415,-2200.262630554149
147611,1,293000.0,Master,F,6,73663,marketing,IC,0,IC,0,198522.20829073165,94477.79170926835
154426,0,205000.0,Master,M,4,134728,marketing,IC,0,IC,0,194518.27840682067,10481.721593179333
119832,0,129000.0,Master,M,4,190801,engineering,D,50,D,50,180544.625,-51544.625
352,0,72000.0,Bachelor,F,4,29749,HR,IC,0,IC,0,86004.53677464435,-14004.536774644352
175240,0,67000.0,Bachelor,F,1,171461,HR,IC,0,IC,0,77771.4712925606,-10771.4712925606
30515,0,75000.0,PhD,F,1,51923,HR,IC,0,IC,0,87076.16641899414,-12076.166418994137
129318,0,298000.0,Bachelor,M,1,132283,engineering,IC,0,IC,0,253447.42674818967,44552.57325181033
19806,0,142000.0,PhD,M,6,32510,sales,MM,11,MM,11,185407.36926738222,-43407.36926738222
145385,1,198000.0,Bachelor,M,2,94039,sales,IC,0,IC,0,198429.69040148894,-429.6904014889442
122541,1,140000.0,Master,M,2,166591,sales,IC,0,IC,0,195747.7721196565,-55747.772119656496
99006,0,64000.0,PhD,M,1,47472,engineering,IC,0,IC,0,245381.45541854406,-181381.45541854406
72070,0,134000.0,Bachelor,M,3,116180,engineering,IC,0,IC,0,244492.12806626968,-110492.12806626968
192671,1,312000.0,Bachelor,F,5,81111,engineering,IC,0,IC,0,239305.37951119905,72694.62048880095
148725,0,149000.0,PhD,M,5,161132,marketing,IC,0,IC,0,203274.43239263128,-54274.43239263128
120243,0,259000.0,High_School,M,5,67931,engineering,IC,0,IC,0,243781.76916131607,15218.230838683929
115199,0,86000.0,PhD,M,3,87733,sales,IC,0,IC,0,197202.7515403313,-111202.75154033129
94496,1,319000.0,Master,M,6,39388,sales,IC,0,IC,0,193447.7320829517,125552.2679170483
130793,0,338000.0,PhD,M,2,1808,engineering,IC,0,IC,0,239738.82647541008,98261.17352458992
33665,0,65000.0,Bachelor,F,4,110260,HR,MM,10,MM,10,80379.25422225363,-15379.254222253629
105877,0,264000.0,PhD,F,3,43602,engineering,IC,0,IC,0,250494.2058762398,13505.794123760192
138745,0,367000.0,High_School,M,1,6335,sales,IC,0,IC,0,186739.580228817,180260.419771183
179786,1,91000.0,PhD,M,3,8856,marketing,IC,0,IC,0,184507.95041214005,-93507.95041214005
25726,0,61000.0,Master,M,1,51331,HR,IC,0,IC,0,77429.4837578407,-16429.483757840702
166574,0,103000.0,Master,M,4,10357,marketing,IC,0,IC,0,194518.27840682067,-91518.27840682067
54997,0,206000.0,PhD,F,8,66119,sales,MM,13,MM,13,179722.45807801269,26277.541921987315
60230,1,350000.0,High_School,M,3,61988,engineering,IC,0,IC,0,246261.9865189567,103738.01348104331
152533,0,185000.0,PhD,F,1,65856,sales,IC,0,IC,0,184864.59303542023,135.40696457977174
109136,0,346000.0,PhD,M,1,192369,sales,IC,0,IC,0,198908.11730505654,147091.88269494346
122208,1,302000.0,Master,M,3,59353,engineering,IC,0,IC,0,243469.85093906373,58530.149060936266
74349,1,378000.0,Bachelor,M,5,166591,sales,IC,0,IC,0,199879.9083933267,178120.0916066733
103081,1,244000.0,High_School,F,3,184998,sales,IC,0,IC,0,206475.92737872282,37524.072621277184
176932,0,92000.0,Bachelor,F,1,175548,HR,IC,0,IC,0,77771.4712925606,14228.5287074394
26625,0,370000.0,PhD,M,1,59353,engineering,IC,0,IC,0,245381.45541854406,124618.54458145594
102033,0,308000.0,Bachelor,F,1,7255,engineering,IC,0,IC,0,221439.98962197226,86560.01037802774
150163,0,270000.0,High_School,F,4,142367,sales,IC,0,IC,0,198949.1492696776,71050.85073032239
171239,0,306000.0,Bachelor,M,7,9239,sales,IC,0,IC,0,194389.89332323067,111610.10667676933
85251,0,123000.0,Bachelor,M,5,4110,sales,IC,0,IC,0,195038.08580704563,-72038.08580704563
191971,0,186000.0,PhD,M,3,63077,sales,IC,0,IC,0,197202.7515403313,-11202.751540331286
187038,0,114000.0,Bachelor,M,9,60319,sales,IC,0,IC,0,177275.39610331308,-63275.396103313076
149331,0,178000.0,PhD,F,1,153551,sales,IC,0,IC,0,184864.59303542023,-6864.593035420228
49348,0,133000.0,Bachelor,M,3,87707,sales,IC,0,IC,0,194528.5959929,-61528.595992899995
138948,0,215000.0,PhD,F,8,24489,marketing,MM,9,MM,9,222969.8384776089,-7969.838477608893
102721,1,192000.0,Bachelor,M,5,66591,sales,IC,0,IC,0,199879.9083933267,-7879.90839332671
181047,0,392000.0,Bachelor,M,2,113566,engineering,IC,0,IC,0,238810.46474319053,153189.53525680947
68128,0,261000.0,PhD,M,4,157064,marketing,IC,0,IC,0,210382.93359964158,50617.066400358424
118417,0,135000.0,PhD,M,2,14299,engineering,IC,0,IC,0,239738.82647541008,-104738.82647541008
72948,0,270000.0,Bachelor,M,2,179929,sales,IC,0,IC,0,196776.30656462905,73223.69343537095
146410,0,108000.0,Bachelor,M,5,754,HR,IC,0,IC,0,83388.6198347678,24611.3801652322
171293,1,312000.0,PhD,M,1,52923,sales,IC,0,IC,0,193940.69232599234,118059.30767400766
64334,0,152000.0,Master,M,3,51293,sales,IC,0,IC,0,195369.80999597523,-43369.80999597523
85723,0,80000.0,Master,F,1,68222,HR,IC,0,IC,0,82364.56846565497,-2364.568465654971
77142,0,214000.0,Bachelor,F,2,177489,marketing,IC,0,IC,0,195854.82935350726,18145.17064649274
76565,0,235000.0,Bachelor,M,3,53390,sales,IC,0,IC,0,194528.5959929,40471.404007100005
179160,0,312000.0,Bachelor,F,3,6536,marketing,IC,0,IC,0,193135.262713467,118864.737286533
177603,1,146000.0,PhD,M,1,181311,sales,IC,0,IC,0,193940.69232599234,-47940.692325992335
170761,0,82000.0,High_School,M,1,115591,sales,IC,0,IC,0,186739.580228817,-104739.58022881701
125737,0,87000.0,PhD,F,1,189742,HR,IC,0,IC,0,87076.16641899414,-76.16641899413662
20230,0,200000.0,PhD,M,1,132399,sales,IC,0,IC,0,198908.11730505654,1091.8826949434588
70238,0,357000.0,Bachelor,M,1,75246,engineering,IC,0,IC,0,253447.42674818967,103552.57325181033
83431,0,86000.0,Bachelor,F,6,51121,HR,IC,0,IC,0,83463.54288976562,2536.457110234376
196796,0,229000.0,Bachelor,F,5,94030,sales,IC,0,IC,0,201703.6417993344,27296.358200665592
89846,0,304000.0,High_School,F,6,115349,sales,IC,0,IC,0,197100.5741972499,106899.4258027501
104805,0,89000.0,PhD,F,5,177495,HR,IC,0,IC,0,81307.52954187465,7692.470458125346
72864,0,208000.0,PhD,F,2,102684,sales,IC,0,IC,0,202419.4707253329,5580.529274667089
121491,1,158000.0,Master,M,3,191649,sales,IC,0,IC,0,188351.1977603531,-30351.197760353098
186177,0,114000.0,High_School,F,4,119302,HR,IC,0,IC,0,77198.66979097077,36801.33020902923
142317,0,153000.0,Master,M,3,60373,marketing,IC,0,IC,0,195418.4685635701,-42418.46856357009
34280,1,195000.0,Master,M,26,11277,sales,VP,479,VP,479,253640.12698412698,-58640.12698412698
163507,0,268000.0,PhD,M,5,52920,sales,IC,0,IC,0,192559.0137282462,75440.98627175379
173517,0,96000.0,PhD,M,5,164547,sales,IC,0,IC,0,192559.0137282462,-96559.01372824621
43626,0,284000.0,Bachelor,M,3,75246,engineering,IC,0,IC,0,244492.12806626968,39507.87193373032
126686,0,226000.0,Bachelor,F,1,157966,marketing,IC,0,IC,0,216750.62192916207,9249.378070837935
20008,0,350000.0,PhD,M,1,79934,engineering,IC,0,IC,0,245381.45541854406,104618.54458145594
150235,0,263000.0,High_School,M,6,132683,engineering,IC,0,IC,0,264491.40438673896,-1491.4043867389555
44242,1,180000.0,High_School,M,8,111508,marketing,IC,0,IC,0,211889.47875506792,-31889.478755067918
147949,0,316000.0,PhD,M,2,84828,engineering,IC,0,IC,0,239738.82647541008,76261.17352458992
86568,0,73000.0,Master,M,2,91979,HR,IC,0,IC,0,75830.80845334244,-2830.8084533424408
106433,1,286000.0,High_School,M,5,131525,sales,IC,0,IC,0,196471.22445234368,89528.77554765632
27393,0,120000.0,Master,F,12,198366,sales,MM,9,MM,9,182217.425532847,-62217.425532847
25224,0,269000.0,Master,F,3,102632,marketing,IC,0,IC,0,191708.4988256018,77291.5011743982
175558,1,282000.0,Bachelor,F,10,72243,engineering,MM,12,MM,12,273249.53648829495,8750.46351170505
127385,0,83000.0,Master,M,2,77766,marketing,IC,0,IC,0,189747.8553120937,-106747.85531209371
52982,0,175000.0,Master,F,2,9239,sales,IC,0,IC,0,192912.71319514548,-17912.71319514548
113349,0,321000.0,PhD,M,1,162196,engineering,IC,0,IC,0,245381.45541854406,75618.54458145594
100337,0,121000.0,Master,M,4,116180,engineering,IC,0,IC,0,241830.84919374806,-120830.84919374806
18343,0,216000.0,PhD,M,5,98967,marketing,IC,0,IC,0,203274.43239263128,12725.567607368721
65222,0,142000.0,PhD,M,1,177166,engineering,IC,0,IC,0,245381.45541854406,-103381.45541854406
21377,0,160000.0,Bachelor,F,7,65174,sales,MM,8,MM,8,197062.81176040863,-37062.81176040863
74255,0,117000.0,High_School,M,3,60489,marketing,IC,0,IC,0,196140.8951932918,-79140.8951932918
116347,0,155000.0,Bachelor,M,2,110091,engineering,IC,0,IC,0,238810.46474319053,-83810.46474319053
50887,0,200000.0,High_School,M,5,35499,sales,IC,0,IC,0,190414.06772590298,9585.932274097024
181832,0,160000.0,PhD,F,4,51288,engineering,IC,0,IC,0,246324.63278111335,-86324.63278111335
8411,0,204000.0,Bachelor,F,2,87330,engineering,IC,0,IC,0,241425.92290671106,-37425.92290671106
52920,0,68000.0,PhD,M,8,65522,sales,MM,10,MM,10,158513.46220025205,-90513.46220025205
34960,1,260000.0,Bachelor,M,2,180037,sales,IC,0,IC,0,198429.69040148894,61570.309598511056
136336,0,237000.0,High_School,M,4,159838,marketing,IC,0,IC,0,195051.7370391725,41948.2629608275
50602,1,288000.0,Bachelor,M,5,116180,engineering,IC,0,IC,0,249070.2644405276,38929.73555947241
68766,0,61000.0,Master,F,1,88370,HR,IC,0,IC,0,82364.56846565497,-21364.56846565497
78000,1,395000.0,Master,F,5,103421,engineering,IC,0,IC,0,260549.11009045102,134450.88990954898
144802,0,332000.0,Master,M,5,160618,sales,IC,0,IC,0,196414.1583420818,135585.8416579182
95077,1,186000.0,PhD,F,4,185976,engineering,IC,0,IC,0,230933.5124355746,-44933.51243557461
39895,1,181000.0,PhD,F,1,81490,sales,IC,0,IC,0,177727.6568266361,3272.3431733638863
72349,0,147000.0,Master,M,3,191649,sales,IC,0,IC,0,195369.80999597523,-48369.80999597523
197975,0,128000.0,Bachelor,M,2,164501,HR,IC,0,IC,0,83618.18616664072,44381.81383335928
43246,0,243000.0,PhD,F,3,123103,engineering,IC,0,IC,0,250494.2058762398,-7494.205876239808
157304,0,78000.0,Bachelor,M,4,191073,sales,IC,0,IC,0,193264.55968086384,-115264.55968086384
197606,0,119000.0,PhD,M,1,52796,sales,IC,0,IC,0,198908.11730505654,-79908.11730505654
157336,0,285000.0,Master,M,5,144211,engineering,IC,0,IC,0,241342.61319268073,43657.38680731927
146412,0,172000.0,High_School,F,5,98931,marketing,IC,0,IC,0,196285.1315942073,-24285.131594207312
122762,0,206000.0,Master,M,8,17395,sales,MM,13,MM,13,193293.68335501116,12706.316644988838
39704,0,217000.0,PhD,M,3,148260,marketing,IC,0,IC,0,204409.410789578,12590.589210422011
31143,0,112000.0,Bachelor,M,2,77844,sales,IC,0,IC,0,196776.30656462905,-84776.30656462905
96664,0,160000.0,PhD,M,11,125912,marketing,MM,7,MM,7,197550.6992486017,-37550.69924860171
187213,0,308000.0,Master,M,2,192145,sales,IC,0,IC,0,196044.60399481485,111955.39600518515
144678,0,200000.0,Master,M,2,16785,engineering,IC,0,IC,0,225404.836709512,-25404.83670951199
158888,0,106000.0,Bachelor,M,2,176804,sales,MM,16,MM,16,135909.61963906488,-29909.619639064884
67795,0,111000.0,Master,F,9,78874,sales,IC,0,IC,0,180049.27525863552,-69049.27525863552
92708,0,186000.0,Master,F,3,79237,marketing,IC,0,IC,0,191708.4988256018,-5708.498825601797
191109,1,135000.0,High_School,M,5,12649,engineering,IC,0,IC,0,236496.90072376418,-101496.90072376418
43840,0,69000.0,PhD,F,4,68222,HR,IC,0,IC,0,82462.33964853613,-13462.33964853613
60828,0,172000.0,Bachelor,M,4,198648,marketing,IC,0,IC,0,192298.8865953424,-20298.886595342396
7212,0,179000.0,Master,M,5,69550,marketing,MM,13,MM,13,217442.46890797903,-38442.468907979026
72228,0,236000.0,Master,F,1,91254,marketing,IC,0,IC,0,191328.91733028728,44671.08266971272
196478,0,285000.0,PhD,M,7,52313,sales,IC,0,IC,0,195867.84805352206,89132.15194647794
104255,0,286000.0,Bachelor,M,1,88779,sales,IC,0,IC,0,179465.38885958475,106534.61114041525
76205,1,240000.0,PhD,F,2,87847,sales,IC,0,IC,0,186910.43460369,53089.565396310005
162560,0,171000.0,PhD,F,3,73106,engineering,IC,0,IC,0,250494.2058762398,-79494.20587623981
114392,0,76000.0,Master,M,3,53677,HR,IC,0,IC,0,81611.19715433878,-5611.197154338777
111895,0,159000.0,High_School,M,1,153291,sales,IC,0,IC,0,186739.580228817,-27739.58022881701
135200,0,133000.0,Master,F,2,78516,sales,IC,0,IC,0,192912.71319514548,-59912.71319514548
176729,0,160000.0,PhD,M,4,17291,sales,IC,0,IC,0,194705.84234154952,-34705.84234154952
183566,0,363000.0,Bachelor,F,6,179929,sales,IC,0,IC,0,200771.57459589085,162228.42540410915
79111,0,251000.0,Bachelor,F,1,160476,sales,IC,0,IC,0,190803.3928173758,60196.6071826242
93025,0,294000.0,Bachelor,M,1,74066,engineering,IC,0,IC,0,253447.42674818967,40552.57325181033
166228,0,187000.0,High_School,M,6,175593,sales,IC,0,IC,0,190398.68369662002,-3398.683696620021
72359,1,240000.0,Bachelor,M,2,182116,sales,IC,0,IC,0,198429.69040148894,41570.309598511056
89672,0,196000.0,PhD,M,2,89837,marketing,IC,0,IC,0,198900.55025181093,-2900.550251810928
180199,0,238000.0,High_School,M,2,160289,sales,IC,0,IC,0,195986.4498613001,42013.55013869991
126908,0,313000.0,PhD,F,2,189627,sales,IC,0,IC,0,202419.4707253329,110580.52927466709
167568,0,283000.0,Master,M,2,61038,sales,IC,0,IC,0,196044.60399481485,86955.39600518515
91624,1,99000.0,PhD,M,1,53677,HR,IC,0,IC,0,73513.19816605755,25486.801833942445
19973,0,154000.0,Master,F,3,148032,sales,IC,0,IC,0,191260.8810195265,-37260.88101952651
59535,0,142000.0,High_School,M,11,154041,sales,D,50,D,50,159126.22299298234,-17126.222992982337
10955,0,185000.0,Master,M,3,87929,sales,IC,0,IC,0,195369.80999597523,-10369.809995975229
45139,0,113000.0,Bachelor,F,8,144976,sales,IC,0,IC,0,186122.77628616313,-73122.77628616313
56451,0,164000.0,Master,M,10,193088,sales,MM,14,MM,14,187233.49474267074,-23233.494742670737
183824,1,260000.0,PhD,M,14,113589,engineering,MM,9,MM,9,269514.320145946,-9514.320145945996
155337,0,259000.0,PhD,M,3,114572,marketing,IC,0,IC,0,204409.410789578,54590.58921042201
19079,0,140000.0,Bachelor,F,3,59555,marketing,IC,0,IC,0,193135.262713467,-53135.262713467004
10303,0,79000.0,Master,M,2,172541,HR,IC,0,IC,0,75830.80845334244,3169.1915466575592
61340,1,148000.0,Master,F,4,180930,sales,IC,0,IC,0,196357.1254950726,-48357.1254950726
14054,1,277000.0,Bachelor,M,1,50761,marketing,IC,0,IC,0,169925.83131011992,107074.16868988008
29892,0,153000.0,Bachelor,F,6,34714,sales,IC,0,IC,0,200771.57459589085,-47771.57459589085
55087,0,258000.0,Master,M,1,48912,engineering,IC,0,IC,0,253167.61103592915,4832.388964070851
150412,0,218000.0,PhD,M,1,70406,marketing,IC,0,IC,0,195577.15476246577,22422.84523753423
77038,1,225000.0,High_School,M,3,193763,engineering,IC,0,IC,0,246261.9865189567,-21261.98651895669
147694,0,280000.0,Master,M,5,114011,engineering,IC,0,IC,0,241342.61319268073,38657.38680731927
133131,0,74000.0,Bachelor,M,5,43420,sales,IC,0,IC,0,195038.08580704563,-121038.08580704563
46997,1,254000.0,Master,M,11,167941,sales,MM,13,MM,13,216505.77385604737,37494.226143952634
113068,0,207000.0,PhD,M,4,157966,marketing,IC,0,IC,0,210382.93359964158,-3382.9335996415757
11817,0,298000.0,High_School,F,6,190249,marketing,IC,0,IC,0,194352.66130487705,103647.33869512295
107547,0,261000.0,Master,F,5,83356,sales,MM,7,MM,7,192179.80616756677,68820.19383243323
164916,0,341000.0,Master,M,4,115694,engineering,IC,0,IC,0,241830.84919374806,99169.15080625194
43559,1,122000.0,Master,M,4,51288,engineering,IC,0,IC,0,235272.1286071889,-113272.1286071889
70328,0,78000.0,Master,M,4,66420,HR,IC,0,IC,0,85034.65160610934,-7034.6516061093425
155671,0,197000.0,High_School,M,2,181772,sales,IC,0,IC,0,195986.4498613001,1013.5501386999094
146136,1,206000.0,PhD,M,2,67522,sales,IC,0,IC,0,191180.20114872733,14819.798851272673
99860,1,108000.0,Master,M,1,125755,marketing,IC,0,IC,0,165989.76505118783,-57989.76505118783
142151,0,90000.0,Bachelor,F,6,170922,sales,IC,0,IC,0,200771.57459589085,-110771.57459589085
70594,0,309000.0,Bachelor,F,5,92585,marketing,IC,0,IC,0,197905.0051527127,111094.99484728731
53452,0,187000.0,Bachelor,M,5,111974,engineering,IC,0,IC,0,237543.49587850232,-50543.49587850232
80730,0,260000.0,Master,M,4,81811,sales,IC,0,IC,0,194695.32052053208,65304.679479467915
122470,0,235000.0,PhD,M,2,128966,sales,IC,0,IC,0,201356.5442201449,33643.45577985511
134158,1,96000.0,High_School,F,2,80043,HR,IC,0,IC,0,83924.29636093852,12075.703639061481
30498,0,300000.0,Bachelor,F,4,50761,marketing,IC,0,IC,0,198300.07769298556,101699.92230701444
125855,1,361000.0,PhD,M,30,93708,HR,VP,252,VP,252,354100.0,6900.0
15936,0,173000.0,PhD,F,5,124186,marketing,IC,0,IC,0,207892.75710233356,-34892.75710233356
6729,0,88000.0,Bachelor,F,2,51121,HR,IC,0,IC,0,86599.55002878579,1400.4499712142133
163305,0,123000.0,Master,F,2,189148,HR,IC,0,IC,0,82960.55864883834,40039.44135116166
181219,1,347000.0,PhD,F,11,196484,marketing,MM,15,MM,15,234882.38815330446,112117.61184669554
131552,1,333000.0,Master,M,1,81860,engineering,IC,0,IC,0,250966.59465767271,82033.40534232729
96801,0,72000.0,High_School,F,2,61443,HR,IC,0,IC,0,84827.81499972833,-12827.814999728333
123441,1,190000.0,Bachelor,M,3,132399,sales,IC,0,IC,0,189257.1654400931,742.8345599069144
60753,0,93000.0,Master,F,3,47748,HR,IC,0,IC,0,83947.66681572703,9052.333184272968
52011,0,196000.0,High_School,M,4,75242,engineering,IC,0,IC,0,250920.8991168643,-54920.89911686431
111363,0,290000.0,Bachelor,F,5,89002,sales,MM,9,MM,9,227707.75278568093,62292.24721431907
85955,0,267000.0,High_School,F,1,191495,sales,IC,0,IC,0,184712.4239725275,82287.5760274725
183820,0,76000.0,Bachelor,M,2,167188,HR,IC,0,IC,0,83618.18616664072,-7618.18616664072
113541,0,96000.0,High_School,F,1,151696,HR,IC,0,IC,0,84206.1973205254,11793.802679474597
2589,0,70000.0,PhD,F,5,197896,HR,IC,0,IC,0,81307.52954187465,-11307.529541874654
64814,0,216000.0,PhD,M,1,186086,engineering,IC,0,IC,0,245381.45541854406,-29381.455418544065
92431,0,69000.0,Master,M,4,132192,HR,IC,0,IC,0,85034.65160610934,-16034.651606109343
189742,1,136000.0,Master,F,10,116660,HR,MM,14,MM,14,97552.06875732965,38447.931242670355
167663,0,112000.0,Master,F,1,34977,sales,IC,0,IC,0,177865.95495298997,-65865.95495298997
153457,1,240000.0,Master,F,3,77866,marketing,IC,0,IC,0,173192.14355952016,66807.85644047984
35528,0,78000.0,Master,M,3,189148,HR,IC,0,IC,0,81611.19715433878,-3611.197154338777
73533,0,163000.0,High_School,M,2,102712,sales,IC,0,IC,0,195986.4498613001,-32986.44986130009
11476,0,60000.0,Bachelor,F,1,51121,HR,IC,0,IC,0,77771.4712925606,-17771.4712925606
88126,0,370000.0,High_School,M,1,73649,sales,IC,0,IC,0,186739.580228817,183260.419771183
75860,0,140000.0,Bachelor,M,11,91654,engineering,MM,7,MM,7,193813.3019041004,-53813.3019041004
123611,0,369000.0,Bachelor,M,4,122145,engineering,IC,0,IC,0,245313.12529643642,123686.87470356358
181015,0,146000.0,Bachelor,M,2,169271,marketing,IC,0,IC,0,196739.27564649528,-50739.27564649528
193763,0,158000.0,PhD,F,9,194121,engineering,MM,9,MM,9,294910.85315100156,-136910.85315100156
192726,0,64000.0,Master,F,4,100373,HR,IC,0,IC,0,79232.74241669648,-15232.742416696477
68069,0,70000.0,Bachelor,F,2,194904,HR,IC,0,IC,0,86599.55002878579,-16599.550028785787
47405,1,168000.0,Master,M,4,179212,marketing,IC,0,IC,0,200024.3248884556,-32024.324888455594
48833,0,206000.0,Master,F,1,14241,marketing,IC,0,IC,0,191328.91733028728,14671.08266971272
189450,0,198000.0,PhD,F,4,160289,sales,IC,0,IC,0,200837.55383701346,-2837.55383701346
60219,0,160000.0,PhD,M,1,162035,sales,IC,0,IC,0,198908.11730505654,-38908.11730505654
70638,0,78000.0,Master,F,4,23737,HR,IC,0,IC,0,79232.74241669648,-1232.7424166964774
7849,1,70000.0,PhD,M,2,95473,sales,IC,0,IC,0,191180.20114872733,-121180.20114872733
49892,0,328000.0,Master,M,1,191289,engineering,IC,0,IC,0,253167.61103592915,74832.38896407085
35843,0,107000.0,Master,M,3,17291,sales,IC,0,IC,0,195369.80999597523,-88369.80999597523
20371,1,134000.0,PhD,F,1,63077,sales,IC,0,IC,0,177727.6568266361,-43727.656826636114
46840,1,143000.0,Bachelor,M,3,60489,marketing,IC,0,IC,0,188192.39140789176,-45192.39140789176
192043,1,93000.0,PhD,F,1,140838,HR,IC,0,IC,0,93873.13203734726,-873.1320373472554
194688,0,346000.0,High_School,M,2,161727,engineering,IC,0,IC,0,226878.35789292358,119121.64210707642
94603,0,223000.0,Master,M,3,115856,sales,IC,0,IC,0,195369.80999597523,27630.19000402477
43404,1,63000.0,Bachelor,F,2,5889,HR,IC,0,IC,0,79092.27542418573,-16092.275424185733
48328,1,312000.0,Master,M,1,54136,marketing,IC,0,IC,0,165989.76505118783,146010.23494881217
23747,0,73000.0,High_School,F,4,119302,HR,IC,0,IC,0,77198.66979097077,-4198.669790970773
90639,0,121000.0,PhD,M,14,103443,marketing,MM,16,MM,16,169912.82380768526,-48912.82380768526
184018,0,91000.0,Bachelor,F,3,185285,HR,IC,0,IC,0,83591.34611794354,7408.65388205646
17964,0,63000.0,High_School,F,2,150290,HR,IC,0,IC,0,84827.81499972833,-21827.814999728333
79113,0,102000.0,High_School,F,5,129626,marketing,IC,0,IC,0,196285.1315942073,-94285.13159420731
146118,0,102000.0,High_School,F,3,27718,HR,IC,0,IC,0,85386.80778186422,16613.19221813578
183825,0,70000.0,Master,M,4,168415,HR,IC,0,IC,0,85034.65160610934,-15034.651606109343
3854,1,320000.0,Master,M,3,71130,engineering,IC,0,IC,0,243469.85093906373,76530.14906093627
128082,1,375000.0,Bachelor,M,2,68532,engineering,IC,0,IC,0,242862.72183744767,132137.27816255233
1810,0,207000.0,Master,M,2,52923,sales,IC,0,IC,0,196044.60399481485,10955.396005185146
137694,0,78000.0,High_School,F,5,61517,HR,IC,0,IC,0,82936.4626631867,-4936.4626631866995
4927,1,212000.0,Bachelor,M,8,148418,engineering,IC,0,IC,0,244175.69562877264,-32175.695628772635
141564,0,206000.0,High_School,M,2,108164,sales,IC,0,IC,0,195986.4498613001,10013.55013869991
25293,0,146000.0,High_School,M,3,52319,sales,IC,0,IC,0,193926.29331709526,-47926.29331709526
33426,0,137000.0,Master,M,6,64452,sales,IC,0,IC,0,192430.58157034806,-55430.58157034806
23781,1,255000.0,Master,M,2,141317,sales,IC,0,IC,0,195747.7721196565,59252.227880343504
74811,1,279000.0,PhD,M,1,182038,sales,IC,0,IC,0,193940.69232599234,85059.30767400766
95935,1,107000.0,PhD,F,24,71889,HR,D,53,D,53,153420.0,-46420.0
40904,0,276000.0,PhD,M,4,92567,engineering,MM,19,MM,19,219749.64468406385,56250.35531593615
112875,1,62000.0,Master,F,4,129778,HR,IC,0,IC,0,76240.23849965347,-14240.238499653467
63245,0,85000.0,High_School,M,1,157966,marketing,IC,0,IC,0,181617.3790151326,-96617.37901513261
159939,0,329000.0,Master,M,2,102102,sales,IC,0,IC,0,196044.60399481485,132955.39600518515
107425,0,186000.0,Master,M,2,15277,engineering,IC,0,IC,0,225404.836709512,-39404.83670951199
125845,0,120000.0,Bachelor,F,5,62298,HR,IC,0,IC,0,85695.75736501839,34304.24263498161
97058,0,121000.0,Bachelor,M,8,21470,marketing,IC,0,IC,0,190835.4442587671,-69835.4442587671
61106,0,67000.0,High_School,M,3,46997,sales,IC,0,IC,0,193926.29331709526,-126926.29331709526
155213,1,125000.0,Bachelor,M,1,75198,marketing,IC,0,IC,0,169925.83131011992,-44925.83131011992
44705,0,64000.0,Bachelor,M,6,110508,engineering,IC,0,IC,0,252047.32944780047,-188047.32944780047
81772,0,249000.0,PhD,M,4,73106,engineering,IC,0,IC,0,241182.17333249372,7817.826667506277
175540,0,69000.0,PhD,F,4,129778,HR,IC,0,IC,0,82462.33964853613,-13462.33964853613
52181,0,151000.0,Master,F,5,108428,engineering,IC,0,IC,0,237036.2608257125,-86036.2608257125
168296,0,295000.0,High_School,M,1,71945,engineering,IC,0,IC,0,231847.76096461926,63152.23903538074
20518,0,183000.0,Master,F,1,148236,sales,IC,0,IC,0,177865.95495298997,5134.045047010033
133198,0,88000.0,PhD,F,4,141211,HR,IC,0,IC,0,82462.33964853613,5537.66035146387
135984,0,172000.0,Master,M,1,27704,sales,IC,0,IC,0,198051.2011472294,-26051.20114722941
81178,1,104000.0,Master,F,2,134658,sales,IC,0,IC,0,198517.56692485747,-94517.56692485747
179410,0,67000.0,Master,M,1,742,HR,IC,0,IC,0,77429.4837578407,-10429.483757840702
54152,1,215000.0,High_School,M,3,84230,marketing,IC,0,IC,0,191326.7881611632,23673.21183883681
122672,0,298000.0,PhD,M,1,195165,engineering,IC,0,IC,0,245381.45541854406,52618.544581455935
18437,0,389000.0,PhD,M,3,132187,engineering,IC,0,IC,0,244594.82101961187,144405.17898038813
113419,0,156000.0,High_School,F,2,10357,marketing,IC,0,IC,0,191544.59382960657,-35544.59382960657
185058,0,139000.0,High_School,F,1,64452,sales,IC,0,IC,0,184712.4239725275,-45712.4239725275
198342,0,116000.0,High_School,F,4,44056,HR,IC,0,IC,0,77198.66979097077,38801.33020902923
152521,0,222000.0,PhD,M,6,62161,marketing,IC,0,IC,0,199498.14193409026,22501.858065909735
92567,0,303000.0,Master,M,22,162476,engineering,D,91,D,91,274221.4285714286,28778.57142857142
90621,0,148000.0,Master,M,2,88779,sales,IC,0,IC,0,196044.60399481485,-48044.603994814854
138687,0,233000.0,Bachelor,F,1,118769,engineering,IC,0,IC,0,221439.98962197226,11560.010378027742
140061,0,191000.0,Master,M,7,181201,sales,MM,9,MM,9,216261.76589148623,-25261.765891486226
143476,0,232000.0,PhD,F,6,146473,marketing,IC,0,IC,0,205528.0855651748,26471.914434825187
2557,0,138000.0,High_School,M,1,90639,marketing,IC,0,IC,0,181617.3790151326,-43617.37901513261
130405,0,159000.0,PhD,M,2,88303,sales,IC,0,IC,0,201356.5442201449,-42356.54422014489
98228,0,158000.0,Master,M,6,50679,sales,IC,0,IC,0,192430.58157034806,-34430.58157034806
176577,0,250000.0,High_School,F,4,27704,sales,IC,0,IC,0,198949.1492696776,51050.85073032239
53425,1,78000.0,PhD,M,3,198531,sales,IC,0,IC,0,182782.6484747099,-104782.64847470989
93970,0,334000.0,High_School,M,9,81111,engineering,IC,0,IC,0,205842.60151249412,128157.39848750588
79735,1,317000.0,Bachelor,M,12,147555,engineering,MM,13,MM,13,292588.5174579751,24411.482542024925
182459,0,323000.0,Master,M,2,34977,sales,IC,0,IC,0,196044.60399481485,126955.39600518515
187918,0,287000.0,Bachelor,M,1,157931,engineering,IC,0,IC,0,253447.42674818967,33552.57325181033
142879,1,173000.0,PhD,M,5,102632,marketing,IC,0,IC,0,198245.7378544605,-25245.737854460487
199669,1,363000.0,PhD,M,1,48120,engineering,IC,0,IC,0,238639.5918970931,124360.40810290689
23533,0,131000.0,PhD,F,3,199282,marketing,IC,0,IC,0,211839.30129742634,-80839.30129742634
95805,1,160000.0,Master,F,1,113578,marketing,IC,0,IC,0,153071.42070149296,6928.579298507044
166381,0,263000.0,PhD,M,2,193518,sales,IC,0,IC,0,201356.5442201449,61643.45577985511
35974,1,114000.0,Master,M,1,129626,marketing,IC,0,IC,0,165989.76505118783,-51989.76505118783
94682,1,237000.0,High_School,M,5,64750,engineering,IC,0,IC,0,236496.90072376418,503.0992762358219
76191,0,170000.0,High_School,M,5,123358,sales,IC,0,IC,0,190414.06772590298,-20414.067725902976
16676,1,316000.0,PhD,M,4,110878,engineering,IC,0,IC,0,236378.21786726158,79621.78213273842
11080,0,213000.0,High_School,M,2,124014,sales,IC,0,IC,0,195986.4498613001,17013.55013869991
130394,1,325000.0,PhD,F,2,123103,engineering,IC,0,IC,0,285728.9021753286,39271.09782467142
136352,0,249000.0,PhD,M,1,113124,sales,IC,0,IC,0,198908.11730505654,50091.88269494346
130503,0,293000.0,PhD,F,3,58365,marketing,IC,0,IC,0,211839.30129742634,81160.69870257366
107011,0,216000.0,Master,F,3,1808,engineering,IC,0,IC,0,238133.50270656022,-22133.50270656022
75842,1,197000.0,Master,M,2,101484,engineering,IC,0,IC,0,233296.97305636574,-36296.973056365736
172709,0,98000.0,Master,F,8,47748,HR,IC,0,IC,0,76675.9929422252,21324.007057774797
114263,0,110000.0,Bachelor,F,1,118506,HR,IC,0,IC,0,77771.4712925606,32228.5287074394
11854,0,196000.0,Bachelor,F,5,156927,marketing,IC,0,IC,0,197905.0051527127,-1905.0051527126925
180930,1,301000.0,Bachelor,M,9,91117,sales,MM,12,MM,12,213844.74729542513,87155.25270457487
189627,1,208000.0,High_School,M,10,130489,sales,MM,12,MM,12,200521.199051807,7478.800948193006
14226,0,95000.0,Bachelor,F,2,21604,HR,MM,10,MM,10,91732.59531893916,3267.4046810608415
129700,0,69000.0,Master,F,1,61517,HR,IC,0,IC,0,82364.56846565497,-13364.568465654971
22160,0,297000.0,Bachelor,F,9,48730,marketing,IC,0,IC,0,201873.6424104866,95126.35758951341
73620,1,151000.0,PhD,M,3,130449,sales,IC,0,IC,0,182782.6484747099,-31782.648474709888
187120,0,322000.0,Master,M,1,88936,sales,IC,0,IC,0,198051.2011472294,123948.79885277059
49544,0,246000.0,PhD,M,6,113245,sales,IC,0,IC,0,194022.9025924341,51977.09740756589
153875,0,75000.0,PhD,M,2,113245,sales,IC,0,IC,0,201356.5442201449,-126356.54422014489
74556,0,122000.0,PhD,F,3,151696,HR,IC,0,IC,0,83843.8873054549,38156.112694545096
47899,0,361000.0,Master,M,9,67931,engineering,IC,0,IC,0,295618.88369852403,65381.116301475966
98387,0,83000.0,Bachelor,M,3,123502,HR,IC,0,IC,0,77553.46065381975,5446.539346180245
151681,0,76000.0,PhD,M,3,73254,HR,IC,0,IC,0,82709.4195275736,-6709.419527573598
105124,0,142000.0,Master,M,3,178314,marketing,IC,0,IC,0,195418.4685635701,-53418.46856357009
174553,1,161000.0,PhD,M,4,149135,engineering,IC,0,IC,0,236378.21786726158,-75378.21786726158
25452,1,95000.0,Bachelor,F,3,82657,sales,IC,0,IC,0,194975.3755380346,-99975.3755380346
195454,0,67000.0,Master,F,5,168415,HR,IC,0,IC,0,83499.17048362638,-16499.17048362638
74204,1,183000.0,Master,M,5,103014,engineering,IC,0,IC,0,228892.63088194563,-45892.63088194563
133846,0,265000.0,Bachelor,M,2,55858,engineering,IC,0,IC,0,238810.46474319053,26189.535256809468
66453,0,131000.0,PhD,M,11,171351,engineering,MM,9,MM,9,185720.33352257404,-54720.333522574045
10742,0,228000.0,PhD,M,5,85717,sales,IC,0,IC,0,192559.0137282462,35440.98627175379
138834,0,88000.0,Master,M,4,34977,sales,IC,0,IC,0,194695.32052053208,-106695.32052053208
160273,1,135000.0,PhD,M,3,162196,engineering,IC,0,IC,0,246707.47890110445,-111707.47890110445
42875,1,202000.0,Bachelor,M,2,48690,sales,IC,0,IC,0,198429.69040148894,3570.309598511056
59647,0,248000.0,Bachelor,F,4,51293,sales,IC,0,IC,0,199971.48280086013,48028.51719913987
48532,0,314000.0,Master,M,3,87613,engineering,IC,0,IC,0,244073.52979870792,69926.47020129208
174255,1,155000.0,Bachelor,M,6,5743,sales,IC,0,IC,0,198291.83614469276,-43291.83614469276
191246,1,211000.0,Bachelor,M,7,88303,sales,IC,0,IC,0,200472.12741168198,10527.872588318016
35288,1,195000.0,PhD,M,1,87884,engineering,IC,0,IC,0,238639.5918970931,-43639.59189709311
149482,0,362000.0,PhD,M,1,190778,marketing,IC,0,IC,0,195577.15476246577,166422.84523753423
94648,0,119000.0,Bachelor,F,2,102498,HR,IC,0,IC,0,86599.55002878579,32400.449971214213
107506,0,150000.0,PhD,M,4,34714,sales,IC,0,IC,0,194705.84234154952,-44705.84234154952
163032,0,71000.0,Bachelor,F,6,146111,HR,IC,0,IC,0,83463.54288976562,-12463.542889765624
32581,0,298000.0,PhD,M,4,127266,marketing,IC,0,IC,0,210382.93359964158,87617.06640035842
136517,0,68000.0,Bachelor,M,2,104759,HR,IC,0,IC,0,83618.18616664072,-15618.18616664072
8247,1,120000.0,Master,M,4,17291,sales,IC,0,IC,0,193172.76047413386,-73172.76047413386
85766,0,278000.0,Bachelor,F,5,7966,sales,IC,0,IC,0,201703.6417993344,76296.35820066559
195869,0,209000.0,High_School,M,1,20828,marketing,IC,0,IC,0,181617.3790151326,27382.62098486739
165011,0,68000.0,PhD,F,4,17211,HR,IC,0,IC,0,82462.33964853613,-14462.33964853613
60858,1,121000.0,Bachelor,F,2,134944,sales,IC,0,IC,0,192222.09002881806,-71222.09002881806
19861,1,62000.0,Bachelor,M,3,183283,HR,IC,0,IC,0,83567.77820499761,-21567.77820499761
3076,1,184000.0,High_School,M,1,159996,sales,IC,0,IC,0,182145.5554433057,1854.4445566943032
153894,0,62000.0,Master,F,4,185285,HR,IC,0,IC,0,79232.74241669648,-17232.742416696477
189077,0,138000.0,PhD,M,2,193920,sales,IC,0,IC,0,201356.5442201449,-63356.54422014489
50761,0,340000.0,Bachelor,M,9,114137,marketing,MM,11,MM,11,217429.648935329,122570.351064671
38325,0,187000.0,Master,M,8,193518,sales,IC,0,IC,0,182806.4628018026,4193.537198197388
55248,0,83000.0,Bachelor,F,6,98520,marketing,IC,0,IC,0,191347.17958827774,-108347.17958827774
89938,1,192000.0,Bachelor,M,3,147819,sales,IC,0,IC,0,189257.1654400931,2742.8345599069144
140473,1,103000.0,Master,F,2,64724,marketing,IC,0,IC,0,173888.25401291758,-70888.25401291758
15714,0,289000.0,PhD,M,1,87929,sales,IC,0,IC,0,198908.11730505654,90091.88269494346
48405,1,227000.0,PhD,M,2,1808,engineering,IC,0,IC,0,237027.23882378358,-10027.238823783584
94963,1,63000.0,Bachelor,M,2,80728,engineering,IC,0,IC,0,242862.72183744767,-179862.72183744767
171182,0,120000.0,Master,M,3,41991,sales,IC,0,IC,0,195369.80999597523,-75369.80999597523
138045,0,218000.0,Master,M,10,110464,marketing,VP,240,VP,240,219783.04405594408,-1783.0440559440758
87610,0,102000.0,Bachelor,M,1,69345,sales,IC,0,IC,0,179465.38885958475,-77465.38885958475
31013,1,249000.0,Bachelor,F,1,149135,engineering,IC,0,IC,0,217588.1074776503,31411.89252234969
84203,0,235000.0,Bachelor,M,3,27393,sales,IC,0,IC,0,194528.5959929,40471.404007100005
105677,0,148000.0,Master,F,2,113245,sales,IC,0,IC,0,192912.71319514548,-44912.71319514548
28193,0,360000.0,PhD,M,3,81860,engineering,IC,0,IC,0,244594.82101961187,115405.17898038813
150974,0,253000.0,Bachelor,M,1,164638,sales,IC,0,IC,0,179465.38885958475,73534.61114041525
36202,0,240000.0,PhD,M,5,166653,engineering,IC,0,IC,0,243058.35787352896,-3058.357873528963
81933,0,105000.0,High_School,F,2,27018,HR,IC,0,IC,0,84827.81499972833,20172.185000271667
18546,0,258000.0,High_School,M,4,180930,sales,IC,0,IC,0,192668.28755272523,65331.71244727477
121722,0,203000.0,PhD,M,5,148032,sales,IC,0,IC,0,192559.0137282462,10440.98627175379
171580,0,354000.0,Master,M,4,68821,engineering,IC,0,IC,0,241830.84919374806,112169.15080625194
187173,0,232000.0,Master,F,4,55481,engineering,IC,0,IC,0,241976.73593625068,-9976.735936250683
62951,0,322000.0,Bachelor,M,3,126330,engineering,IC,0,IC,0,244492.12806626968,77507.87193373032
40864,1,92000.0,PhD,M,2,74818,sales,IC,0,IC,0,191180.20114872733,-99180.20114872733
167566,0,88000.0,Bachelor,M,1,84193,marketing,IC,0,IC,0,195298.98660263894,-107298.98660263894
48494,0,234000.0,Bachelor,F,5,63077,sales,IC,0,IC,0,201703.6417993344,32296.358200665592
78710,1,87000.0,Bachelor,F,3,102498,HR,IC,0,IC,0,76970.02324908353,10029.976750916467
93835,0,93000.0,Master,M,2,158777,marketing,IC,0,IC,0,189747.8553120937,-96747.85531209371
150408,0,131000.0,PhD,M,10,61403,engineering,MM,13,MM,13,187121.7620304605,-56121.76203046049
143955,0,95000.0,PhD,M,2,90834,sales,IC,0,IC,0,201356.5442201449,-106356.54422014489
134500,1,156000.0,Bachelor,M,1,111974,engineering,IC,0,IC,0,241459.58846692662,-85459.58846692662
136825,0,175000.0,PhD,M,4,55653,sales,IC,0,IC,0,194705.84234154952,-19705.84234154952
175213,0,100000.0,PhD,F,5,142630,HR,IC,0,IC,0,81307.52954187465,18692.470458125346
62503,0,257000.0,Bachelor,M,2,193920,sales,IC,0,IC,0,196776.30656462905,60223.69343537095
112174,1,180000.0,Master,M,2,91345,sales,IC,0,IC,0,195747.7721196565,-15747.772119656496
134042,1,192000.0,High_School,M,5,30468,engineering,IC,0,IC,0,236496.90072376418,-44496.90072376418
23766,1,250000.0,PhD,M,3,132683,engineering,IC,0,IC,0,246707.47890110445,3292.5210988955514
182873,0,65000.0,PhD,F,3,67178,HR,IC,0,IC,0,83843.8873054549,-18843.887305454904
17209,0,279000.0,Master,M,1,180930,sales,IC,0,IC,0,198051.2011472294,80948.79885277059
155988,0,282000.0,Master,M,3,140061,sales,IC,0,IC,0,195369.80999597523,86630.19000402477
134455,0,88000.0,PhD,F,1,143473,HR,IC,0,IC,0,87076.16641899414,923.8335810058634
79656,0,77000.0,Bachelor,F,4,53856,HR,IC,0,IC,0,86004.53677464435,-9004.536774644352
132702,0,168000.0,Master,F,1,61038,sales,IC,0,IC,0,177865.95495298997,-9865.954952989967
7460,0,179000.0,High_School,M,1,137369,sales,IC,0,IC,0,186739.580228817,-7739.580228817009
4078,1,273000.0,PhD,F,6,85717,sales,IC,0,IC,0,196640.35002037467,76359.64997962533
167989,1,104000.0,Bachelor,F,6,102498,HR,IC,0,IC,0,92945.69396992728,11054.306030072723
42772,1,158000.0,Bachelor,F,4,153412,marketing,IC,0,IC,0,207278.65164912542,-49278.651649125415
17309,1,296000.0,High_School,M,4,87613,engineering,IC,0,IC,0,265464.78858191444,30535.211418085557
78262,0,91000.0,PhD,M,8,41808,HR,IC,0,IC,0,77217.56023676235,13782.43976323765
161494,1,121000.0,Master,M,2,111974,engineering,IC,0,IC,0,233296.97305636574,-112296.97305636574
21165,0,124000.0,Bachelor,F,3,73846,sales,IC,0,IC,0,194461.09812463698,-70461.09812463698
117246,0,76000.0,Bachelor,F,3,29733,HR,IC,0,IC,0,83591.34611794354,-7591.34611794354
56021,0,371000.0,Master,M,5,141317,sales,IC,0,IC,0,196414.1583420818,174585.8416579182
40557,0,134000.0,High_School,M,5,88007,sales,IC,0,IC,0,190414.06772590298,-56414.067725902976
142926,0,210000.0,PhD,M,7,171351,engineering,MM,8,MM,8,235352.46693717266,-25352.466937172663
109644,0,250000.0,PhD,F,4,112245,sales,IC,0,IC,0,200837.55383701346,49162.44616298654
67240,1,268000.0,Bachelor,M,2,20901,engineering,IC,0,IC,0,242862.72183744767,25137.278162552335
197498,1,184000.0,High_School,F,1,47618,marketing,IC,0,IC,0,152342.72348095477,31657.276519045234
174500,0,303000.0,High_School,F,1,46178,engineering,IC,0,IC,0,256554.63123786892,46445.36876213108
196872,0,176000.0,Bachelor,F,1,175558,engineering,IC,0,IC,0,221439.98962197226,-45439.98962197226
155033,0,283000.0,Bachelor,M,4,157064,marketing,IC,0,IC,0,192298.8865953424,90701.1134046576
133598,0,206000.0,High_School,M,5,64750,engineering,IC,0,IC,0,243781.76916131607,-37781.76916131607
15752,0,199000.0,Master,M,5,136147,sales,IC,0,IC,0,196414.1583420818,2585.8416579182085
155593,1,183000.0,High_School,M,3,183045,engineering,IC,0,IC,0,246261.9865189567,-63261.98651895669
139943,1,375000.0,PhD,F,3,185976,engineering,IC,0,IC,0,266408.7034972524,108591.29650274757
130150,1,145000.0,Bachelor,F,6,59705,sales,IC,0,IC,0,200667.41278442592,-55667.41278442592
149032,1,293000.0,Bachelor,M,3,27704,sales,IC,0,IC,0,189257.1654400931,103742.83455990691
35762,0,269000.0,Master,M,5,61811,sales,IC,0,IC,0,196414.1583420818,72585.84165791821
62856,1,207000.0,High_School,M,4,46178,engineering,IC,0,IC,0,265464.78858191444,-58464.78858191444
3755,0,278000.0,High_School,M,1,87733,sales,IC,0,IC,0,186739.580228817,91260.41977118299
77670,1,104000.0,PhD,M,3,66119,sales,MM,15,MM,15,154638.9660437802,-50638.96604378021
40838,0,198000.0,Bachelor,F,1,123358,sales,IC,0,IC,0,190803.3928173758,7196.607182624197
89771,0,79000.0,Master,M,4,199184,sales,IC,0,IC,0,194695.32052053208,-115695.32052053208
98380,0,326000.0,Bachelor,M,4,159098,engineering,IC,0,IC,0,245313.12529643642,80686.87470356358
39569,1,240000.0,PhD,M,4,144401,sales,IC,0,IC,0,200154.16277634335,39845.83722365665
185459,1,167000.0,Bachelor,M,3,46997,sales,IC,0,IC,0,189257.1654400931,-22257.165440093086
19795,0,274000.0,PhD,M,3,153551,sales,IC,0,IC,0,197202.7515403313,76797.24845966871
82227,0,85000.0,Bachelor,F,4,129778,HR,IC,0,IC,0,86004.53677464435,-1004.5367746443517
87519,0,192000.0,Master,M,1,50761,marketing,IC,0,IC,0,195691.75019170734,-3691.7501917073387
184470,1,98000.0,Master,M,6,184236,HR,IC,0,IC,0,93922.07666479764,4077.9233352023584
38873,0,92000.0,Bachelor,F,4,23737,HR,IC,0,IC,0,86004.53677464435,5995.463225355648
104619,0,167000.0,Bachelor,F,4,188118,sales,IC,0,IC,0,199971.48280086013,-32971.48280086013
87625,0,228000.0,PhD,M,2,142104,engineering,IC,0,IC,0,239738.82647541008,-11738.826475410082
80853,0,299000.0,PhD,M,6,1872,engineering,IC,0,IC,0,247728.11200962216,51271.88799037784
42103,0,193000.0,PhD,M,4,113578,marketing,IC,0,IC,0,210382.93359964158,-17382.933599641576
137602,0,89000.0,Bachelor,M,1,69200,sales,IC,0,IC,0,179465.38885958475,-90465.38885958475
5875,0,177000.0,Master,M,14,146600,marketing,MM,9,MM,9,225265.9238892353,-48265.9238892353
118115,0,177000.0,Master,M,7,148984,sales,IC,0,IC,0,189796.9743375098,-12796.974337509804
136000,0,208000.0,Bachelor,F,4,85717,sales,IC,0,IC,0,199971.48280086013,8028.517199139867
118506,0,93000.0,Bachelor,M,2,25036,HR,MM,8,MM,8,87422.527259369,5577.472740630998
33020,0,68000.0,High_School,F,6,80240,HR,IC,0,IC,0,85934.09298729662,-17934.092987296623
193599,0,223000.0,Master,F,2,112302,engineering,IC,0,IC,0,260023.70872319196,-37023.70872319196
164085,0,135000.0,PhD,F,1,59555,marketing,IC,0,IC,0,167799.52370018433,-32799.523700184334
151073,0,67000.0,Bachelor,F,1,47260,HR,IC,0,IC,0,77771.4712925606,-10771.4712925606
147974,1,182000.0,Master,M,8,25934,engineering,IC,0,IC,0,217148.62717740008,-35148.62717740008
189411,0,281000.0,Bachelor,M,1,8198,engineering,IC,0,IC,0,253447.42674818967,27552.573251810332
21575,1,67000.0,PhD,F,6,151838,sales,IC,0,IC,0,196640.35002037467,-129640.35002037467
124441,1,285000.0,Bachelor,M,6,67151,engineering,IC,0,IC,0,254868.05476583744,30131.94523416256
152080,0,79000.0,High_School,F,2,73649,sales,IC,0,IC,0,189874.31344501488,-110874.31344501488
179436,0,153000.0,PhD,F,1,197206,marketing,IC,0,IC,0,167799.52370018433,-14799.523700184334
40375,1,334000.0,Bachelor,M,2,101819,engineering,IC,0,IC,0,242862.72183744767,91137.27816255233
39388,0,130000.0,Master,M,10,66119,sales,MM,7,MM,7,167048.94557670076,-37048.94557670076
23982,0,226000.0,High_School,M,3,140542,sales,IC,0,IC,0,193926.29331709526,32073.70668290474
142408,1,182000.0,Master,M,3,175558,engineering,IC,0,IC,0,243469.85093906373,-61469.850939063734
122506,0,108000.0,Master,F,2,80043,HR,IC,0,IC,0,82960.55864883834,25039.44135116166
50668,0,82000.0,Master,M,6,94039,sales,IC,0,IC,0,192430.58157034806,-110430.58157034806
104454,1,290000.0,Bachelor,M,1,28979,sales,IC,0,IC,0,180018.0883550749,109981.9116449251
139971,0,166000.0,Bachelor,M,1,41080,sales,IC,0,IC,0,179465.38885958475,-13465.388859584753
158315,1,213000.0,PhD,F,1,181311,sales,IC,0,IC,0,177727.6568266361,35272.343173363886
93496,0,210000.0,PhD,M,4,77670,sales,IC,0,IC,0,194705.84234154952,15294.15765845048
167256,0,246000.0,Bachelor,F,2,134658,sales,IC,0,IC,0,190325.4138625573,55674.586137442704
168727,0,357000.0,Bachelor,M,3,52525,engineering,IC,0,IC,0,244492.12806626968,112507.87193373032
15747,0,291000.0,PhD,M,4,75242,engineering,IC,0,IC,0,241182.17333249372,49817.82666750628
11277,1,550000.0,Master,M,22,61554,sales,E,3598,E,3598,465039.33333333326,84960.66666666674
78215,0,219000.0,Master,M,3,181201,sales,MM,12,MM,12,196916.14674819156,22083.85325180844
104120,0,181000.0,High_School,F,2,70406,marketing,IC,0,IC,0,191544.59382960657,-10544.593829606572
20837,1,79000.0,PhD,F,3,102632,marketing,IC,0,IC,0,185493.86852960358,-106493.86852960358
104101,0,281000.0,PhD,M,6,181219,marketing,IC,0,IC,0,199498.14193409026,81501.85806590974
112404,1,237000.0,High_School,M,4,167650,engineering,IC,0,IC,0,265464.78858191444,-28464.788581914443
32432,0,281000.0,PhD,M,2,183824,engineering,IC,0,IC,0,239738.82647541008,41261.17352458992
118233,1,249000.0,Master,M,23,149778,marketing,D,45,D,45,232779.42475614755,16220.57524385245
191630,1,206000.0,PhD,M,5,162381,engineering,IC,0,IC,0,234389.674076652,-28389.67407665201
53211,0,136000.0,Bachelor,M,6,165442,sales,IC,0,IC,0,193558.3030501584,-57558.3030501584
22478,1,81000.0,Master,F,2,149245,marketing,IC,0,IC,0,173888.25401291758,-92888.25401291758
194602,1,113000.0,Master,M,3,16510,sales,IC,0,IC,0,188351.1977603531,-75351.1977603531
188719,0,135000.0,Bachelor,F,2,132399,sales,IC,0,IC,0,190325.4138625573,-55325.413862557296
117939,1,203000.0,Master,M,7,87330,engineering,IC,0,IC,0,225125.6637037776,-22125.663703777594
155138,0,82000.0,Master,F,3,189148,HR,IC,0,IC,0,83947.66681572703,-1947.6668157270324
140097,0,308000.0,High_School,M,7,182556,sales,IC,0,IC,0,187723.0207662197,120276.9792337803
49780,0,238000.0,PhD,F,4,8711,marketing,IC,0,IC,0,215242.36812769604,22757.63187230396
91050,0,129000.0,High_School,F,7,175361,sales,IC,0,IC,0,194001.4593275081,-65001.45932750811
153782,0,89000.0,High_School,F,1,193818,HR,IC,0,IC,0,84206.1973205254,4793.8026794745965
118329,0,157000.0,Master,F,10,181201,sales,MM,12,MM,12,174739.82978521948,-17739.82978521948
97930,1,215000.0,High_School,F,3,62990,sales,IC,0,IC,0,206475.92737872282,8524.072621277184
97195,1,167000.0,PhD,M,4,191351,marketing,IC,0,IC,0,206647.66908106598,-39647.66908106598
136356,0,172000.0,Master,F,6,55476,marketing,IC,0,IC,0,191657.88654472306,-19657.886544723064
98212,1,321000.0,High_School,M,7,69903,engineering,IC,0,IC,0,235656.8323084096,85343.16769159041
52209,0,210000.0,PhD,M,3,79193,sales,IC,0,IC,0,197202.7515403313,12797.248459668714
185589,0,237000.0,Bachelor,M,6,75045,marketing,IC,0,IC,0,189453.14893188572,47546.85106811428
189222,1,320000.0,Bachelor,F,10,3802,engineering,MM,14,MM,14,295589.99431890337,24410.005681096634
23940,1,200000.0,Master,M,1,74264,marketing,IC,0,IC,0,165989.76505118783,34010.23494881217
137776,0,311000.0,Master,F,11,40132,engineering,MM,10,MM,10,269298.0538996428,41701.94610035722
83854,0,237000.0,Bachelor,M,3,114572,marketing,IC,0,IC,0,195837.03111956886,41162.968880431144
111646,0,70000.0,Bachelor,F,7,172948,HR,IC,0,IC,0,79025.13326882306,-9025.133268823061
183283,0,143000.0,Master,M,5,20378,HR,MM,13,MM,13,116068.29050780136,26931.709492198643
69556,1,221000.0,High_School,M,4,186283,engineering,IC,0,IC,0,265464.78858191444,-44464.78858191444
77514,0,276000.0,PhD,M,4,1050,engineering,IC,0,IC,0,241182.17333249372,34817.82666750628
99936,0,69000.0,PhD,M,1,144401,sales,IC,0,IC,0,198908.11730505654,-129908.11730505654
32306,0,353000.0,Bachelor,M,1,41335,engineering,IC,0,IC,0,253447.42674818967,99552.57325181033
168526,1,111000.0,Bachelor,F,7,142926,engineering,IC,0,IC,0,242583.02573106642,-131583.02573106642
76764,1,113000.0,High_School,M,4,153412,marketing,IC,0,IC,0,183760.25765752327,-70760.25765752327
17376,0,248000.0,Master,M,4,116750,engineering,IC,0,IC,0,241830.84919374806,6169.150806251942
16423,0,96000.0,Bachelor,M,4,190566,marketing,IC,0,IC,0,192298.8865953424,-96298.8865953424
62587,0,277000.0,Master,M,3,168791,engineering,IC,0,IC,0,244073.52979870792,32926.470201292075
60570,0,329000.0,Bachelor,M,3,198424,marketing,IC,0,IC,0,195837.03111956886,133162.96888043114
27661,0,101000.0,Master,F,1,154375,HR,IC,0,IC,0,82364.56846565497,18635.43153434503
22574,0,75000.0,Master,M,2,143473,HR,IC,0,IC,0,75830.80845334244,-830.8084533424408
130489,0,284000.0,Master,M,19,36075,sales,D,25,D,25,259772.13073268734,24227.869267312664
73244,0,144000.0,PhD,M,4,115591,sales,IC,0,IC,0,194705.84234154952,-50705.84234154952
168567,1,266000.0,Master,M,6,186283,engineering,IC,0,IC,0,229476.66225561104,36523.33774438896
181882,0,62000.0,Bachelor,M,4,104539,HR,IC,0,IC,0,85853.00043622433,-23853.000436224334
49727,1,91000.0,PhD,F,17,84011,sales,D,79,D,79,142853.80083111333,-51853.80083111333
123922,0,190000.0,PhD,M,2,157931,engineering,IC,0,IC,0,239738.82647541008,-49738.82647541008
18953,0,393000.0,Bachelor,M,1,43602,engineering,IC,0,IC,0,253447.42674818967,139552.57325181033
60956,0,263000.0,High_School,M,5,4259,engineering,IC,0,IC,0,243781.76916131607,19218.23083868393
197547,0,155000.0,Master,F,4,164638,sales,IC,0,IC,0,198453.75863186418,-43453.758631864184
194656,0,159000.0,High_School,M,4,136468,sales,IC,0,IC,0,192668.28755272523,-33668.28755272523
157966,0,361000.0,PhD,M,7,134556,marketing,MM,10,MM,10,222283.91920649022,138716.08079350978
32194,0,117000.0,Bachelor,M,9,166591,sales,IC,0,IC,0,177275.39610331308,-60275.396103313076
165417,0,270000.0,Master,F,5,119991,engineering,IC,0,IC,0,237036.2608257125,32963.739174287504
172591,0,234000.0,Master,F,3,65856,sales,IC,0,IC,0,191260.8810195265,42739.11898047349
199487,0,157000.0,Bachelor,M,2,80728,engineering,IC,0,IC,0,238810.46474319053,-81810.46474319053
42948,0,92000.0,High_School,F,5,139278,HR,IC,0,IC,0,82936.4626631867,9063.5373368133
31956,1,120000.0,Master,M,4,77613,sales,IC,0,IC,0,193172.76047413386,-73172.76047413386
114591,0,62000.0,Bachelor,F,4,23737,HR,IC,0,IC,0,86004.53677464435,-24004.53677464435
163659,1,252000.0,Bachelor,M,2,52313,sales,IC,0,IC,0,198429.69040148894,53570.309598511056
11540,0,331000.0,High_School,M,3,54315,sales,IC,0,IC,0,193926.29331709526,137073.70668290474
39534,1,131000.0,Bachelor,M,1,19524,marketing,IC,0,IC,0,169925.83131011992,-38925.83131011992
161198,0,138000.0,High_School,M,1,17291,sales,IC,0,IC,0,186739.580228817,-48739.58022881701
45726,0,69000.0,Master,M,1,51121,HR,IC,0,IC,0,77429.4837578407,-8429.483757840702
199956,1,133000.0,Bachelor,F,5,5282,sales,IC,0,IC,0,202564.03332828608,-69564.03332828608
183120,0,377000.0,PhD,F,1,111508,marketing,IC,0,IC,0,167799.52370018433,209200.47629981567
108428,1,202000.0,Master,M,10,117030,engineering,MM,16,MM,16,207612.43375705648,-5612.433757056482
142406,0,159000.0,High_School,F,2,27781,marketing,IC,0,IC,0,191544.59382960657,-32544.593829606572
89002,1,189000.0,Master,M,15,34280,sales,D,60,D,60,235472.00428460428,-46472.00428460428
41175,0,263000.0,PhD,M,5,61403,engineering,MM,9,MM,9,268214.9613573775,-5214.961357377528
29608,0,135000.0,PhD,M,6,103421,engineering,IC,0,IC,0,247728.11200962216,-112728.11200962216
1050,1,129000.0,Master,M,6,71595,engineering,MM,14,MM,14,182798.04676094608,-53798.046760946076
165467,0,333000.0,Bachelor,M,2,66453,engineering,IC,0,IC,0,238810.46474319053,94189.53525680947
101576,1,272000.0,High_School,M,2,169574,marketing,IC,0,IC,0,196899.97053999678,75100.02946000322
57659,1,171000.0,PhD,M,4,122762,sales,IC,0,IC,0,200154.16277634335,-29154.16277634335
64885,0,150000.0,PhD,M,3,199282,marketing,IC,0,IC,0,204409.410789578,-54409.41078957799
4845,0,216000.0,Bachelor,M,3,160289,sales,IC,0,IC,0,194528.5959929,21471.404007100005
57453,0,236000.0,Master,F,4,91124,sales,IC,0,IC,0,198453.75863186418,37546.241368135816
76107,1,324000.0,PhD,M,6,199282,marketing,IC,0,IC,0,194897.30397634246,129102.69602365754
8142,1,179000.0,PhD,M,4,27393,sales,IC,0,IC,0,200154.16277634335,-21154.16277634335
6089,0,218000.0,PhD,M,5,181311,sales,IC,0,IC,0,192559.0137282462,25440.98627175379
174074,0,157000.0,High_School,M,1,46997,sales,IC,0,IC,0,186739.580228817,-29739.58022881701
53269,0,235000.0,Master,M,3,142367,sales,IC,0,IC,0,195369.80999597523,39630.19000402477
169872,0,232000.0,PhD,F,3,98558,engineering,IC,0,IC,0,250494.2058762398,-18494.20587623981
87077,0,85000.0,PhD,M,7,107694,HR,IC,0,IC,0,81811.02716801292,3188.9728319870774
27471,0,112000.0,Master,M,2,92585,marketing,IC,0,IC,0,189747.8553120937,-77747.85531209371
147696,1,354000.0,Bachelor,M,2,27393,sales,IC,0,IC,0,198429.69040148894,155570.30959851106
77258,0,77000.0,Bachelor,M,7,68222,HR,IC,0,IC,0,78143.12642095941,-1143.1264209594083
150668,0,112000.0,Master,M,3,171461,HR,IC,0,IC,0,81611.19715433878,30388.802845661223
37794,0,74000.0,PhD,M,2,139278,HR,IC,0,IC,0,76157.36192109241,-2157.361921092408
80286,0,66000.0,High_School,M,5,67178,HR,IC,0,IC,0,79935.7666218699,-13935.766621869901
139754,1,175000.0,PhD,F,4,21377,sales,IC,0,IC,0,201771.61572670785,-26771.615726707852
101504,0,193000.0,Master,F,6,82698,sales,IC,0,IC,0,195325.24825658792,-2325.248256587918
149855,0,72000.0,Bachelor,M,3,54997,sales,IC,0,IC,0,194528.5959929,-122528.5959929
39543,1,192000.0,Bachelor,M,3,68998,marketing,IC,0,IC,0,188192.39140789176,3807.6085921082413
7027,0,91000.0,Bachelor,F,6,168564,sales,IC,0,IC,0,200771.57459589085,-109771.57459589085
148829,0,171000.0,Master,M,1,15277,engineering,IC,0,IC,0,253167.61103592915,-82167.61103592915
1933,0,179000.0,PhD,M,7,7349,marketing,IC,0,IC,0,200395.53867977747,-21395.53867977747
109075,0,246000.0,High_School,M,2,166928,engineering,IC,0,IC,0,226878.35789292358,19121.64210707642
192229,1,297000.0,Bachelor,M,5,197206,marketing,IC,0,IC,0,193996.92968217094,103003.07031782906
31561,1,149000.0,PhD,M,8,198032,sales,IC,0,IC,0,166527.71478660288,-17527.714786602883
162586,1,266000.0,Bachelor,M,3,107493,engineering,IC,0,IC,0,238207.9962027491,27792.003797250887
80821,1,145000.0,Master,M,3,24071,engineering,IC,0,IC,0,243469.85093906373,-98469.85093906373
69124,0,130000.0,Bachelor,F,6,94039,sales,IC,0,IC,0,200771.57459589085,-70771.57459589085
106335,0,84000.0,High_School,M,4,169849,HR,IC,0,IC,0,87030.10157120656,-3030.1015712065564
137942,1,197000.0,PhD,M,4,48730,marketing,IC,0,IC,0,206647.66908106598,-9647.669081065978
24656,1,137000.0,High_School,F,2,29547,engineering,IC,0,IC,0,174840.34102302935,-37840.34102302935
12548,0,144000.0,PhD,M,4,4259,engineering,IC,0,IC,0,241182.17333249372,-97182.17333249372
13430,1,260000.0,Master,M,3,175361,sales,IC,0,IC,0,188351.1977603531,71648.8022396469
32070,0,287000.0,PhD,M,4,122197,engineering,IC,0,IC,0,241182.17333249372,45817.82666750628
192666,1,72000.0,Bachelor,M,2,9239,sales,IC,0,IC,0,198429.69040148894,-126429.69040148894
141002,1,168000.0,Master,M,3,162381,engineering,IC,0,IC,0,243469.85093906373,-75469.85093906373
160961,0,304000.0,PhD,F,6,147819,sales,IC,0,IC,0,194169.18557509538,109830.81442490462
158826,0,321000.0,High_School,M,4,145710,engineering,IC,0,IC,0,250920.8991168643,70079.10088313569
41775,0,147000.0,Bachelor,M,1,78516,sales,IC,0,IC,0,179465.38885958475,-32465.388859584753
31002,0,71000.0,PhD,F,4,252,HR,IC,0,IC,0,82462.33964853613,-11462.33964853613
54963,0,97000.0,High_School,M,13,142146,sales,D,14,D,14,187582.46504856544,-90582.46504856544
182154,0,313000.0,PhD,M,2,48120,engineering,IC,0,IC,0,239738.82647541008,73261.17352458992
197166,0,103000.0,Bachelor,M,4,182556,sales,IC,0,IC,0,193264.55968086384,-90264.55968086384
46849,0,134000.0,Bachelor,F,4,88007,sales,IC,0,IC,0,199971.48280086013,-65971.48280086013
23896,1,196000.0,PhD,M,1,82463,marketing,IC,0,IC,0,198010.52881550777,-2010.5288155077724
42822,0,98000.0,High_School,M,2,150290,HR,IC,0,IC,0,84800.74930108206,13199.250698917938
99642,0,82000.0,Bachelor,M,3,31063,HR,IC,0,IC,0,77553.46065381975,4446.539346180245
180371,0,95000.0,PhD,F,2,57701,HR,IC,0,IC,0,81889.77770686249,13110.222293137514
190181,0,233000.0,PhD,M,6,64724,marketing,IC,0,IC,0,199498.14193409026,33501.858065909735
23901,0,206000.0,Master,M,2,68998,marketing,IC,0,IC,0,189747.8553120937,16252.144687906286
179405,0,174000.0,Bachelor,F,3,23565,sales,IC,0,IC,0,194461.09812463698,-20461.098124636977
88399,0,136000.0,Master,M,3,178797,sales,IC,0,IC,0,195369.80999597523,-59369.80999597523
182142,0,141000.0,High_School,M,4,66160,sales,IC,0,IC,0,192668.28755272523,-51668.28755272523
130616,1,299000.0,High_School,M,2,91254,marketing,IC,0,IC,0,196899.97053999678,102100.02946000322
119833,1,283000.0,Master,M,15,84011,sales,D,49,D,49,252417.34420856918,30582.65579143082
71484,0,213000.0,Bachelor,M,2,140061,sales,IC,0,IC,0,196776.30656462905,16223.693435370951
48298,0,136000.0,High_School,M,9,91254,marketing,IC,0,IC,0,162845.66874258043,-26845.668742580427
171106,0,320000.0,Master,F,6,107547,sales,IC,0,IC,0,195325.24825658792,124674.75174341208
132234,0,241000.0,Bachelor,M,2,65856,sales,IC,0,IC,0,196776.30656462905,44223.69343537095
116992,1,204000.0,Bachelor,F,2,147819,sales,IC,0,IC,0,192222.09002881806,11777.909971181944
170717,0,386000.0,Bachelor,M,2,167650,engineering,IC,0,IC,0,238810.46474319053,147189.53525680947
183971,1,351000.0,PhD,M,2,24071,engineering,IC,0,IC,0,237027.23882378358,113972.76117621642
104953,0,61000.0,Bachelor,F,1,119231,HR,IC,0,IC,0,77771.4712925606,-16771.4712925606
109928,0,68000.0,Bachelor,F,7,179149,HR,IC,0,IC,0,79025.13326882306,-11025.133268823061
88583,0,212000.0,High_School,F,4,131620,sales,IC,0,IC,0,198949.1492696776,13050.850730322389
177608,0,82000.0,High_School,M,4,167389,sales,IC,0,IC,0,192668.28755272523,-110668.28755272523
84011,0,328000.0,Bachelor,F,30,11277,sales,VP,553,VP,553,320656.6666666667,7343.333333333314
106594,1,272000.0,PhD,F,1,143317,sales,IC,0,IC,0,177727.6568266361,94272.34317336389
146584,0,360000.0,Bachelor,M,2,52319,sales,IC,0,IC,0,196776.30656462905,163223.69343537095
73598,0,291000.0,High_School,M,1,179212,marketing,IC,0,IC,0,181617.3790151326,109382.62098486739
164657,1,187000.0,Bachelor,M,6,82657,sales,IC,0,IC,0,198291.83614469276,-11291.83614469276
173330,0,234000.0,Bachelor,F,2,41335,engineering,IC,0,IC,0,241425.92290671106,-7425.922906711057
120852,0,255000.0,Bachelor,M,1,10773,engineering,IC,0,IC,0,253447.42674818967,1552.5732518103323
133269,1,359000.0,Bachelor,M,3,183045,engineering,IC,0,IC,0,238207.9962027491,120792.00379725089
139252,0,131000.0,Bachelor,F,3,182531,sales,IC,0,IC,0,194461.09812463698,-63461.09812463698
52189,0,118000.0,Bachelor,F,1,193920,sales,IC,0,IC,0,190803.3928173758,-72803.3928173758
113874,1,198000.0,High_School,M,1,126368,sales,IC,0,IC,0,182145.5554433057,15854.444556694303
75045,0,181000.0,PhD,F,2,124893,marketing,MM,11,MM,11,175016.39048327887,5983.6095167211315
43412,0,196000.0,High_School,M,7,182116,sales,IC,0,IC,0,187723.0207662197,8276.979233780294
181020,1,383000.0,High_School,M,1,169664,engineering,IC,0,IC,0,201743.7749494076,181256.2250505924
71130,0,304000.0,PhD,M,8,8207,engineering,MM,14,MM,14,267287.2608558471,36712.7391441529
181781,0,110000.0,Bachelor,F,6,110260,HR,MM,11,MM,11,96945.78080174002,13054.219198259976
41862,0,136000.0,High_School,M,4,132360,sales,IC,0,IC,0,192668.28755272523,-56668.28755272523
190361,1,97000.0,Bachelor,M,2,142850,sales,IC,0,IC,0,198429.69040148894,-101429.69040148894
69379,1,191000.0,Master,M,10,183175,sales,MM,12,MM,12,200971.6659960525,-9971.6659960525
141763,0,74000.0,Bachelor,M,3,132192,HR,IC,0,IC,0,77553.46065381975,-3553.460653819755
158095,0,262000.0,High_School,M,3,152791,sales,IC,0,IC,0,193926.29331709526,68073.70668290474
15019,1,119000.0,Bachelor,M,2,153412,marketing,IC,0,IC,0,188339.52808760988,-69339.52808760988
99038,1,379000.0,High_School,M,2,66453,engineering,IC,0,IC,0,231965.8322813009,147034.1677186991
91202,0,338000.0,Master,M,3,59353,engineering,IC,0,IC,0,244073.52979870792,93926.47020129208
97241,0,264000.0,Master,F,2,191083,marketing,IC,0,IC,0,190948.4877860469,73051.5122139531
164878,0,222000.0,Master,M,7,10357,marketing,IC,0,IC,0,184687.5348280426,37312.46517195739
63563,0,126000.0,PhD,M,3,105542,marketing,IC,0,IC,0,204409.410789578,-78409.41078957799
98538,0,138000.0,PhD,M,2,164439,marketing,IC,0,IC,0,198900.55025181093,-60900.55025181093
128205,0,72000.0,Master,F,1,9400,HR,IC,0,IC,0,82364.56846565497,-10364.568465654971
171765,0,154000.0,Bachelor,M,4,37124,sales,IC,0,IC,0,193264.55968086384,-39264.55968086384
193920,0,217000.0,Bachelor,F,14,141808,sales,MM,13,MM,13,230864.06394308142,-13864.063943081419
137439,0,119000.0,Master,F,2,168415,HR,IC,0,IC,0,82960.55864883834,36039.44135116166
4542,0,147000.0,High_School,F,4,125775,marketing,IC,0,IC,0,201724.40649176008,-54724.40649176008
186368,1,128000.0,High_School,M,5,41721,marketing,IC,0,IC,0,182313.43331827148,-54313.433318271476
80294,0,199000.0,Bachelor,M,3,79807,engineering,IC,0,IC,0,244492.12806626968,-45492.12806626968
102258,0,169000.0,High_School,F,6,62990,sales,IC,0,IC,0,197100.5741972499,-28100.574197249894
178408,0,253000.0,Master,M,2,7212,marketing,IC,0,IC,0,189747.8553120937,63252.144687906286
143691,0,244000.0,High_School,M,2,24071,engineering,IC,0,IC,0,226878.35789292358,17121.64210707642
46727,1,115000.0,PhD,M,2,158777,marketing,IC,0,IC,0,180493.22465190728,-65493.22465190728
154781,0,198000.0,PhD,M,2,87613,engineering,IC,0,IC,0,239738.82647541008,-41738.82647541008
12214,0,190000.0,Master,M,14,171907,sales,MM,11,MM,11,221492.56776432737,-31492.567764327367
165454,0,83000.0,High_School,F,2,8812,HR,IC,0,IC,0,84827.81499972833,-1827.8149997283326
149162,0,245000.0,Bachelor,F,1,134671,sales,IC,0,IC,0,190803.3928173758,54196.6071826242
18710,1,150000.0,PhD,M,5,189222,engineering,IC,0,IC,0,234389.674076652,-84389.67407665201
14477,0,205000.0,PhD,M,2,6335,sales,IC,0,IC,0,201356.5442201449,3643.4557798551104
13449,0,191000.0,PhD,M,4,46178,engineering,IC,0,IC,0,241182.17333249372,-50182.17333249372
129740,1,250000.0,PhD,M,4,196058,marketing,IC,0,IC,0,206647.66908106598,43352.33091893402
51447,0,122000.0,PhD,F,1,144976,sales,IC,0,IC,0,184864.59303542023,-62864.59303542023
3249,0,241000.0,PhD,F,3,66453,engineering,IC,0,IC,0,250494.2058762398,-9494.205876239808
180216,1,72000.0,Master,M,3,182116,sales,IC,0,IC,0,188351.1977603531,-116351.1977603531
79594,0,79000.0,Bachelor,F,3,4384,HR,IC,0,IC,0,83591.34611794354,-4591.34611794354
128456,1,310000.0,Master,M,1,142367,sales,IC,0,IC,0,194883.36343501264,115116.63656498736
133012,0,172000.0,Bachelor,F,6,84230,marketing,IC,0,IC,0,191347.17958827774,-19347.179588277737
192542,0,106000.0,High_School,M,5,169223,engineering,IC,0,IC,0,243781.76916131607,-137781.76916131607
133628,0,186000.0,High_School,M,2,26183,sales,IC,0,IC,0,195986.4498613001,-9986.44986130009
8893,1,203000.0,PhD,F,2,130449,sales,IC,0,IC,0,186910.43460369,16089.565396310005
156380,0,64000.0,Bachelor,M,3,53856,HR,IC,0,IC,0,77553.46065381975,-13553.460653819755
57316,0,260000.0,Master,M,13,157492,sales,MM,13,MM,13,219592.02017549417,40407.979824505834
6220,0,250000.0,Bachelor,M,1,87847,sales,IC,0,IC,0,179465.38885958475,70534.61114041525
44985,0,90000.0,Bachelor,F,8,51121,HR,IC,0,IC,0,83803.37035013305,6196.629649866954
71947,0,124000.0,PhD,F,3,179212,marketing,IC,0,IC,0,211839.30129742634,-87839.30129742634
170663,0,88000.0,Master,M,5,134728,marketing,IC,0,IC,0,192239.89997562923,-104239.89997562923
112679,1,136000.0,Master,M,3,71585,sales,IC,0,IC,0,188351.1977603531,-52351.1977603531
34457,0,259000.0,PhD,F,1,180925,sales,IC,0,IC,0,184864.59303542023,74135.40696457977
144558,0,221000.0,Master,M,5,88779,sales,IC,0,IC,0,196414.1583420818,24585.84165791821
154451,1,112000.0,Master,M,5,171940,marketing,IC,0,IC,0,191923.89872502946,-79923.89872502946
14146,1,279000.0,PhD,M,5,159098,engineering,IC,0,IC,0,234389.674076652,44610.32592334799
199703,0,80000.0,Bachelor,F,3,51923,HR,IC,0,IC,0,83591.34611794354,-3591.34611794354
145632,0,184000.0,PhD,M,4,103912,sales,IC,0,IC,0,194705.84234154952,-10705.84234154952
50341,0,96000.0,PhD,F,3,169833,HR,IC,0,IC,0,83843.8873054549,12156.112694545096
99682,0,97000.0,High_School,F,1,43704,HR,IC,0,IC,0,84206.1973205254,12793.802679474597
48572,0,195000.0,Master,M,2,146220,marketing,IC,0,IC,0,189747.8553120937,5252.144687906286
138870,1,394000.0,Master,F,2,73106,engineering,IC,0,IC,0,253356.57931868994,140643.42068131006
177837,0,96000.0,Bachelor,M,4,80043,HR,IC,0,IC,0,85853.00043622433,10146.999563775666
117030,0,387000.0,Bachelor,F,19,109804,engineering,D,53,D,53,339280.0,47720.0
1199,1,277000.0,High_School,M,8,62081,sales,IC,0,IC,0,224201.6029267886,52798.39707321141
107020,0,67000.0,High_School,F,1,130135,HR,IC,0,IC,0,84206.1973205254,-17206.197320525403
64097,0,182000.0,PhD,M,3,1610,engineering,IC,0,IC,0,244594.82101961187,-62594.821019611874
117024,1,61000.0,PhD,M,1,126257,engineering,IC,0,IC,0,238639.5918970931,-177639.5918970931
88360,1,260000.0,High_School,F,6,132283,engineering,IC,0,IC,0,251253.78311591147,8746.216884088528
101306,0,81000.0,PhD,F,1,29749,HR,IC,0,IC,0,87076.16641899414,-6076.166418994137
163389,0,77000.0,High_School,F,5,22887,HR,IC,0,IC,0,82936.4626631867,-5936.4626631866995
23986,0,215000.0,Master,M,2,198778,engineering,IC,0,IC,0,225404.836709512,-10404.83670951199
129429,1,276000.0,Master,M,3,128447,engineering,IC,0,IC,0,243469.85093906373,32530.149060936266
169634,0,132000.0,Master,M,3,43704,HR,IC,0,IC,0,81611.19715433878,50388.80284566122
173538,0,369000.0,Bachelor,F,1,58522,engineering,IC,0,IC,0,221439.98962197226,147560.01037802774
58511,0,255000.0,PhD,M,2,188118,sales,IC,0,IC,0,201356.5442201449,53643.45577985511
22355,0,73000.0,High_School,F,1,10786,HR,IC,0,IC,0,84206.1973205254,-11206.197320525403
32601,1,245000.0,Master,M,1,101819,engineering,IC,0,IC,0,250966.59465767271,-5966.594657672715
9992,0,138000.0,Master,M,2,149485,sales,IC,0,IC,0,196044.60399481485,-58044.603994814854
1334,0,76000.0,Bachelor,M,2,94447,HR,IC,0,IC,0,83618.18616664072,-7618.18616664072
82323,0,381000.0,Bachelor,M,5,189038,engineering,IC,0,IC,0,237543.49587850232,143456.50412149768
71444,0,146000.0,Master,M,2,34163,sales,IC,0,IC,0,196044.60399481485,-50044.603994814854
73807,0,219000.0,Bachelor,M,1,84828,engineering,IC,0,IC,0,253447.42674818967,-34447.42674818967
132315,0,98000.0,Bachelor,F,4,16445,HR,IC,0,IC,0,86004.53677464435,11995.463225355648
124340,0,300000.0,PhD,F,7,91002,marketing,IC,0,IC,0,207668.74857349895,92331.25142650105
71569,1,209000.0,PhD,M,1,22090,marketing,IC,0,IC,0,198010.52881550777,10989.471184492228
174039,0,272000.0,Bachelor,M,1,170076,engineering,IC,0,IC,0,253447.42674818967,18552.573251810332
31055,1,393000.0,PhD,M,2,120638,engineering,IC,0,IC,0,237027.23882378358,155972.76117621642
112751,0,311000.0,PhD,M,2,43420,sales,IC,0,IC,0,201356.5442201449,109643.45577985511
85411,1,229000.0,Bachelor,F,3,169664,engineering,IC,0,IC,0,249465.5655649748,-20465.565564974793
93803,0,93000.0,Master,F,3,117376,HR,IC,0,IC,0,83947.66681572703,9052.333184272968
34710,1,242000.0,High_School,F,6,61988,engineering,IC,0,IC,0,251253.78311591147,-9253.783115911472
176264,0,310000.0,Master,M,2,30640,engineering,IC,0,IC,0,225404.836709512,84595.16329048801
23565,0,97000.0,Master,F,5,78493,sales,MM,12,MM,12,185821.8081210133,-88821.80812101331
64978,0,216000.0,PhD,M,1,4440,marketing,IC,0,IC,0,195577.15476246577,20422.84523753423
169917,0,315000.0,PhD,M,4,115694,engineering,IC,0,IC,0,241182.17333249372,73817.82666750628
46694,1,256000.0,PhD,F,5,196660,sales,IC,0,IC,0,201105.53032258726,54894.46967741274
89244,0,145000.0,Bachelor,F,2,129626,marketing,IC,0,IC,0,195854.82935350726,-50854.82935350726
65224,0,95000.0,Master,M,1,62990,sales,IC,0,IC,0,198051.2011472294,-103051.20114722941
112533,0,232000.0,High_School,F,9,109254,sales,IC,0,IC,0,166601.10635219596,65398.89364780404
86645,1,97000.0,Bachelor,M,1,55431,sales,IC,0,IC,0,180018.0883550749,-83018.0883550749
192169,1,73000.0,Bachelor,M,3,51288,engineering,IC,0,IC,0,238207.9962027491,-165207.9962027491
169331,0,228000.0,Master,F,6,12679,sales,IC,0,IC,0,195325.24825658792,32674.751743412082
165137,0,372000.0,PhD,M,3,61811,sales,IC,0,IC,0,197202.7515403313,174797.2484596687
177857,0,85000.0,PhD,F,2,4384,HR,IC,0,IC,0,81889.77770686249,3110.2222931375145
172840,0,212000.0,PhD,M,7,18939,sales,IC,0,IC,0,195867.84805352206,16132.151946477941
119641,1,209000.0,Bachelor,M,3,62161,marketing,IC,0,IC,0,188192.39140789176,20807.60859210824
6371,0,260000.0,High_School,M,2,16073,marketing,IC,0,IC,0,195512.34328319496,64487.65671680504
96328,0,167000.0,High_School,M,3,158888,sales,IC,0,IC,0,193926.29331709526,-26926.29331709526
120549,1,100000.0,Master,F,3,132026,marketing,IC,0,IC,0,173192.14355952016,-73192.14355952016
149510,0,103000.0,Master,F,3,172321,sales,IC,0,IC,0,191260.8810195265,-88260.88101952651
100884,0,167000.0,PhD,M,1,168905,engineering,IC,0,IC,0,245381.45541854406,-78381.45541854406
196008,1,237000.0,Master,M,1,127275,engineering,IC,0,IC,0,250966.59465767271,-13966.594657672715
188626,1,127000.0,High_School,M,4,180854,sales,IC,0,IC,0,195764.89920874953,-68764.89920874953
190065,0,279000.0,PhD,M,3,143437,marketing,MM,10,MM,10,214468.38867664072,64531.61132335928
174808,1,260000.0,PhD,M,3,58365,marketing,IC,0,IC,0,184507.95041214005,75492.04958785995
18766,1,312000.0,Bachelor,M,4,43602,engineering,IC,0,IC,0,243628.2627138922,68371.73728610779
105637,0,148000.0,Master,M,2,48912,engineering,IC,0,IC,0,225404.836709512,-77404.83670951199
149926,1,266000.0,PhD,M,2,73106,engineering,IC,0,IC,0,237027.23882378358,28972.761176216416
100559,0,171000.0,High_School,M,1,91345,sales,IC,0,IC,0,186739.580228817,-15739.580228817009
86940,1,129000.0,High_School,M,6,188118,sales,IC,0,IC,0,193059.48051434927,-64059.48051434927
27526,0,171000.0,PhD,F,5,116750,engineering,IC,0,IC,0,253630.17097182493,-82630.17097182493
83409,0,220000.0,High_School,M,2,64750,engineering,IC,0,IC,0,226878.35789292358,-6878.357892923581
27598,0,344000.0,Master,M,1,164638,sales,IC,0,IC,0,198051.2011472294,145948.7988527706
43490,1,351000.0,High_School,M,2,167921,engineering,IC,0,IC,0,231965.8322813009,119034.16771869909
185080,0,215000.0,Bachelor,M,6,180854,sales,IC,0,IC,0,193558.3030501584,21441.6969498416
162053,0,116000.0,Bachelor,F,1,66160,sales,IC,0,IC,0,190803.3928173758,-74803.3928173758
124945,0,84000.0,PhD,F,1,54808,sales,IC,0,IC,0,184864.59303542023,-100864.59303542023
55479,0,265000.0,Master,M,8,128447,engineering,IC,0,IC,0,248887.05893000934,16112.941069990658
2807,0,128000.0,Master,M,1,56316,sales,IC,0,IC,0,198051.2011472294,-70051.20114722941
107523,0,173000.0,Master,F,3,180037,sales,IC,0,IC,0,191260.8810195265,-18260.88101952651
155376,1,161000.0,Master,M,6,82698,sales,IC,0,IC,0,193447.7320829517,-32447.732082951698
146309,0,221000.0,Master,M,1,123000,sales,IC,0,IC,0,198051.2011472294,22948.79885277059
90356,0,221000.0,High_School,M,1,113618,marketing,IC,0,IC,0,181617.3790151326,39382.62098486739
41207,0,129000.0,Bachelor,M,2,181772,sales,IC,0,IC,0,196776.30656462905,-67776.30656462905
110464,1,550000.0,Master,M,21,61554,marketing,E,2009,E,2009,390111.5555555555,159888.4444444445
51288,0,97000.0,Master,M,14,140317,engineering,MM,13,MM,13,228464.87893708737,-131464.87893708737
181164,0,357000.0,High_School,M,6,186283,engineering,IC,0,IC,0,264491.40438673896,92508.59561326104
50495,1,109000.0,Master,M,2,175365,marketing,IC,0,IC,0,179191.36560797412,-70191.36560797412
141934,1,261000.0,Master,M,4,52319,sales,IC,0,IC,0,193172.76047413386,67827.23952586614
72937,0,350000.0,PhD,M,5,158777,marketing,IC,0,IC,0,203274.43239263128,146725.56760736872
27680,0,161000.0,PhD,M,3,112750,engineering,IC,0,IC,0,244594.82101961187,-83594.82101961187
154235,0,73000.0,High_School,M,5,149135,engineering,IC,0,IC,0,243781.76916131607,-170781.76916131607
192826,0,286000.0,PhD,M,2,60489,marketing,IC,0,IC,0,198900.55025181093,87099.44974818907
147438,0,164000.0,PhD,M,1,197832,marketing,IC,0,IC,0,195577.15476246577,-31577.15476246577
73101,0,78000.0,Bachelor,F,3,61443,HR,IC,0,IC,0,83591.34611794354,-5591.34611794354
199566,0,68000.0,Master,F,6,73254,HR,IC,0,IC,0,86673.97573048914,-18673.97573048914
35434,0,322000.0,High_School,M,1,56316,sales,IC,0,IC,0,186739.580228817,135260.419771183
32316,0,284000.0,Bachelor,F,4,191073,sales,IC,0,IC,0,199971.48280086013,84028.51719913987
110760,0,75000.0,Bachelor,F,6,113618,marketing,IC,0,IC,0,191347.17958827774,-116347.17958827774
194271,0,240000.0,Master,M,5,199184,sales,IC,0,IC,0,196414.1583420818,43585.84165791821
10414,1,395000.0,PhD,M,3,26468,engineering,IC,0,IC,0,246707.47890110445,148292.52109889555
106693,1,135000.0,Bachelor,F,2,54315,sales,IC,0,IC,0,192222.09002881806,-57222.09002881806
79958,0,384000.0,Bachelor,F,5,61988,engineering,IC,0,IC,0,263857.73149032274,120142.26850967726
147268,0,102000.0,Bachelor,F,5,85426,HR,IC,0,IC,0,85695.75736501839,16304.242634981609
27327,0,131000.0,PhD,F,3,198424,marketing,IC,0,IC,0,211839.30129742634,-80839.30129742634
150110,0,176000.0,Master,F,2,184998,sales,IC,0,IC,0,192912.71319514548,-16912.71319514548
143832,0,79000.0,Master,F,3,5889,HR,IC,0,IC,0,83947.66681572703,-4947.666815727032
140528,0,64000.0,PhD,M,1,66420,HR,IC,0,IC,0,77565.84484314994,-13565.844843149942
121048,0,143000.0,PhD,F,3,144401,sales,IC,0,IC,0,195546.71190949707,-52546.71190949707
34569,1,124000.0,High_School,M,5,191351,marketing,IC,0,IC,0,182313.43331827148,-58313.433318271476
152011,1,78000.0,High_School,M,1,91124,sales,IC,0,IC,0,182145.5554433057,-104145.5554433057
59806,1,85000.0,Master,M,3,42096,sales,IC,0,IC,0,188351.1977603531,-103351.1977603531
51266,0,282000.0,Bachelor,M,1,47472,engineering,IC,0,IC,0,253447.42674818967,28552.573251810332
188711,0,66000.0,High_School,M,2,16445,HR,IC,0,IC,0,84800.74930108206,-18800.74930108206
170363,0,104000.0,PhD,F,3,14226,HR,IC,0,IC,0,83843.8873054549,20156.112694545096
80670,0,61000.0,PhD,F,6,57701,HR,IC,0,IC,0,80224.81814815088,-19224.81814815088
136986,0,203000.0,High_School,M,2,187053,engineering,IC,0,IC,0,226878.35789292358,-23878.35789292358
13862,1,196000.0,Master,M,2,92210,sales,IC,0,IC,0,195747.7721196565,252.22788034350378
80032,0,226000.0,High_School,M,1,33266,marketing,IC,0,IC,0,181617.3790151326,44382.62098486739
100440,1,218000.0,PhD,M,4,178797,sales,IC,0,IC,0,200154.16277634335,17845.83722365665
54798,0,64000.0,Master,M,6,80240,HR,IC,0,IC,0,79333.42563341424,-15333.425633414241
165229,0,100000.0,Master,F,2,29733,HR,IC,0,IC,0,82960.55864883834,17039.44135116166
131223,0,72000.0,Master,M,1,50679,sales,IC,0,IC,0,198051.2011472294,-126051.20114722941
70581,0,141000.0,PhD,F,2,131525,sales,IC,0,IC,0,202419.4707253329,-61419.47072533291
137744,0,327000.0,PhD,F,3,68532,engineering,IC,0,IC,0,250494.2058762398,76505.79412376019
107468,0,210000.0,Bachelor,M,3,18312,engineering,IC,0,IC,0,244492.12806626968,-34492.12806626968
7813,1,135000.0,Master,F,1,192145,sales,IC,0,IC,0,162567.59691448012,-27567.59691448012
158056,0,338000.0,PhD,M,4,33814,engineering,MM,9,MM,9,265119.8815566873,72880.1184433127
16125,1,138000.0,High_School,M,6,100373,HR,IC,0,IC,0,111905.5860369961,26094.4139630039
127661,1,220000.0,High_School,F,1,112643,sales,IC,0,IC,0,175018.73009809814,44981.26990190186
16768,0,160000.0,Master,M,7,143317,sales,IC,0,IC,0,189796.9743375098,-29796.974337509804
46573,0,177000.0,Master,F,4,183065,engineering,IC,0,IC,0,241976.73593625068,-64976.73593625068
64675,0,228000.0,Master,M,3,21377,sales,IC,0,IC,0,195369.80999597523,32630.19000402477
52008,1,175000.0,High_School,M,4,122145,engineering,IC,0,IC,0,265464.78858191444,-90464.78858191444
154703,0,363000.0,PhD,M,10,18295,engineering,MM,6,MM,6,288528.1059246505,74471.8940753495
66942,1,78000.0,Bachelor,M,6,103421,engineering,IC,0,IC,0,254868.05476583744,-176868.05476583744
52191,0,167000.0,PhD,M,4,63832,marketing,IC,0,IC,0,210382.93359964158,-43382.933599641576
11426,1,289000.0,Bachelor,M,1,198875,engineering,IC,0,IC,0,241459.58846692662,47540.41153307338
2689,1,249000.0,High_School,M,5,60489,marketing,IC,0,IC,0,182313.43331827148,66686.56668172852
73509,0,243000.0,PhD,M,3,9239,sales,IC,0,IC,0,197202.7515403313,45797.24845966871
13281,0,115000.0,High_School,M,2,66453,engineering,IC,0,IC,0,226878.35789292358,-111878.35789292358
1406,1,346000.0,Bachelor,M,1,174122,engineering,IC,0,IC,0,241459.58846692662,104540.41153307338
176126,1,196000.0,PhD,M,4,51738,engineering,IC,0,IC,0,236378.21786726158,-40378.217867261585
119480,0,172000.0,High_School,M,9,127275,engineering,IC,0,IC,0,205842.60151249412,-33842.60151249412
75275,0,75000.0,PhD,F,2,80043,HR,IC,0,IC,0,81889.77770686249,-6889.7777068624855
1697,0,220000.0,Bachelor,F,2,32159,sales,IC,0,IC,0,190325.4138625573,29674.586137442704
109467,0,222000.0,PhD,M,1,81860,engineering,IC,0,IC,0,245381.45541854406,-23381.455418544065
24293,0,229000.0,Master,M,2,142850,sales,IC,0,IC,0,196044.60399481485,32955.396005185146
104484,1,130000.0,Bachelor,M,6,61811,sales,IC,0,IC,0,198291.83614469276,-68291.83614469276
149902,1,219000.0,Master,M,5,129734,engineering,IC,0,IC,0,228892.63088194563,-9892.630881945632
130321,0,217000.0,Master,M,4,82698,sales,IC,0,IC,0,194695.32052053208,22304.679479467915
52484,0,77000.0,Bachelor,F,3,175548,HR,IC,0,IC,0,83591.34611794354,-6591.34611794354
6160,1,185000.0,PhD,M,2,67931,engineering,IC,0,IC,0,237027.23882378358,-52027.238823783584
76792,0,80000.0,Bachelor,F,5,80240,HR,IC,0,IC,0,85695.75736501839,-5695.757365018391
46955,0,339000.0,Bachelor,M,1,198648,marketing,IC,0,IC,0,195298.98660263894,143701.01339736106
88419,0,60000.0,PhD,F,7,126515,HR,IC,0,IC,0,77724.75714311065,-17724.757143110648
30783,0,365000.0,PhD,M,1,132309,sales,IC,0,IC,0,198908.11730505654,166091.88269494346
128913,1,148000.0,Master,M,3,116119,marketing,IC,0,IC,0,189367.86484762578,-41367.86484762578
22109,0,271000.0,Bachelor,F,2,181311,sales,IC,0,IC,0,190325.4138625573,80674.5861374427
5901,0,73000.0,PhD,M,2,180925,sales,IC,0,IC,0,201356.5442201449,-128356.54422014489
127076,1,245000.0,PhD,M,3,81644,engineering,IC,0,IC,0,246707.47890110445,-1707.4789011044486
51838,1,77000.0,High_School,M,2,154375,HR,IC,0,IC,0,82889.00517393328,-5889.005173933285
157313,1,250000.0,Master,M,2,60489,marketing,IC,0,IC,0,179191.36560797412,70808.63439202588
38000,1,375000.0,PhD,M,2,154891,engineering,IC,0,IC,0,237027.23882378358,137972.76117621642
91876,0,214000.0,PhD,M,2,114572,marketing,IC,0,IC,0,198900.55025181093,15099.449748189072
16207,0,110000.0,Bachelor,F,2,199950,HR,IC,0,IC,0,86599.55002878579,23400.449971214213
171705,0,104000.0,PhD,F,1,61443,HR,IC,0,IC,0,87076.16641899414,16923.833581005863
67690,0,150000.0,Master,M,6,167877,sales,IC,0,IC,0,192430.58157034806,-42430.58157034806
41721,0,176000.0,PhD,M,10,162889,marketing,MM,9,MM,9,203993.01031728272,-27993.010317282722
160675,0,136000.0,PhD,F,6,35499,sales,IC,0,IC,0,194169.18557509538,-58169.185575095384
162864,0,85000.0,Master,M,1,153412,marketing,IC,0,IC,0,195691.75019170734,-110691.75019170734
85350,0,237000.0,Master,M,4,48352,engineering,IC,0,IC,0,241830.84919374806,-4830.849193748058
62787,0,173000.0,Master,M,1,26757,marketing,IC,0,IC,0,195691.75019170734,-22691.75019170734
36586,0,191000.0,Master,F,4,49729,sales,IC,0,IC,0,198453.75863186418,-7453.758631864184
6083,0,246000.0,PhD,M,8,152960,sales,IC,0,IC,0,166448.08693168403,79551.91306831597
135064,0,223000.0,Bachelor,M,1,47618,marketing,IC,0,IC,0,195298.98660263894,27701.013397361065
65583,0,198000.0,Master,F,1,24979,marketing,IC,0,IC,0,191328.91733028728,6671.0826697127195
67673,1,242000.0,High_School,M,3,23120,marketing,IC,0,IC,0,191326.7881611632,50673.21183883681
32177,1,212000.0,PhD,M,6,48690,sales,IC,0,IC,0,188866.9788219157,23133.02117808431
77369,1,173000.0,High_School,M,2,164326,sales,IC,0,IC,0,197187.20652557365,-24187.206525573652
83032,1,98000.0,PhD,M,11,87344,marketing,MM,12,MM,12,153465.85367551944,-55465.85367551944
187398,0,148000.0,Master,M,1,137776,engineering,IC,0,IC,0,253167.61103592915,-105167.61103592915
8559,0,92000.0,Master,F,4,172541,HR,IC,0,IC,0,79232.74241669648,12767.257583303523
22042,0,266000.0,Bachelor,M,2,62081,sales,IC,0,IC,0,196776.30656462905,69223.69343537095
103286,0,177000.0,High_School,F,2,3260,engineering,IC,0,IC,0,249980.76471078486,-72980.76471078486
18667,0,108000.0,High_School,M,7,118329,sales,IC,0,IC,0,187723.0207662197,-79723.0207662197
108474,0,62000.0,Bachelor,M,4,22887,HR,IC,0,IC,0,85853.00043622433,-23853.000436224334
130782,1,88000.0,PhD,M,4,175558,engineering,IC,0,IC,0,236378.21786726158,-148378.21786726158
86123,1,397000.0,Bachelor,M,6,122145,engineering,IC,0,IC,0,254868.05476583744,142131.94523416256
23331,0,179000.0,PhD,M,3,90834,sales,IC,0,IC,0,197202.7515403313,-18202.751540331286
175738,1,163000.0,Master,M,3,102815,sales,IC,0,IC,0,188351.1977603531,-25351.197760353098
3605,0,210000.0,PhD,M,2,59939,marketing,IC,0,IC,0,198900.55025181093,11099.449748189072
193030,1,85000.0,Master,F,2,79934,engineering,IC,0,IC,0,253356.57931868994,-168356.57931868994
82636,1,101000.0,Master,F,1,130449,sales,IC,0,IC,0,162567.59691448012,-61567.59691448012
71735,0,390000.0,PhD,M,4,167921,engineering,IC,0,IC,0,241182.17333249372,148817.82666750628
103080,1,302000.0,Master,M,2,160169,sales,IC,0,IC,0,195747.7721196565,106252.2278803435
190503,1,95000.0,Master,F,1,168415,HR,IC,0,IC,0,96318.58180277134,-1318.5818027713394
35156,0,75000.0,High_School,M,4,184885,HR,IC,0,IC,0,87030.10157120656,-12030.101571206556
134541,0,110000.0,PhD,M,2,79934,engineering,IC,0,IC,0,239738.82647541008,-129738.82647541008
86533,0,79000.0,Bachelor,F,2,102498,HR,IC,0,IC,0,86599.55002878579,-7599.550028785787
125556,1,183000.0,Bachelor,M,3,12214,sales,IC,0,IC,0,189257.1654400931,-6257.165440093086
196283,0,285000.0,Master,F,2,71945,engineering,IC,0,IC,0,260023.70872319196,24976.291276808042
43287,1,80000.0,Bachelor,M,3,16785,engineering,IC,0,IC,0,238207.9962027491,-158207.9962027491
57181,1,170000.0,Master,M,3,120638,engineering,IC,0,IC,0,243469.85093906373,-73469.85093906373
29218,1,334000.0,Master,M,5,126330,engineering,IC,0,IC,0,228892.63088194563,105107.36911805437
100976,0,266000.0,PhD,M,3,18939,sales,IC,0,IC,0,197202.7515403313,68797.24845966871
47938,0,252000.0,PhD,M,3,91124,sales,IC,0,IC,0,197202.7515403313,54797.24845966871
168191,0,255000.0,Master,F,5,69943,sales,IC,0,IC,0,199991.97931669242,55008.02068330758
123669,0,260000.0,High_School,M,2,79934,engineering,IC,0,IC,0,226878.35789292358,33121.64210707642
148230,0,161000.0,Master,F,1,99121,marketing,IC,0,IC,0,191328.91733028728,-30328.91733028728
191097,0,139000.0,High_School,F,7,52923,sales,IC,0,IC,0,194001.4593275081,-55001.45932750811
172625,0,120000.0,PhD,M,1,195165,engineering,IC,0,IC,0,245381.45541854406,-125381.45541854406
56558,0,78000.0,High_School,F,1,47260,HR,IC,0,IC,0,84206.1973205254,-6206.1973205254035
123103,0,381000.0,PhD,M,14,72243,engineering,MM,7,MM,7,341158.90969050035,39841.09030949965
156020,0,164000.0,Master,M,7,94507,engineering,IC,0,IC,0,239867.33568426527,-75867.33568426527
147859,0,150000.0,Master,M,1,53390,sales,IC,0,IC,0,198051.2011472294,-48051.20114722941
194221,0,95000.0,Master,F,3,75045,marketing,IC,0,IC,0,191708.4988256018,-96708.4988256018
12345,1,83000.0,PhD,M,2,191073,sales,IC,0,IC,0,191180.20114872733,-108180.20114872733
109378,1,120000.0,High_School,M,1,90065,engineering,IC,0,IC,0,201743.7749494076,-81743.77494940761
190683,0,149000.0,Bachelor,M,4,8856,marketing,IC,0,IC,0,192298.8865953424,-43298.886595342396
27980,0,231000.0,PhD,M,2,102727,marketing,IC,0,IC,0,198900.55025181093,32099.449748189072
99556,0,75000.0,Bachelor,F,1,59327,HR,IC,0,IC,0,77771.4712925606,-2771.4712925606
43858,1,191000.0,PhD,F,5,171351,engineering,MM,9,MM,9,269627.47098324733,-78627.47098324733
118743,0,130000.0,Master,F,3,68998,marketing,IC,0,IC,0,191708.4988256018,-61708.4988256018
20013,0,192000.0,PhD,M,3,128966,sales,IC,0,IC,0,197202.7515403313,-5202.751540331286
143163,1,227000.0,PhD,F,4,198879,sales,IC,0,IC,0,201771.61572670785,25228.384273292148
2308,0,284000.0,Bachelor,M,15,84011,sales,D,47,D,47,246674.45812833068,37325.541871669324
59484,0,61000.0,PhD,F,6,4384,HR,IC,0,IC,0,80224.81814815088,-19224.81814815088
113640,1,106000.0,PhD,F,4,56451,sales,IC,0,IC,0,201771.61572670785,-95771.61572670785
139377,0,193000.0,PhD,M,7,87613,engineering,IC,0,IC,0,243957.16219824034,-50957.162198240345
108467,0,194000.0,Bachelor,F,2,162518,sales,IC,0,IC,0,190325.4138625573,3674.586137442704
51210,0,120000.0,PhD,M,1,126368,sales,IC,0,IC,0,198908.11730505654,-78908.11730505654
166146,0,68000.0,High_School,M,1,4259,engineering,IC,0,IC,0,231847.76096461926,-163847.76096461926
120023,0,240000.0,Master,M,4,134944,sales,IC,0,IC,0,194695.32052053208,45304.679479467915
123791,0,246000.0,Bachelor,M,1,183528,engineering,IC,0,IC,0,253447.42674818967,-7447.426748189668
17431,0,357000.0,Master,F,3,64724,marketing,IC,0,IC,0,191708.4988256018,165291.5011743982
3248,0,184000.0,Master,M,2,45803,sales,IC,0,IC,0,196044.60399481485,-12044.603994814854
60121,0,354000.0,Master,F,21,109804,engineering,D,29,D,29,327241.8064516129,26758.19354838709
92188,0,125000.0,PhD,M,1,34714,sales,IC,0,IC,0,198908.11730505654,-73908.11730505654
110343,1,270000.0,High_School,F,1,147249,engineering,IC,0,IC,0,216804.56625324997,53195.43374675003
173347,1,285000.0,PhD,M,3,193518,sales,IC,0,IC,0,182782.6484747099,102217.35152529011
197690,0,135000.0,High_School,M,1,168564,sales,IC,0,IC,0,186739.580228817,-51739.58022881701
85847,0,236000.0,Bachelor,M,2,60609,sales,IC,0,IC,0,196776.30656462905,39223.69343537095
169005,0,105000.0,Master,M,2,168742,sales,IC,0,IC,0,196044.60399481485,-91044.60399481485
170004,0,153000.0,Bachelor,M,5,119964,marketing,IC,0,IC,0,192321.90017747923,-39321.90017747923
51919,0,258000.0,Bachelor,M,5,175593,sales,IC,0,IC,0,195038.08580704563,62961.91419295437
151902,1,228000.0,High_School,F,4,103421,engineering,IC,0,IC,0,238515.7137547707,-10515.713754770695
88033,1,303000.0,Master,M,3,91254,marketing,IC,0,IC,0,189367.86484762578,113632.13515237422
11186,0,238000.0,High_School,M,5,148865,sales,IC,0,IC,0,190414.06772590298,47585.932274097024
19325,1,142000.0,Bachelor,M,1,52313,sales,IC,0,IC,0,180018.0883550749,-38018.0883550749
65235,0,152000.0,Bachelor,M,7,181996,engineering,IC,0,IC,0,241492.8631037237,-89492.8631037237
95812,0,73000.0,High_School,F,1,172246,sales,IC,0,IC,0,184712.4239725275,-111712.4239725275
171500,1,164000.0,Bachelor,M,3,57185,engineering,IC,0,IC,0,238207.9962027491,-74207.99620274911
148188,0,283000.0,PhD,M,1,4394,marketing,IC,0,IC,0,195577.15476246577,87422.84523753423
138458,1,138000.0,Master,M,1,47863,engineering,IC,0,IC,0,250966.59465767271,-112966.59465767271
141003,0,209000.0,High_School,M,5,127623,engineering,IC,0,IC,0,243781.76916131607,-34781.76916131607
160799,0,150000.0,High_School,M,5,77844,sales,IC,0,IC,0,190414.06772590298,-40414.067725902976
71438,0,215000.0,High_School,M,5,130834,engineering,IC,0,IC,0,243781.76916131607,-28781.76916131607
89458,1,178000.0,Master,F,1,122145,engineering,IC,0,IC,0,248653.7440354666,-70653.7440354666
194775,0,85000.0,PhD,F,1,100373,HR,IC,0,IC,0,87076.16641899414,-2076.1664189941366
76962,0,130000.0,Bachelor,F,4,129000,marketing,IC,0,IC,0,198300.07769298556,-68300.07769298556
126532,0,146000.0,High_School,M,7,145710,engineering,IC,0,IC,0,269143.55240585585,-123143.55240585585
57643,0,73000.0,High_School,M,6,119231,HR,IC,0,IC,0,77257.7937290835,-4257.793729083496
175593,0,152000.0,Master,M,3,167941,sales,MM,11,MM,11,191662.38298403803,-39662.382984038035
138402,0,380000.0,PhD,F,3,137369,sales,IC,0,IC,0,195546.71190949707,184453.28809050293
155578,0,96000.0,PhD,M,6,128511,engineering,IC,0,IC,0,247728.11200962216,-151728.11200962216
97043,1,163000.0,Bachelor,F,3,115591,sales,IC,0,IC,0,194975.3755380346,-31975.375538034597
23246,1,65000.0,PhD,M,3,5282,sales,IC,0,IC,0,182782.6484747099,-117782.64847470989
75846,0,173000.0,Master,F,1,134671,sales,IC,0,IC,0,177865.95495298997,-4865.954952989967
81293,0,79000.0,High_School,F,5,157931,engineering,IC,0,IC,0,260725.3404371225,-181725.3404371225
24691,0,95000.0,Master,M,11,56068,sales,D,55,D,55,135360.90722167076,-40360.90722167076
158154,1,153000.0,Master,F,3,51293,sales,IC,0,IC,0,192638.1102185486,-39638.110218548594
154512,1,361000.0,Master,M,2,75860,engineering,IC,0,IC,0,233296.97305636574,127703.02694363426
21610,0,106000.0,Master,F,8,179929,sales,IC,0,IC,0,178531.48602784384,-72531.48602784384
49407,1,188000.0,PhD,M,3,154170,engineering,IC,0,IC,0,246707.47890110445,-58707.47890110445
61589,0,214000.0,High_School,M,3,183065,engineering,IC,0,IC,0,251988.4772456092,-37988.47724560919
35932,0,264000.0,Master,M,1,161727,engineering,IC,0,IC,0,253167.61103592915,10832.388964070851
131228,0,87000.0,Bachelor,F,1,153412,marketing,IC,0,IC,0,216750.62192916207,-129750.62192916207
80910,1,109000.0,PhD,M,2,179569,sales,IC,0,IC,0,191180.20114872733,-82180.20114872733
146509,1,76000.0,PhD,M,1,161132,marketing,IC,0,IC,0,198010.52881550777,-122010.52881550777
110091,1,185000.0,PhD,M,6,117030,engineering,MM,16,MM,16,217493.01523795965,-32493.015237959655
61634,0,246000.0,Bachelor,M,1,108164,sales,IC,0,IC,0,179465.38885958475,66534.61114041525
102304,0,244000.0,PhD,M,1,146404,marketing,IC,0,IC,0,195577.15476246577,48422.84523753423
8968,0,62000.0,PhD,M,2,166591,sales,IC,0,IC,0,201356.5442201449,-139356.5442201449
191913,0,78000.0,PhD,M,5,754,HR,IC,0,IC,0,82276.80041619591,-4276.800416195911
98874,0,89000.0,PhD,F,3,180006,HR,IC,0,IC,0,83843.8873054549,5156.112694545096
116539,0,76000.0,High_School,F,3,37434,sales,IC,0,IC,0,191417.9608666185,-115417.9608666185
96051,0,199000.0,PhD,F,2,52319,sales,IC,0,IC,0,202419.4707253329,-3419.4707253329107
193330,0,246000.0,Bachelor,M,10,162476,engineering,D,79,D,79,274979.865584607,-28979.865584607003
99336,0,67000.0,High_School,F,4,29508,HR,IC,0,IC,0,77198.66979097077,-10198.669790970773
89311,0,254000.0,Master,M,1,71130,engineering,IC,0,IC,0,253167.61103592915,832.3889640708512
80045,0,74000.0,Bachelor,M,4,196490,HR,IC,0,IC,0,85853.00043622433,-11853.000436224334
198882,1,207000.0,PhD,M,1,147819,sales,IC,0,IC,0,193940.69232599234,13059.307674007665
56153,0,315000.0,PhD,M,5,103014,engineering,IC,0,IC,0,243058.35787352896,71941.64212647104
118165,1,383000.0,PhD,M,1,167650,engineering,IC,0,IC,0,238639.5918970931,144360.4081029069
32217,0,243000.0,High_School,M,1,78997,engineering,IC,0,IC,0,231847.76096461926,11152.239035380742
160558,0,127000.0,PhD,M,7,172250,marketing,IC,0,IC,0,200395.53867977747,-73395.53867977747
131134,0,312000.0,Bachelor,F,1,58522,engineering,IC,0,IC,0,221439.98962197226,90560.01037802774
74671,1,116000.0,Bachelor,F,2,94683,marketing,IC,0,IC,0,171278.59057555642,-55278.590575556416
139266,0,191000.0,PhD,F,8,65883,marketing,IC,0,IC,0,219007.70625044627,-28007.706250446266
164224,0,204000.0,Bachelor,M,1,134536,engineering,IC,0,IC,0,253447.42674818967,-49447.42674818967
184934,0,203000.0,Bachelor,M,4,142685,sales,IC,0,IC,0,193264.55968086384,9735.440319136163
172599,0,130000.0,High_School,M,2,5222,sales,IC,0,IC,0,195986.4498613001,-65986.44986130009
61768,0,101000.0,High_School,M,6,144401,sales,IC,0,IC,0,190398.68369662002,-89398.68369662002
26241,0,75000.0,Bachelor,M,4,26183,sales,IC,0,IC,0,193264.55968086384,-118264.55968086384
137912,0,233000.0,High_School,M,5,193621,sales,IC,0,IC,0,190414.06772590298,42585.932274097024
89092,0,228000.0,Bachelor,M,2,90639,marketing,IC,0,IC,0,196739.27564649528,31260.724353504716
127374,1,107000.0,PhD,M,3,168742,sales,IC,0,IC,0,182782.6484747099,-75782.64847470989
157530,0,110000.0,Bachelor,M,5,71889,HR,D,6,D,6,103589.03958301195,6410.960416988048
67931,0,253000.0,Bachelor,M,13,119481,engineering,MM,14,MM,14,257879.10428451325,-4879.104284513247
176205,0,81000.0,Bachelor,M,2,74170,sales,IC,0,IC,0,196776.30656462905,-115776.30656462905
36939,1,339000.0,Bachelor,M,1,98558,engineering,IC,0,IC,0,241459.58846692662,97540.41153307338
121096,0,287000.0,Master,F,13,40920,marketing,D,14,D,14,242869.90431125302,44130.09568874698
144668,0,253000.0,PhD,M,3,108428,engineering,IC,0,IC,0,244594.82101961187,8405.178980388126
194005,1,140000.0,High_School,F,2,20828,marketing,IC,0,IC,0,195142.62269212652,-55142.62269212652
75025,0,152000.0,PhD,F,1,129410,sales,IC,0,IC,0,184864.59303542023,-32864.59303542023
128065,0,371000.0,Bachelor,M,14,192589,engineering,MM,7,MM,7,308553.67142579646,62446.32857420354
130139,0,278000.0,PhD,M,5,167389,sales,IC,0,IC,0,192559.0137282462,85440.98627175379
43738,0,270000.0,PhD,M,1,167650,engineering,IC,0,IC,0,245381.45541854406,24618.544581455935
154470,0,380000.0,Master,M,3,93223,engineering,IC,0,IC,0,244073.52979870792,135926.47020129208
189576,1,224000.0,Master,M,5,165442,sales,IC,0,IC,0,193689.60735178352,30310.392648216482
120151,0,66000.0,High_School,F,3,196660,sales,IC,0,IC,0,191417.9608666185,-125417.9608666185
87716,0,80000.0,Master,F,3,88370,HR,IC,0,IC,0,83947.66681572703,-3947.6668157270324
187057,0,348000.0,Master,F,2,94030,sales,IC,0,IC,0,192912.71319514548,155087.28680485452
176519,0,126000.0,PhD,M,1,8193,engineering,IC,0,IC,0,245381.45541854406,-119381.45541854406
75878,0,64000.0,Bachelor,F,2,17211,HR,IC,0,IC,0,86599.55002878579,-22599.550028785787
172223,0,103000.0,PhD,M,1,113245,sales,IC,0,IC,0,198908.11730505654,-95908.11730505654
42937,0,307000.0,High_School,M,1,55431,sales,IC,0,IC,0,186739.580228817,120260.41977118299
155437,0,254000.0,PhD,M,13,119481,engineering,MM,12,MM,12,239830.9771862454,14169.022813754593
57185,1,352000.0,PhD,M,8,57693,engineering,MM,13,MM,13,255168.01243996655,96831.98756003345
41679,1,230000.0,Bachelor,M,1,80128,sales,IC,0,IC,0,180018.0883550749,49981.9116449251
73117,0,319000.0,Bachelor,M,2,198424,marketing,IC,0,IC,0,196739.27564649528,122260.72435350472
38528,1,141000.0,Bachelor,M,2,169223,engineering,IC,0,IC,0,242862.72183744767,-101862.72183744767
79703,1,84000.0,High_School,M,2,168564,sales,IC,0,IC,0,197187.20652557365,-113187.20652557365
89779,1,355000.0,Master,F,1,62043,engineering,IC,0,IC,0,248653.7440354666,106346.2559645334
138872,0,240000.0,Master,F,4,102712,sales,IC,0,IC,0,198453.75863186418,41546.241368135816
90405,0,225000.0,Master,F,5,65883,marketing,IC,0,IC,0,195556.18676362679,29443.813236373215
16083,0,86000.0,High_School,F,4,159638,HR,IC,0,IC,0,77198.66979097077,8801.330209029227
29836,0,186000.0,Master,M,2,8182,sales,IC,0,IC,0,196044.60399481485,-10044.603994814854
187704,0,68000.0,Master,F,5,140838,HR,IC,0,IC,0,83499.17048362638,-15499.170483626382
121025,0,82000.0,PhD,M,7,89837,marketing,IC,0,IC,0,200395.53867977747,-118395.53867977747
195991,1,165000.0,PhD,M,1,79193,sales,IC,0,IC,0,193940.69232599234,-28940.692325992335
22977,0,77000.0,High_School,F,5,41533,HR,MM,9,MM,9,78682.54969335755,-1682.5496933575487
67151,0,301000.0,Bachelor,F,3,49002,engineering,MM,15,MM,15,282180.2630675886,18819.736932411382
199810,1,324000.0,PhD,M,1,171499,engineering,IC,0,IC,0,238639.5918970931,85360.40810290689
87649,0,157000.0,Master,M,2,192132,marketing,IC,0,IC,0,189747.8553120937,-32747.855312093714
127503,1,221000.0,PhD,M,4,162381,engineering,IC,0,IC,0,236378.21786726158,-15378.217867261585
627,0,126000.0,Master,M,1,181886,sales,IC,0,IC,0,198051.2011472294,-72051.20114722941
51168,0,119000.0,Master,M,7,193518,sales,IC,0,IC,0,189796.9743375098,-70796.9743375098
134599,0,302000.0,PhD,F,3,127769,engineering,IC,0,IC,0,250494.2058762398,51505.79412376019
94454,1,83000.0,PhD,M,10,84011,sales,D,91,D,91,130688.32491639216,-47688.32491639216
153953,1,108000.0,High_School,F,4,26183,sales,IC,0,IC,0,198726.40167991037,-90726.40167991037
50066,1,98000.0,High_School,M,3,97422,HR,IC,0,IC,0,87800.81449192135,10199.185508078648
148623,0,85000.0,PhD,F,9,194904,HR,IC,0,IC,0,76268.39358347576,8731.606416524242
92918,0,147000.0,High_School,M,2,182028,engineering,IC,0,IC,0,226878.35789292358,-79878.35789292358
61704,0,196000.0,High_School,M,3,53109,sales,IC,0,IC,0,193926.29331709526,2073.70668290474
63077,0,344000.0,Master,M,7,49727,sales,MM,13,MM,13,228336.03709270482,115663.96290729518
26214,0,133000.0,Bachelor,F,1,47748,HR,IC,0,IC,0,77771.4712925606,55228.5287074394
163330,0,69000.0,High_School,F,4,126515,HR,IC,0,IC,0,77198.66979097077,-8198.669790970773
107833,0,82000.0,Master,F,3,1791,HR,IC,0,IC,0,83947.66681572703,-1947.6668157270324
191032,0,262000.0,PhD,M,1,111508,marketing,IC,0,IC,0,195577.15476246577,66422.84523753423
141012,0,88000.0,Master,F,2,179149,HR,IC,0,IC,0,82960.55864883834,5039.4413511616585
167021,1,225000.0,PhD,M,5,149970,marketing,IC,0,IC,0,198245.7378544605,26754.262145539513
9554,0,183000.0,High_School,M,1,37124,sales,IC,0,IC,0,186739.580228817,-3739.580228817009
49116,0,94000.0,High_School,M,1,41808,HR,IC,0,IC,0,91327.03513976384,2672.964860236156
166577,1,90000.0,High_School,F,3,71987,HR,IC,0,IC,0,78171.16123674017,11828.838763259831
71264,1,317000.0,PhD,M,7,32159,sales,IC,0,IC,0,197845.63862374052,119154.36137625948
671,1,191000.0,High_School,M,2,136147,sales,IC,0,IC,0,197187.20652557365,-6187.2065255736525
150432,1,255000.0,Bachelor,M,1,181996,engineering,IC,0,IC,0,241459.58846692662,13540.411533073377
109029,0,201000.0,Bachelor,M,4,7255,engineering,IC,0,IC,0,245313.12529643642,-44313.125296436425
86119,1,98000.0,Master,M,7,15768,HR,IC,0,IC,0,87366.70633552782,10633.293664472178
90696,0,305000.0,Bachelor,M,5,113578,marketing,IC,0,IC,0,192321.90017747923,112678.09982252077
139756,1,178000.0,High_School,M,3,79934,engineering,IC,0,IC,0,246261.9865189567,-68261.98651895669
82225,0,280000.0,PhD,M,2,157966,marketing,IC,0,IC,0,198900.55025181093,81099.44974818907
57116,1,147000.0,Master,M,4,181311,sales,IC,0,IC,0,193172.76047413386,-46172.76047413386
155778,1,217000.0,Bachelor,M,3,81490,sales,IC,0,IC,0,189257.1654400931,27742.834559906914
69175,1,167000.0,High_School,M,1,46178,engineering,IC,0,IC,0,201743.7749494076,-34743.77494940761
58171,0,82000.0,Bachelor,M,2,53856,HR,IC,0,IC,0,83618.18616664072,-1618.1861666407203
110516,0,173000.0,Bachelor,M,6,184998,sales,IC,0,IC,0,193558.3030501584,-20558.3030501584
114624,1,220000.0,Master,M,5,90237,sales,IC,0,IC,0,193689.60735178352,26310.392648216482
47339,0,60000.0,PhD,M,8,118506,HR,IC,0,IC,0,77217.56023676235,-17217.56023676235
121714,0,66000.0,Master,F,5,41808,HR,IC,0,IC,0,83499.17048362638,-17499.17048362638
6935,0,169000.0,Master,M,4,122762,sales,IC,0,IC,0,194695.32052053208,-25695.320520532085
188611,1,231000.0,PhD,M,2,120638,engineering,IC,0,IC,0,237027.23882378358,-6027.238823783584
117298,0,240000.0,PhD,M,5,199282,marketing,IC,0,IC,0,203274.43239263128,36725.56760736872
49002,0,178000.0,Master,F,12,109804,engineering,D,100,D,100,195590.47577996715,-17590.47577996715
105542,0,360000.0,PhD,M,2,162889,marketing,MM,10,MM,10,173732.22600172536,186267.77399827464
109061,0,222000.0,Bachelor,F,3,175434,sales,IC,0,IC,0,194461.09812463698,27538.901875363023
132360,0,161000.0,Bachelor,M,10,120639,sales,MM,13,MM,13,185748.39273524127,-24748.392735241272
129122,1,312000.0,High_School,M,1,189890,engineering,IC,0,IC,0,201743.7749494076,110256.22505059239
43365,0,112000.0,Bachelor,F,3,158609,sales,IC,0,IC,0,194461.09812463698,-82461.09812463698
103958,0,108000.0,Bachelor,M,7,191073,sales,IC,0,IC,0,194389.89332323067,-86389.89332323067
192705,1,215000.0,High_School,F,4,56451,sales,IC,0,IC,0,198726.40167991037,16273.59832008963
65237,1,192000.0,Master,M,2,67522,sales,IC,0,IC,0,195747.7721196565,-3747.772119656496
106277,0,367000.0,Bachelor,M,2,84828,engineering,IC,0,IC,0,238810.46474319053,128189.53525680947
106004,0,61000.0,High_School,F,2,118506,HR,IC,0,IC,0,84827.81499972833,-23827.814999728333
70667,0,204000.0,Bachelor,M,2,144927,sales,IC,0,IC,0,196776.30656462905,7223.693435370951
135380,1,79000.0,PhD,M,1,159838,marketing,IC,0,IC,0,198010.52881550777,-119010.52881550777
20827,0,232000.0,Bachelor,M,3,102632,marketing,IC,0,IC,0,195837.03111956886,36162.968880431144
171340,1,98000.0,High_School,M,1,12214,sales,IC,0,IC,0,182145.5554433057,-84145.5554433057
35443,0,118000.0,Bachelor,M,1,115765,HR,IC,0,IC,0,85222.58767315086,32777.41232684914
15849,1,169000.0,PhD,M,3,191083,marketing,IC,0,IC,0,184507.95041214005,-15507.950412140053
179692,0,88000.0,PhD,F,2,169833,HR,IC,0,IC,0,81889.77770686249,6110.2222931375145
150711,1,155000.0,Bachelor,M,3,81644,engineering,IC,0,IC,0,238207.9962027491,-83207.99620274911
29952,1,179000.0,Master,M,5,70406,marketing,IC,0,IC,0,191923.89872502946,-12923.89872502946
56276,1,253000.0,Bachelor,M,2,67151,engineering,IC,0,IC,0,242862.72183744767,10137.278162552335
135069,1,149000.0,Bachelor,M,7,177805,marketing,IC,0,IC,0,192972.9433536886,-43972.943353688606
141088,1,293000.0,High_School,M,4,21377,sales,IC,0,IC,0,195764.89920874953,97235.10079125047
174541,0,79000.0,Master,F,3,104539,HR,IC,0,IC,0,83947.66681572703,-4947.666815727032
115724,0,103000.0,PhD,F,7,61517,HR,IC,0,IC,0,77724.75714311065,25275.242856889352
21585,1,290000.0,Master,M,2,73649,sales,IC,0,IC,0,195747.7721196565,94252.2278803435
156627,1,126000.0,Bachelor,M,4,89523,sales,IC,0,IC,0,200945.03521904073,-74945.03521904073
26618,0,202000.0,Master,F,7,52319,sales,IC,0,IC,0,194228.1761660175,7771.823833982489
130928,0,162000.0,Master,F,8,90639,marketing,IC,0,IC,0,189771.63614697114,-27771.63614697114
67501,1,347000.0,Master,F,1,71115,engineering,IC,0,IC,0,248653.7440354666,98346.2559645334
76786,1,374000.0,Master,M,1,127275,engineering,IC,0,IC,0,250966.59465767271,123033.40534232729
161809,0,226000.0,PhD,F,5,54997,sales,IC,0,IC,0,201521.88967796802,24478.11032203198
121021,0,343000.0,Master,M,6,8182,sales,IC,0,IC,0,192430.58157034806,150569.41842965194
190414,0,66000.0,High_School,M,3,115765,HR,IC,0,IC,0,86712.65576828775,-20712.655768287746
93969,0,90000.0,Master,F,5,125114,HR,IC,0,IC,0,83499.17048362638,6500.829516373618
192708,1,204000.0,Master,M,6,69200,sales,IC,0,IC,0,193447.7320829517,10552.267917048302
19213,0,153000.0,PhD,M,4,70819,engineering,IC,0,IC,0,241182.17333249372,-88182.17333249372
160128,0,168000.0,Master,M,5,48742,engineering,IC,0,IC,0,241342.61319268073,-73342.61319268073
197876,1,325000.0,PhD,M,7,11277,sales,VP,474,VP,474,316328.75,8671.25
100601,0,216000.0,PhD,M,2,71585,sales,IC,0,IC,0,201356.5442201449,14643.45577985511
126429,0,83000.0,Bachelor,F,2,43937,HR,IC,0,IC,0,86599.55002878579,-3599.5500287857867
170677,1,83000.0,Master,F,3,164501,HR,IC,0,IC,0,81565.62322861952,1434.3767713804846
25605,1,150000.0,PhD,F,3,94030,sales,IC,0,IC,0,187415.0410806651,-37415.041080665105
147555,0,93000.0,PhD,M,17,107152,engineering,D,36,D,36,144804.70329670332,-51804.703296703316
162839,0,308000.0,PhD,F,1,54808,sales,IC,0,IC,0,184864.59303542023,123135.40696457977
178314,0,151000.0,Bachelor,F,8,115539,marketing,MM,7,MM,7,184991.08996632256,-33991.08996632256
111537,0,111000.0,PhD,M,8,102815,sales,IC,0,IC,0,166448.08693168403,-55448.086931684025
135111,1,156000.0,PhD,F,3,60489,marketing,IC,0,IC,0,185493.86852960358,-29493.868529603584
121591,0,82000.0,Bachelor,M,1,53390,sales,IC,0,IC,0,179465.38885958475,-97465.38885958475
95433,0,306000.0,Master,M,3,132683,engineering,IC,0,IC,0,244073.52979870792,61926.470201292075
122542,0,108000.0,High_School,M,4,4440,marketing,IC,0,IC,0,195051.7370391725,-87051.7370391725
120632,0,337000.0,High_School,M,5,73663,marketing,IC,0,IC,0,190498.8311588766,146501.1688411234
80589,0,132000.0,Bachelor,M,4,194078,marketing,IC,0,IC,0,192298.8865953424,-60298.886595342396
116660,0,89000.0,PhD,M,8,26053,HR,D,94,D,94,99404.8088023088,-10404.808802308806
16358,1,349000.0,Bachelor,F,1,98967,marketing,IC,0,IC,0,200189.67771152535,148810.32228847465
192145,0,136000.0,PhD,F,5,145667,sales,MM,12,MM,12,192826.73097193867,-56826.73097193867
134191,0,69000.0,Bachelor,M,4,168942,HR,IC,0,IC,0,85853.00043622433,-16853.000436224334
136406,0,165000.0,Bachelor,M,5,101819,engineering,IC,0,IC,0,237543.49587850232,-72543.49587850232
8103,0,142000.0,Bachelor,F,2,135848,marketing,IC,0,IC,0,195854.82935350726,-53854.82935350726
178395,0,70000.0,Master,M,6,119302,HR,IC,0,IC,0,79333.42563341424,-9333.425633414241
96793,1,357000.0,Master,M,2,68821,engineering,IC,0,IC,0,233296.97305636574,123703.02694363426
52117,0,65000.0,Master,F,6,135804,HR,IC,0,IC,0,86673.97573048914,-21673.97573048914
30862,0,60000.0,Bachelor,F,4,85426,HR,IC,0,IC,0,86004.53677464435,-26004.53677464435
187259,0,85000.0,High_School,M,2,95522,marketing,IC,0,IC,0,195512.34328319496,-110512.34328319496
91357,0,107000.0,Master,F,8,127769,engineering,IC,0,IC,0,238505.5191016877,-131505.5191016877
33031,1,314000.0,High_School,F,8,185976,engineering,IC,0,IC,0,280386.56848637894,33613.431513621064
68568,1,141000.0,PhD,M,7,83032,marketing,IC,0,IC,0,202702.61017714458,-61702.61017714458
140542,0,301000.0,Master,F,3,2308,sales,MM,10,MM,10,225119.2151135033,75880.7848864967
1586,0,296000.0,High_School,M,4,96420,sales,IC,0,IC,0,192668.28755272523,103331.71244727477
48912,0,247000.0,PhD,M,7,171351,engineering,MM,10,MM,10,237682.6609360448,9317.339063955209
155936,0,85000.0,High_School,F,6,179149,HR,IC,0,IC,0,85934.09298729662,-934.0929872966226
13465,1,202000.0,Master,M,8,168797,marketing,IC,0,IC,0,202956.3898476718,-956.3898476717877
122285,1,318000.0,PhD,F,4,112750,engineering,IC,0,IC,0,230933.5124355746,87066.48756442539
167945,0,131000.0,Bachelor,M,2,92210,sales,IC,0,IC,0,196776.30656462905,-65776.30656462905
85790,1,317000.0,PhD,F,1,122197,engineering,IC,0,IC,0,263712.13522253255,53287.86477746745
29427,1,288000.0,Bachelor,M,6,168564,sales,IC,0,IC,0,198291.83614469276,89708.16385530724
17952,0,63000.0,Master,F,1,194904,HR,IC,0,IC,0,82364.56846565497,-19364.56846565497
14185,0,212000.0,PhD,M,1,152791,sales,IC,0,IC,0,198908.11730505654,13091.882694943459
14159,0,368000.0,High_School,F,1,176415,engineering,IC,0,IC,0,256554.63123786892,111445.36876213108
59353,1,148000.0,Bachelor,M,6,152076,engineering,MM,11,MM,11,181990.38001101906,-33990.380011019064
78430,0,159000.0,Bachelor,M,4,89837,marketing,IC,0,IC,0,192298.8865953424,-33298.886595342396
193336,1,373000.0,Bachelor,M,6,166928,engineering,IC,0,IC,0,254868.05476583744,118131.94523416256
159638,0,98000.0,PhD,F,9,116660,HR,MM,12,MM,12,96975.30332969989,1024.696670300109
114260,1,97000.0,Bachelor,M,6,53109,sales,IC,0,IC,0,198291.83614469276,-101291.83614469276
93818,0,88000.0,Master,M,2,43858,engineering,IC,0,IC,0,225404.836709512,-137404.836709512
134248,1,327000.0,PhD,F,4,115694,engineering,IC,0,IC,0,230933.5124355746,96066.48756442539
53627,0,103000.0,Master,M,3,754,HR,IC,0,IC,0,81611.19715433878,21388.802845661223
147749,0,287000.0,PhD,M,5,161132,marketing,IC,0,IC,0,203274.43239263128,83725.56760736872
11128,0,164000.0,Master,M,4,160289,sales,IC,0,IC,0,194695.32052053208,-30695.320520532085
18445,1,214000.0,Bachelor,F,3,46997,sales,IC,0,IC,0,194975.3755380346,19024.624461965403
171883,0,149000.0,Bachelor,M,2,4421,sales,IC,0,IC,0,196776.30656462905,-47776.30656462905
126304,1,299000.0,Master,M,1,55883,engineering,IC,0,IC,0,250966.59465767271,48033.405342327285
7636,0,281000.0,PhD,M,1,101484,engineering,IC,0,IC,0,245381.45541854406,35618.544581455935
44283,0,101000.0,High_School,M,7,180925,sales,IC,0,IC,0,187723.0207662197,-86723.0207662197
10347,0,252000.0,PhD,M,5,30488,marketing,IC,0,IC,0,203274.43239263128,48725.56760736872
176931,0,184000.0,High_School,F,3,27393,sales,IC,0,IC,0,191417.9608666185,-7417.960866618494
29673,0,317000.0,Bachelor,M,3,154170,engineering,IC,0,IC,0,244492.12806626968,72507.87193373032
142999,0,120000.0,Bachelor,M,4,164326,sales,IC,0,IC,0,193264.55968086384,-73264.55968086384
92286,0,200000.0,PhD,M,5,166591,sales,IC,0,IC,0,192559.0137282462,7440.986271753791
22254,0,103000.0,Master,F,6,14465,HR,IC,0,IC,0,86673.97573048914,16326.02426951086
9830,1,372000.0,PhD,F,2,183065,engineering,IC,0,IC,0,285728.9021753286,86271.09782467142
143538,0,358000.0,Master,M,1,1610,engineering,IC,0,IC,0,253167.61103592915,104832.38896407085
56215,0,112000.0,Master,M,2,147783,sales,IC,0,IC,0,196044.60399481485,-84044.60399481485
178661,0,161000.0,Master,M,4,143317,sales,IC,0,IC,0,194695.32052053208,-33695.320520532085
137925,0,124000.0,Bachelor,M,4,30468,engineering,IC,0,IC,0,245313.12529643642,-121313.12529643642
98095,0,237000.0,PhD,M,1,61038,sales,IC,0,IC,0,198908.11730505654,38091.88269494346
4110,1,68000.0,PhD,M,13,94454,sales,MM,18,MM,18,123252.38447853172,-55252.38447853172
71585,0,281000.0,Master,F,13,65174,sales,MM,10,MM,10,235132.22853618965,45867.77146381035
36075,0,265000.0,Master,M,16,11277,sales,VP,191,VP,191,258142.8139768728,6857.1860231272
196050,0,73000.0,Master,F,8,180006,HR,IC,0,IC,0,76675.9929422252,-3675.9929422252026
183547,0,215000.0,PhD,M,2,130834,engineering,IC,0,IC,0,239738.82647541008,-24738.826475410082
145228,0,73000.0,PhD,F,2,64087,HR,IC,0,IC,0,81889.77770686249,-8889.777706862486
129839,0,105000.0,Bachelor,M,7,126515,HR,IC,0,IC,0,78143.12642095941,26856.87357904059
86130,1,151000.0,High_School,M,1,12649,engineering,IC,0,IC,0,201743.7749494076,-50743.77494940761
164612,0,115000.0,PhD,F,2,104759,HR,IC,0,IC,0,81889.77770686249,33110.222293137514
194565,1,299000.0,PhD,F,5,29410,engineering,IC,0,IC,0,235619.31312139722,63380.68687860278
23108,1,142000.0,Bachelor,F,3,79237,marketing,IC,0,IC,0,184164.0051782409,-42164.005178240914
57569,1,288000.0,Bachelor,M,1,107493,engineering,IC,0,IC,0,241459.58846692662,46540.41153307338
58893,0,324000.0,Bachelor,M,5,64750,engineering,IC,0,IC,0,237543.49587850232,86456.50412149768
70840,0,110000.0,PhD,F,1,187053,engineering,IC,0,IC,0,245816.63079848664,-135816.63079848664
93998,0,399000.0,Master,M,2,101484,engineering,IC,0,IC,0,225404.836709512,173595.163290488
74149,0,84000.0,Bachelor,F,3,168415,HR,IC,0,IC,0,83591.34611794354,408.65388205646013
109541,1,166000.0,Bachelor,M,1,152960,sales,IC,0,IC,0,180018.0883550749,-14018.088355074899
142685,1,362000.0,Master,M,7,157492,sales,MM,16,MM,16,191699.3983910927,170300.6016089073
48352,0,336000.0,Bachelor,M,7,161284,engineering,MM,13,MM,13,297513.3085828718,38486.6914171282
18154,0,121000.0,High_School,F,1,172541,HR,IC,0,IC,0,84206.1973205254,36793.8026794746
196156,0,140000.0,PhD,F,4,41991,sales,IC,0,IC,0,200837.55383701346,-60837.55383701346
48547,1,102000.0,PhD,F,1,84230,marketing,IC,0,IC,0,183636.80504243038,-81636.80504243038
167310,0,292000.0,Master,M,3,140542,sales,IC,0,IC,0,195369.80999597523,96630.19000402477
167100,0,154000.0,Bachelor,F,2,37434,sales,IC,0,IC,0,190325.4138625573,-36325.413862557296
181841,1,386000.0,PhD,M,1,116774,engineering,IC,0,IC,0,238639.5918970931,147360.4081029069
41178,0,72000.0,Master,M,1,29749,HR,IC,0,IC,0,77429.4837578407,-5429.483757840702
169382,0,83000.0,High_School,F,4,77556,HR,IC,0,IC,0,77198.66979097077,5801.330209029227
148676,0,199000.0,Master,M,3,134536,engineering,IC,0,IC,0,244073.52979870792,-45073.529798707925
59179,0,77000.0,PhD,M,2,104759,HR,IC,0,IC,0,76157.36192109241,842.638078907592
189388,0,211000.0,Master,M,1,102026,sales,IC,0,IC,0,198051.2011472294,12948.79885277059
15932,1,301000.0,Bachelor,M,2,54315,sales,IC,0,IC,0,198429.69040148894,102570.30959851106
137504,0,176000.0,PhD,M,6,149245,marketing,IC,0,IC,0,199498.14193409026,-23498.141934090265
168773,0,278000.0,PhD,M,6,110508,engineering,IC,0,IC,0,247728.11200962216,30271.887990377843
8812,0,74000.0,Master,F,6,171266,HR,MM,16,MM,16,81944.72139575401,-7944.721395754008
154572,1,91000.0,High_School,M,1,8182,sales,IC,0,IC,0,182145.5554433057,-91145.5554433057
150863,0,63000.0,Bachelor,M,4,48730,marketing,IC,0,IC,0,192298.8865953424,-129298.8865953424
74783,1,383000.0,PhD,M,3,16785,engineering,IC,0,IC,0,246707.47890110445,136292.52109889555
33704,1,185000.0,High_School,M,4,182038,sales,IC,0,IC,0,195764.89920874953,-10764.899208749528
1961,0,169000.0,High_School,M,4,68821,engineering,IC,0,IC,0,250920.8991168643,-81920.89911686431
88176,0,131000.0,Bachelor,M,7,73663,marketing,IC,0,IC,0,193088.13778393113,-62088.13778393113
5060,0,348000.0,High_School,F,4,157931,engineering,IC,0,IC,0,241138.99966121474,106861.00033878526
118344,1,276000.0,PhD,F,2,162518,sales,IC,0,IC,0,186910.43460369,89089.56539631
169623,1,258000.0,High_School,M,1,158609,sales,IC,0,IC,0,182145.5554433057,75854.4445566943
167326,1,124000.0,High_School,M,3,124186,marketing,IC,0,IC,0,191326.7881611632,-67326.78816116319
174632,0,283000.0,PhD,F,5,59705,sales,IC,0,IC,0,201521.88967796802,81478.11032203198
142963,0,157000.0,Master,M,3,87707,sales,IC,0,IC,0,195369.80999597523,-38369.80999597523
150194,0,301000.0,PhD,F,10,132307,engineering,MM,9,MM,9,277664.76505402697,23335.234945973032
153418,1,90000.0,PhD,M,1,67151,engineering,IC,0,IC,0,238639.5918970931,-148639.5918970931
29661,0,157000.0,PhD,M,3,191495,sales,IC,0,IC,0,197202.7515403313,-40202.75154033129
50445,0,227000.0,Bachelor,M,2,8856,marketing,IC,0,IC,0,196739.27564649528,30260.724353504716
129098,1,137000.0,Bachelor,M,3,190065,marketing,IC,0,IC,0,188192.39140789176,-51192.39140789176
125960,0,239000.0,PhD,M,2,130449,sales,IC,0,IC,0,201356.5442201449,37643.45577985511
30712,0,79000.0,Bachelor,M,3,60489,marketing,IC,0,IC,0,195837.03111956886,-116837.03111956886
70688,0,70000.0,Master,F,3,194904,HR,IC,0,IC,0,83947.66681572703,-13947.666815727032
34980,0,105000.0,Master,M,2,127769,engineering,IC,0,IC,0,225404.836709512,-120404.83670951199
23338,0,162000.0,PhD,M,3,176415,engineering,IC,0,IC,0,244594.82101961187,-82594.82101961187
50408,0,288000.0,Master,M,2,152960,sales,IC,0,IC,0,196044.60399481485,91955.39600518515
156614,0,202000.0,High_School,M,9,95522,marketing,IC,0,IC,0,162845.66874258043,39154.33125741957
8473,0,60000.0,Bachelor,M,23,26053,HR,IC,0,D,0,91356.34146341463,-31356.341463414632
117545,0,292000.0,PhD,M,7,67151,engineering,IC,0,IC,0,243957.16219824034,48042.837801759655
76270,1,274000.0,Master,F,2,191485,sales,IC,0,IC,0,198517.56692485747,75482.43307514253
64895,1,209000.0,Bachelor,F,2,109254,sales,IC,0,IC,0,192222.09002881806,16777.909971181944
195882,0,79000.0,Bachelor,F,2,47260,HR,IC,0,IC,0,86599.55002878579,-7599.550028785787
112440,0,62000.0,High_School,M,5,112245,sales,IC,0,IC,0,190414.06772590298,-128414.06772590298
148916,0,207000.0,PhD,F,4,45803,sales,IC,0,IC,0,200837.55383701346,6162.44616298654
142156,0,106000.0,Bachelor,M,5,98419,marketing,IC,0,IC,0,192321.90017747923,-86321.90017747923
46407,1,129000.0,PhD,F,4,162196,engineering,IC,0,IC,0,230933.5124355746,-101933.51243557461
123717,0,234000.0,Bachelor,F,2,119991,engineering,IC,0,IC,0,241425.92290671106,-7425.922906711057
116022,1,377000.0,Master,F,2,94507,engineering,IC,0,IC,0,253356.57931868994,123643.42068131006
187192,1,286000.0,PhD,M,1,57938,engineering,IC,0,IC,0,238639.5918970931,47360.40810290689
195057,0,139000.0,Master,F,3,190060,sales,IC,0,IC,0,191260.8810195265,-52260.88101952651
23183,0,270000.0,PhD,M,1,89523,sales,IC,0,IC,0,198908.11730505654,71091.88269494346
185390,1,238000.0,PhD,M,2,194078,marketing,IC,0,IC,0,180493.22465190728,57506.77534809272
115349,1,146000.0,PhD,M,5,41945,sales,MM,5,MM,5,184334.85953686867,-38334.859536868666
69728,0,283000.0,Master,M,14,51535,engineering,VP,520,VP,520,272374.36863711005,10625.631362889952
103220,0,366000.0,High_School,M,2,109254,sales,IC,0,IC,0,195986.4498613001,170013.5501386999
95334,1,83000.0,PhD,F,5,75705,HR,IC,0,IC,0,85720.3461868439,-2720.3461868439044
45381,0,125000.0,Master,M,3,198403,sales,IC,0,IC,0,195369.80999597523,-70369.80999597523
126058,0,79000.0,PhD,M,1,32405,HR,IC,0,IC,0,77565.84484314994,1434.1551568500581
143357,0,89000.0,PhD,F,4,47748,HR,IC,0,IC,0,82462.33964853613,6537.66035146387
152960,0,264000.0,High_School,F,7,157492,sales,MM,9,MM,9,238145.51108489133,25854.488915108668
148225,0,222000.0,Master,M,1,122197,engineering,IC,0,IC,0,253167.61103592915,-31167.61103592915
197898,1,190000.0,PhD,M,2,77670,sales,IC,0,IC,0,191180.20114872733,-1180.2011487273267
153821,0,70000.0,Master,F,2,107694,HR,IC,0,IC,0,82960.55864883834,-12960.558648838341
28478,0,90000.0,Master,F,3,47260,HR,IC,0,IC,0,83947.66681572703,6052.333184272968
86648,0,149000.0,PhD,M,4,165442,sales,IC,0,IC,0,194705.84234154952,-45705.84234154952
27326,0,109000.0,PhD,M,2,54315,sales,IC,0,IC,0,201356.5442201449,-92356.54422014489
169253,0,155000.0,Bachelor,F,2,157966,marketing,IC,0,IC,0,195854.82935350726,-40854.82935350726
113281,0,196000.0,High_School,M,1,167921,engineering,IC,0,IC,0,231847.76096461926,-35847.76096461926
36525,0,70000.0,Master,M,1,53826,HR,IC,0,IC,0,77429.4837578407,-7429.483757840702
174687,1,221000.0,PhD,M,3,95609,sales,IC,0,IC,0,182782.6484747099,38217.35152529011
21212,1,141000.0,Master,F,2,126368,sales,IC,0,IC,0,198517.56692485747,-57517.56692485747
153747,0,72000.0,Bachelor,F,5,11507,HR,IC,0,IC,0,85695.75736501839,-13695.757365018391
181886,0,136000.0,Bachelor,M,4,181201,sales,MM,11,MM,11,191095.27730123722,-55095.27730123722
1222,0,213000.0,High_School,M,5,171499,engineering,IC,0,IC,0,243781.76916131607,-30781.76916131607
112701,1,161000.0,PhD,F,5,177772,marketing,IC,0,IC,0,210195.70974031196,-49195.709740311955
48344,1,296000.0,High_School,F,3,1651,engineering,IC,0,IC,0,268785.44577182253,27214.55422817747
194072,0,200000.0,Bachelor,M,1,75242,engineering,IC,0,IC,0,253447.42674818967,-53447.42674818967
85046,0,60000.0,PhD,F,4,130135,HR,IC,0,IC,0,82462.33964853613,-22462.33964853613
153838,1,278000.0,PhD,F,5,21470,marketing,IC,0,IC,0,210195.70974031196,67804.29025968804
1020,0,388000.0,Master,M,4,159098,engineering,IC,0,IC,0,241830.84919374806,146169.15080625194
36968,1,102000.0,PhD,F,1,130135,HR,IC,0,IC,0,93873.13203734726,8126.867962652745
70906,0,70000.0,Bachelor,F,5,29508,HR,IC,0,IC,0,85695.75736501839,-15695.757365018391
157609,0,171000.0,High_School,F,2,142685,sales,IC,0,IC,0,189874.31344501488,-18874.31344501488
14443,0,309000.0,Bachelor,F,5,145710,engineering,IC,0,IC,0,263857.73149032274,45142.26850967726
166089,0,139000.0,PhD,M,1,53390,sales,IC,0,IC,0,198908.11730505654,-59908.11730505654
139631,0,164000.0,Bachelor,M,3,8182,sales,IC,0,IC,0,194528.5959929,-30528.595992899995
53559,0,154000.0,Master,M,4,68821,engineering,IC,0,IC,0,241830.84919374806,-87830.84919374806
83542,1,154000.0,PhD,F,5,48690,sales,IC,0,IC,0,201105.53032258726,-47105.53032258726
155603,0,142000.0,PhD,M,5,37220,engineering,IC,0,IC,0,243058.35787352896,-101058.35787352896
148989,0,193000.0,High_School,F,8,127623,engineering,IC,0,IC,0,200642.21980047913,-7642.219800479128
30332,0,60000.0,Master,M,2,119231,HR,IC,0,IC,0,75830.80845334244,-15830.80845334244
161048,1,144000.0,PhD,M,3,134982,sales,IC,0,IC,0,182782.6484747099,-38782.64847470989
121612,0,159000.0,PhD,F,3,132026,marketing,IC,0,IC,0,211839.30129742634,-52839.30129742634
143447,0,186000.0,Master,M,2,54997,sales,IC,0,IC,0,196044.60399481485,-10044.603994814854
181733,0,86000.0,Master,F,4,169833,HR,IC,0,IC,0,79232.74241669648,6767.257583303523
40371,0,225000.0,PhD,F,2,115591,sales,IC,0,IC,0,202419.4707253329,22580.52927466709
129471,0,120000.0,High_School,M,4,113578,marketing,IC,0,IC,0,195051.7370391725,-75051.7370391725
144003,0,111000.0,Bachelor,F,4,197896,HR,IC,0,IC,0,86004.53677464435,24995.46322535565
97535,0,245000.0,Bachelor,F,2,148236,sales,IC,0,IC,0,190325.4138625573,54674.586137442704
46589,1,154000.0,PhD,M,1,189038,engineering,IC,0,IC,0,238639.5918970931,-84639.59189709311
75461,0,160000.0,Bachelor,M,3,98931,marketing,IC,0,IC,0,195837.03111956886,-35837.031119568856
46894,0,146000.0,Bachelor,M,3,56316,sales,IC,0,IC,0,194528.5959929,-48528.595992899995
63976,1,60000.0,Master,F,3,96664,marketing,IC,0,IC,0,173192.14355952016,-113192.14355952016
23065,0,321000.0,PhD,F,6,171940,marketing,IC,0,IC,0,205528.0855651748,115471.91443482519
50300,0,221000.0,High_School,M,5,166729,marketing,IC,0,IC,0,190498.8311588766,30501.168841123406
151256,0,195000.0,PhD,F,2,43602,engineering,IC,0,IC,0,245586.57159200107,-50586.57159200107
69217,0,326000.0,Master,M,2,69345,sales,IC,0,IC,0,196044.60399481485,129955.39600518515
179398,0,377000.0,High_School,F,3,79807,engineering,IC,0,IC,0,253399.05649762868,123600.94350237132
60407,0,233000.0,Bachelor,M,2,42096,sales,IC,0,IC,0,196776.30656462905,36223.69343537095
125076,0,78000.0,Bachelor,M,2,169833,HR,IC,0,IC,0,83618.18616664072,-5618.18616664072
190748,0,172000.0,Master,F,2,102815,sales,IC,0,IC,0,192912.71319514548,-20912.71319514548
44998,0,109000.0,PhD,M,1,26505,marketing,IC,0,IC,0,195577.15476246577,-86577.15476246577
37880,0,204000.0,Master,M,1,109254,sales,IC,0,IC,0,198051.2011472294,5948.798852770589
196871,0,281000.0,Bachelor,F,3,8711,marketing,IC,0,IC,0,193135.262713467,87864.737286533
130153,0,70000.0,Master,M,2,102712,sales,IC,0,IC,0,196044.60399481485,-126044.60399481485
120878,0,316000.0,Bachelor,F,1,69463,marketing,IC,0,IC,0,216750.62192916207,99249.37807083793
145823,1,320000.0,High_School,M,2,167921,engineering,IC,0,IC,0,231965.8322813009,88034.16771869909
164439,0,175000.0,PhD,M,3,191391,marketing,MM,9,MM,9,195544.39229946438,-20544.39229946438
160214,0,365000.0,Bachelor,F,7,78516,sales,IC,0,IC,0,202931.0713209912,162068.9286790088
11915,0,62000.0,High_School,M,6,742,HR,IC,0,IC,0,77257.7937290835,-15257.793729083496
21378,0,329000.0,Master,F,9,1808,engineering,IC,0,IC,0,298620.20935538865,30379.79064461135
18831,0,257000.0,High_School,M,1,156010,engineering,IC,0,IC,0,231847.76096461926,25152.239035380742
168218,0,211000.0,High_School,M,2,71115,engineering,IC,0,IC,0,226878.35789292358,-15878.357892923581
82736,0,314000.0,Bachelor,M,3,101819,engineering,IC,0,IC,0,244492.12806626968,69507.87193373032
105999,0,276000.0,High_School,F,2,113245,sales,IC,0,IC,0,189874.31344501488,86125.68655498512
1114,0,163000.0,PhD,F,5,168342,engineering,IC,0,IC,0,253630.17097182493,-90630.17097182493
187492,0,279000.0,Master,F,4,1050,engineering,IC,0,IC,0,241976.73593625068,37023.26406374932
63436,0,217000.0,PhD,M,2,92210,sales,IC,0,IC,0,201356.5442201449,15643.45577985511
131640,1,281000.0,Master,F,1,81490,sales,IC,0,IC,0,162567.59691448012,118432.40308551988
51788,1,305000.0,High_School,M,4,172250,marketing,IC,0,IC,0,183760.25765752327,121239.74234247673
185516,0,271000.0,PhD,M,4,82657,sales,IC,0,IC,0,194705.84234154952,76294.15765845048
196368,0,246000.0,PhD,M,1,93223,engineering,IC,0,IC,0,245381.45541854406,618.5445814559353
153261,0,64000.0,Bachelor,M,1,742,HR,IC,0,IC,0,85222.58767315086,-21222.58767315086
89806,0,84000.0,Master,F,1,5889,HR,IC,0,IC,0,82364.56846565497,1635.431534345029
85324,0,314000.0,Bachelor,M,2,168905,engineering,IC,0,IC,0,238810.46474319053,75189.53525680947
27766,0,133000.0,Bachelor,M,4,129000,marketing,IC,0,IC,0,192298.8865953424,-59298.886595342396
123169,0,80000.0,Bachelor,M,4,193818,HR,IC,0,IC,0,85853.00043622433,-5853.000436224334
24968,1,74000.0,Master,M,2,191495,sales,IC,0,IC,0,195747.7721196565,-121747.7721196565
20323,0,175000.0,High_School,M,2,134658,sales,IC,0,IC,0,195986.4498613001,-20986.44986130009
129410,0,309000.0,High_School,M,13,3917,sales,MM,14,MM,14,167628.59884272833,141371.40115727167
59749,0,60000.0,Master,M,3,33665,HR,IC,0,IC,0,81611.19715433878,-21611.197154338777
177978,0,213000.0,Master,M,4,198814,marketing,IC,0,IC,0,194518.27840682067,18481.721593179333
186728,0,267000.0,Master,F,2,94030,sales,IC,0,IC,0,192912.71319514548,74087.28680485452
185824,0,120000.0,PhD,F,9,5374,sales,IC,0,IC,0,154161.7058918292,-34161.70589182919
166912,0,280000.0,PhD,M,4,24979,marketing,IC,0,IC,0,210382.93359964158,69617.06640035842
99363,0,75000.0,Bachelor,F,4,132192,HR,IC,0,IC,0,86004.53677464435,-11004.536774644352
11177,0,74000.0,Master,F,1,52923,sales,IC,0,IC,0,177865.95495298997,-103865.95495298997
5104,0,93000.0,High_School,M,4,119231,HR,IC,0,IC,0,87030.10157120656,5969.898428793444
168722,0,294000.0,High_School,M,7,19524,marketing,IC,0,IC,0,194858.95220885216,99141.04779114784
74324,0,257000.0,Master,F,7,121527,marketing,IC,0,IC,0,187756.81951955231,69243.18048044769
14567,0,382000.0,Master,M,5,114572,marketing,IC,0,IC,0,192239.89997562923,189760.10002437077
151092,0,195000.0,Bachelor,F,4,79934,engineering,IC,0,IC,0,249423.6982508049,-54423.69825080491
156473,0,265000.0,Master,M,5,149970,marketing,IC,0,IC,0,192239.89997562923,72760.10002437077
95883,0,202000.0,PhD,M,5,154292,engineering,IC,0,IC,0,243058.35787352896,-41058.35787352896
155674,0,165000.0,High_School,F,3,65126,marketing,IC,0,IC,0,188217.89882621306,-23217.89882621306
26073,0,98000.0,Master,M,3,142630,HR,IC,0,IC,0,81611.19715433878,16388.802845661223
174604,0,93000.0,PhD,F,1,128966,sales,IC,0,IC,0,184864.59303542023,-91864.59303542023
55261,0,307000.0,Bachelor,M,4,81111,engineering,IC,0,IC,0,245313.12529643642,61686.874703563575
84604,0,302000.0,PhD,M,6,83032,marketing,IC,0,IC,0,199498.14193409026,102501.85806590974
193115,1,132000.0,Bachelor,M,4,8663,sales,IC,0,IC,0,200945.03521904073,-68945.03521904073
14249,0,77000.0,PhD,M,4,121527,marketing,IC,0,IC,0,210382.93359964158,-133382.93359964158
72227,0,178000.0,Master,M,1,193518,sales,IC,0,IC,0,198051.2011472294,-20051.20114722941
